# HexGodOfStories authored geometry (tools/generate_blades.py): item-model units, grip at origin, blade toward +Y.
v -0.026000 0.095000 0.000000
v -0.015080 0.095000 0.009500
v -0.014819 0.142750 0.009308
v -0.025550 0.142750 0.000000
v -0.015080 0.095000 0.009500
v 0.015080 0.095000 0.009500
v 0.014819 0.142750 0.009308
v -0.014819 0.142750 0.009308
v 0.015080 0.095000 0.009500
v 0.026000 0.095000 0.000000
v 0.025550 0.142750 0.000000
v 0.014819 0.142750 0.009308
v 0.026000 0.095000 0.000000
v 0.015080 0.095000 -0.009500
v 0.014819 0.142750 -0.009308
v 0.025550 0.142750 0.000000
v 0.015080 0.095000 -0.009500
v -0.015080 0.095000 -0.009500
v -0.014819 0.142750 -0.009308
v 0.014819 0.142750 -0.009308
v -0.015080 0.095000 -0.009500
v -0.026000 0.095000 0.000000
v -0.025550 0.142750 0.000000
v -0.014819 0.142750 -0.009308
v -0.025550 0.142750 0.000000
v -0.014819 0.142750 0.009308
v -0.014558 0.190500 0.009058
v -0.025100 0.190500 0.000000
v -0.014819 0.142750 0.009308
v 0.014819 0.142750 0.009308
v 0.014558 0.190500 0.009058
v -0.014558 0.190500 0.009058
v 0.014819 0.142750 0.009308
v 0.025550 0.142750 0.000000
v 0.025100 0.190500 0.000000
v 0.014558 0.190500 0.009058
v 0.025550 0.142750 0.000000
v 0.014819 0.142750 -0.009308
v 0.014558 0.190500 -0.009058
v 0.025100 0.190500 0.000000
v 0.014819 0.142750 -0.009308
v -0.014819 0.142750 -0.009308
v -0.014558 0.190500 -0.009058
v 0.014558 0.190500 -0.009058
v -0.014819 0.142750 -0.009308
v -0.025550 0.142750 0.000000
v -0.025100 0.190500 0.000000
v -0.014558 0.190500 -0.009058
v -0.025100 0.190500 0.000000
v -0.014558 0.190500 0.009058
v -0.014297 0.238250 0.008782
v -0.024650 0.238250 0.000000
v -0.014558 0.190500 0.009058
v 0.014558 0.190500 0.009058
v 0.014297 0.238250 0.008782
v -0.014297 0.238250 0.008782
v 0.014558 0.190500 0.009058
v 0.025100 0.190500 0.000000
v 0.024650 0.238250 0.000000
v 0.014297 0.238250 0.008782
v 0.025100 0.190500 0.000000
v 0.014558 0.190500 -0.009058
v 0.014297 0.238250 -0.008782
v 0.024650 0.238250 0.000000
v 0.014558 0.190500 -0.009058
v -0.014558 0.190500 -0.009058
v -0.014297 0.238250 -0.008782
v 0.014297 0.238250 -0.008782
v -0.014558 0.190500 -0.009058
v -0.025100 0.190500 0.000000
v -0.024650 0.238250 0.000000
v -0.014297 0.238250 -0.008782
v -0.024650 0.238250 0.000000
v -0.014297 0.238250 0.008782
v -0.014036 0.286000 0.008485
v -0.024200 0.286000 0.000000
v -0.014297 0.238250 0.008782
v 0.014297 0.238250 0.008782
v 0.014036 0.286000 0.008485
v -0.014036 0.286000 0.008485
v 0.014297 0.238250 0.008782
v 0.024650 0.238250 0.000000
v 0.024200 0.286000 0.000000
v 0.014036 0.286000 0.008485
v 0.024650 0.238250 0.000000
v 0.014297 0.238250 -0.008782
v 0.014036 0.286000 -0.008485
v 0.024200 0.286000 0.000000
v 0.014297 0.238250 -0.008782
v -0.014297 0.238250 -0.008782
v -0.014036 0.286000 -0.008485
v 0.014036 0.286000 -0.008485
v -0.014297 0.238250 -0.008782
v -0.024650 0.238250 0.000000
v -0.024200 0.286000 0.000000
v -0.014036 0.286000 -0.008485
v -0.024200 0.286000 0.000000
v -0.014036 0.286000 0.008485
v -0.013775 0.333750 0.008174
v -0.023750 0.333750 0.000000
v -0.014036 0.286000 0.008485
v 0.014036 0.286000 0.008485
v 0.013775 0.333750 0.008174
v -0.013775 0.333750 0.008174
v 0.014036 0.286000 0.008485
v 0.024200 0.286000 0.000000
v 0.023750 0.333750 0.000000
v 0.013775 0.333750 0.008174
v 0.024200 0.286000 0.000000
v 0.014036 0.286000 -0.008485
v 0.013775 0.333750 -0.008174
v 0.023750 0.333750 0.000000
v 0.014036 0.286000 -0.008485
v -0.014036 0.286000 -0.008485
v -0.013775 0.333750 -0.008174
v 0.013775 0.333750 -0.008174
v -0.014036 0.286000 -0.008485
v -0.024200 0.286000 0.000000
v -0.023750 0.333750 0.000000
v -0.013775 0.333750 -0.008174
v -0.023750 0.333750 0.000000
v -0.013775 0.333750 0.008174
v -0.013514 0.381500 0.007849
v -0.023300 0.381500 0.000000
v -0.013775 0.333750 0.008174
v 0.013775 0.333750 0.008174
v 0.013514 0.381500 0.007849
v -0.013514 0.381500 0.007849
v 0.013775 0.333750 0.008174
v 0.023750 0.333750 0.000000
v 0.023300 0.381500 0.000000
v 0.013514 0.381500 0.007849
v 0.023750 0.333750 0.000000
v 0.013775 0.333750 -0.008174
v 0.013514 0.381500 -0.007849
v 0.023300 0.381500 0.000000
v 0.013775 0.333750 -0.008174
v -0.013775 0.333750 -0.008174
v -0.013514 0.381500 -0.007849
v 0.013514 0.381500 -0.007849
v -0.013775 0.333750 -0.008174
v -0.023750 0.333750 0.000000
v -0.023300 0.381500 0.000000
v -0.013514 0.381500 -0.007849
v -0.023300 0.381500 0.000000
v -0.013514 0.381500 0.007849
v -0.013253 0.429250 0.007514
v -0.022850 0.429250 0.000000
v -0.013514 0.381500 0.007849
v 0.013514 0.381500 0.007849
v 0.013253 0.429250 0.007514
v -0.013253 0.429250 0.007514
v 0.013514 0.381500 0.007849
v 0.023300 0.381500 0.000000
v 0.022850 0.429250 0.000000
v 0.013253 0.429250 0.007514
v 0.023300 0.381500 0.000000
v 0.013514 0.381500 -0.007849
v 0.013253 0.429250 -0.007514
v 0.022850 0.429250 0.000000
v 0.013514 0.381500 -0.007849
v -0.013514 0.381500 -0.007849
v -0.013253 0.429250 -0.007514
v 0.013253 0.429250 -0.007514
v -0.013514 0.381500 -0.007849
v -0.023300 0.381500 0.000000
v -0.022850 0.429250 0.000000
v -0.013253 0.429250 -0.007514
v -0.022850 0.429250 0.000000
v -0.013253 0.429250 0.007514
v -0.012992 0.477000 0.007169
v -0.022400 0.477000 0.000000
v -0.013253 0.429250 0.007514
v 0.013253 0.429250 0.007514
v 0.012992 0.477000 0.007169
v -0.012992 0.477000 0.007169
v 0.013253 0.429250 0.007514
v 0.022850 0.429250 0.000000
v 0.022400 0.477000 0.000000
v 0.012992 0.477000 0.007169
v 0.022850 0.429250 0.000000
v 0.013253 0.429250 -0.007514
v 0.012992 0.477000 -0.007169
v 0.022400 0.477000 0.000000
v 0.013253 0.429250 -0.007514
v -0.013253 0.429250 -0.007514
v -0.012992 0.477000 -0.007169
v 0.012992 0.477000 -0.007169
v -0.013253 0.429250 -0.007514
v -0.022850 0.429250 0.000000
v -0.022400 0.477000 0.000000
v -0.012992 0.477000 -0.007169
v -0.022400 0.477000 0.000000
v -0.012992 0.477000 0.007169
v -0.012731 0.524750 0.006815
v -0.021950 0.524750 0.000000
v -0.012992 0.477000 0.007169
v 0.012992 0.477000 0.007169
v 0.012731 0.524750 0.006815
v -0.012731 0.524750 0.006815
v 0.012992 0.477000 0.007169
v 0.022400 0.477000 0.000000
v 0.021950 0.524750 0.000000
v 0.012731 0.524750 0.006815
v 0.022400 0.477000 0.000000
v 0.012992 0.477000 -0.007169
v 0.012731 0.524750 -0.006815
v 0.021950 0.524750 0.000000
v 0.012992 0.477000 -0.007169
v -0.012992 0.477000 -0.007169
v -0.012731 0.524750 -0.006815
v 0.012731 0.524750 -0.006815
v -0.012992 0.477000 -0.007169
v -0.022400 0.477000 0.000000
v -0.021950 0.524750 0.000000
v -0.012731 0.524750 -0.006815
v -0.021950 0.524750 0.000000
v -0.012731 0.524750 0.006815
v -0.012470 0.572500 0.006453
v -0.021500 0.572500 0.000000
v -0.012731 0.524750 0.006815
v 0.012731 0.524750 0.006815
v 0.012470 0.572500 0.006453
v -0.012470 0.572500 0.006453
v 0.012731 0.524750 0.006815
v 0.021950 0.524750 0.000000
v 0.021500 0.572500 0.000000
v 0.012470 0.572500 0.006453
v 0.021950 0.524750 0.000000
v 0.012731 0.524750 -0.006815
v 0.012470 0.572500 -0.006453
v 0.021500 0.572500 0.000000
v 0.012731 0.524750 -0.006815
v -0.012731 0.524750 -0.006815
v -0.012470 0.572500 -0.006453
v 0.012470 0.572500 -0.006453
v -0.012731 0.524750 -0.006815
v -0.021950 0.524750 0.000000
v -0.021500 0.572500 0.000000
v -0.012470 0.572500 -0.006453
v -0.021500 0.572500 0.000000
v -0.012470 0.572500 0.006453
v -0.012209 0.620250 0.006084
v -0.021050 0.620250 0.000000
v -0.012470 0.572500 0.006453
v 0.012470 0.572500 0.006453
v 0.012209 0.620250 0.006084
v -0.012209 0.620250 0.006084
v 0.012470 0.572500 0.006453
v 0.021500 0.572500 0.000000
v 0.021050 0.620250 0.000000
v 0.012209 0.620250 0.006084
v 0.021500 0.572500 0.000000
v 0.012470 0.572500 -0.006453
v 0.012209 0.620250 -0.006084
v 0.021050 0.620250 0.000000
v 0.012470 0.572500 -0.006453
v -0.012470 0.572500 -0.006453
v -0.012209 0.620250 -0.006084
v 0.012209 0.620250 -0.006084
v -0.012470 0.572500 -0.006453
v -0.021500 0.572500 0.000000
v -0.021050 0.620250 0.000000
v -0.012209 0.620250 -0.006084
v -0.021050 0.620250 0.000000
v -0.012209 0.620250 0.006084
v -0.011948 0.668000 0.005708
v -0.020600 0.668000 0.000000
v -0.012209 0.620250 0.006084
v 0.012209 0.620250 0.006084
v 0.011948 0.668000 0.005708
v -0.011948 0.668000 0.005708
v 0.012209 0.620250 0.006084
v 0.021050 0.620250 0.000000
v 0.020600 0.668000 0.000000
v 0.011948 0.668000 0.005708
v 0.021050 0.620250 0.000000
v 0.012209 0.620250 -0.006084
v 0.011948 0.668000 -0.005708
v 0.020600 0.668000 0.000000
v 0.012209 0.620250 -0.006084
v -0.012209 0.620250 -0.006084
v -0.011948 0.668000 -0.005708
v 0.011948 0.668000 -0.005708
v -0.012209 0.620250 -0.006084
v -0.021050 0.620250 0.000000
v -0.020600 0.668000 0.000000
v -0.011948 0.668000 -0.005708
v -0.020600 0.668000 0.000000
v -0.011948 0.668000 0.005708
v -0.011687 0.715750 0.005326
v -0.020150 0.715750 0.000000
v -0.011948 0.668000 0.005708
v 0.011948 0.668000 0.005708
v 0.011687 0.715750 0.005326
v -0.011687 0.715750 0.005326
v 0.011948 0.668000 0.005708
v 0.020600 0.668000 0.000000
v 0.020150 0.715750 0.000000
v 0.011687 0.715750 0.005326
v 0.020600 0.668000 0.000000
v 0.011948 0.668000 -0.005708
v 0.011687 0.715750 -0.005326
v 0.020150 0.715750 0.000000
v 0.011948 0.668000 -0.005708
v -0.011948 0.668000 -0.005708
v -0.011687 0.715750 -0.005326
v 0.011687 0.715750 -0.005326
v -0.011948 0.668000 -0.005708
v -0.020600 0.668000 0.000000
v -0.020150 0.715750 0.000000
v -0.011687 0.715750 -0.005326
v -0.020150 0.715750 0.000000
v -0.011687 0.715750 0.005326
v -0.011426 0.763500 0.004937
v -0.019700 0.763500 0.000000
v -0.011687 0.715750 0.005326
v 0.011687 0.715750 0.005326
v 0.011426 0.763500 0.004937
v -0.011426 0.763500 0.004937
v 0.011687 0.715750 0.005326
v 0.020150 0.715750 0.000000
v 0.019700 0.763500 0.000000
v 0.011426 0.763500 0.004937
v 0.020150 0.715750 0.000000
v 0.011687 0.715750 -0.005326
v 0.011426 0.763500 -0.004937
v 0.019700 0.763500 0.000000
v 0.011687 0.715750 -0.005326
v -0.011687 0.715750 -0.005326
v -0.011426 0.763500 -0.004937
v 0.011426 0.763500 -0.004937
v -0.011687 0.715750 -0.005326
v -0.020150 0.715750 0.000000
v -0.019700 0.763500 0.000000
v -0.011426 0.763500 -0.004937
v -0.019700 0.763500 0.000000
v -0.011426 0.763500 0.004937
v -0.011165 0.811250 0.004544
v -0.019250 0.811250 0.000000
v -0.011426 0.763500 0.004937
v 0.011426 0.763500 0.004937
v 0.011165 0.811250 0.004544
v -0.011165 0.811250 0.004544
v 0.011426 0.763500 0.004937
v 0.019700 0.763500 0.000000
v 0.019250 0.811250 0.000000
v 0.011165 0.811250 0.004544
v 0.019700 0.763500 0.000000
v 0.011426 0.763500 -0.004937
v 0.011165 0.811250 -0.004544
v 0.019250 0.811250 0.000000
v 0.011426 0.763500 -0.004937
v -0.011426 0.763500 -0.004937
v -0.011165 0.811250 -0.004544
v 0.011165 0.811250 -0.004544
v -0.011426 0.763500 -0.004937
v -0.019700 0.763500 0.000000
v -0.019250 0.811250 0.000000
v -0.011165 0.811250 -0.004544
v -0.019250 0.811250 0.000000
v -0.011165 0.811250 0.004544
v -0.010904 0.859000 0.004144
v -0.018800 0.859000 0.000000
v -0.011165 0.811250 0.004544
v 0.011165 0.811250 0.004544
v 0.010904 0.859000 0.004144
v -0.010904 0.859000 0.004144
v 0.011165 0.811250 0.004544
v 0.019250 0.811250 0.000000
v 0.018800 0.859000 0.000000
v 0.010904 0.859000 0.004144
v 0.019250 0.811250 0.000000
v 0.011165 0.811250 -0.004544
v 0.010904 0.859000 -0.004144
v 0.018800 0.859000 0.000000
v 0.011165 0.811250 -0.004544
v -0.011165 0.811250 -0.004544
v -0.010904 0.859000 -0.004144
v 0.010904 0.859000 -0.004144
v -0.011165 0.811250 -0.004544
v -0.019250 0.811250 0.000000
v -0.018800 0.859000 0.000000
v -0.010904 0.859000 -0.004144
v -0.018800 0.859000 0.000000
v -0.010904 0.859000 0.004144
v -0.010643 0.906750 0.003740
v -0.018350 0.906750 0.000000
v -0.010904 0.859000 0.004144
v 0.010904 0.859000 0.004144
v 0.010643 0.906750 0.003740
v -0.010643 0.906750 0.003740
v 0.010904 0.859000 0.004144
v 0.018800 0.859000 0.000000
v 0.018350 0.906750 0.000000
v 0.010643 0.906750 0.003740
v 0.018800 0.859000 0.000000
v 0.010904 0.859000 -0.004144
v 0.010643 0.906750 -0.003740
v 0.018350 0.906750 0.000000
v 0.010904 0.859000 -0.004144
v -0.010904 0.859000 -0.004144
v -0.010643 0.906750 -0.003740
v 0.010643 0.906750 -0.003740
v -0.010904 0.859000 -0.004144
v -0.018800 0.859000 0.000000
v -0.018350 0.906750 0.000000
v -0.010643 0.906750 -0.003740
v -0.018350 0.906750 0.000000
v -0.010643 0.906750 0.003740
v -0.006071 0.954500 0.003331
v -0.010467 0.954500 0.000000
v -0.010643 0.906750 0.003740
v 0.010643 0.906750 0.003740
v 0.006071 0.954500 0.003331
v -0.006071 0.954500 0.003331
v 0.010643 0.906750 0.003740
v 0.018350 0.906750 0.000000
v 0.010467 0.954500 0.000000
v 0.006071 0.954500 0.003331
v 0.018350 0.906750 0.000000
v 0.010643 0.906750 -0.003740
v 0.006071 0.954500 -0.003331
v 0.010467 0.954500 0.000000
v 0.010643 0.906750 -0.003740
v -0.010643 0.906750 -0.003740
v -0.006071 0.954500 -0.003331
v 0.006071 0.954500 -0.003331
v -0.010643 0.906750 -0.003740
v -0.018350 0.906750 0.000000
v -0.010467 0.954500 0.000000
v -0.006071 0.954500 -0.003331
v -0.010467 0.954500 0.000000
v -0.006071 0.954500 0.003331
v -0.003487 1.002250 0.002918
v -0.006012 1.002250 0.000000
v -0.006071 0.954500 0.003331
v 0.006071 0.954500 0.003331
v 0.003487 1.002250 0.002918
v -0.003487 1.002250 0.002918
v 0.006071 0.954500 0.003331
v 0.010467 0.954500 0.000000
v 0.006012 1.002250 0.000000
v 0.003487 1.002250 0.002918
v 0.010467 0.954500 0.000000
v 0.006071 0.954500 -0.003331
v 0.003487 1.002250 -0.002918
v 0.006012 1.002250 0.000000
v 0.006071 0.954500 -0.003331
v -0.006071 0.954500 -0.003331
v -0.003487 1.002250 -0.002918
v 0.003487 1.002250 -0.002918
v -0.006071 0.954500 -0.003331
v -0.010467 0.954500 0.000000
v -0.006012 1.002250 0.000000
v -0.003487 1.002250 -0.002918
v -0.006012 1.002250 0.000000
v -0.003487 1.002250 0.002918
v -0.000696 1.050000 0.002500
v -0.001200 1.050000 0.000000
v -0.003487 1.002250 0.002918
v 0.003487 1.002250 0.002918
v 0.000696 1.050000 0.002500
v -0.000696 1.050000 0.002500
v 0.003487 1.002250 0.002918
v 0.006012 1.002250 0.000000
v 0.001200 1.050000 0.000000
v 0.000696 1.050000 0.002500
v 0.006012 1.002250 0.000000
v 0.003487 1.002250 -0.002918
v 0.000696 1.050000 -0.002500
v 0.001200 1.050000 0.000000
v 0.003487 1.002250 -0.002918
v -0.003487 1.002250 -0.002918
v -0.000696 1.050000 -0.002500
v 0.000696 1.050000 -0.002500
v -0.003487 1.002250 -0.002918
v -0.006012 1.002250 0.000000
v -0.001200 1.050000 0.000000
v -0.000696 1.050000 -0.002500
v -0.022000 0.066000 0.000000
v -0.017600 0.066000 0.011000
v -0.015080 0.095000 0.009500
v -0.026000 0.095000 0.000000
v -0.017600 0.066000 0.011000
v 0.017600 0.066000 0.011000
v 0.015080 0.095000 0.009500
v -0.015080 0.095000 0.009500
v 0.017600 0.066000 0.011000
v 0.022000 0.066000 0.000000
v 0.026000 0.095000 0.000000
v 0.015080 0.095000 0.009500
v 0.022000 0.066000 0.000000
v 0.017600 0.066000 -0.011000
v 0.015080 0.095000 -0.009500
v 0.026000 0.095000 0.000000
v 0.017600 0.066000 -0.011000
v -0.017600 0.066000 -0.011000
v -0.015080 0.095000 -0.009500
v 0.015080 0.095000 -0.009500
v -0.017600 0.066000 -0.011000
v -0.022000 0.066000 0.000000
v -0.026000 0.095000 0.000000
v -0.015080 0.095000 -0.009500
v -0.004600 0.130000 0.010168
v 0.004600 0.130000 0.010168
v 0.004428 0.190000 0.009861
v -0.004428 0.190000 0.009861
v -0.004428 0.190000 0.009861
v 0.004428 0.190000 0.009861
v 0.004255 0.250000 0.009510
v -0.004255 0.250000 0.009510
v -0.004255 0.250000 0.009510
v 0.004255 0.250000 0.009510
v 0.004082 0.310000 0.009130
v -0.004082 0.310000 0.009130
v -0.004082 0.310000 0.009130
v 0.004082 0.310000 0.009130
v 0.003910 0.370000 0.008729
v -0.003910 0.370000 0.008729
v -0.003910 0.370000 0.008729
v 0.003910 0.370000 0.008729
v 0.003737 0.430000 0.008309
v -0.003737 0.430000 0.008309
v -0.003737 0.430000 0.008309
v 0.003737 0.430000 0.008309
v 0.003565 0.490000 0.007873
v -0.003565 0.490000 0.007873
v -0.003565 0.490000 0.007873
v 0.003565 0.490000 0.007873
v 0.003393 0.550000 0.007425
v -0.003393 0.550000 0.007425
v -0.003393 0.550000 0.007425
v 0.003393 0.550000 0.007425
v 0.003220 0.610000 0.006964
v -0.003220 0.610000 0.006964
v -0.003220 0.610000 0.006964
v 0.003220 0.610000 0.006964
v 0.003048 0.670000 0.006492
v -0.003048 0.670000 0.006492
v -0.003048 0.670000 0.006492
v 0.003048 0.670000 0.006492
v 0.002875 0.730000 0.006010
v -0.002875 0.730000 0.006010
v -0.002875 0.730000 0.006010
v 0.002875 0.730000 0.006010
v 0.002702 0.790000 0.005519
v -0.002702 0.790000 0.005519
v -0.002702 0.790000 0.005519
v 0.002702 0.790000 0.005519
v 0.002530 0.850000 0.005020
v -0.002530 0.850000 0.005020
v 0.004600 0.130000 -0.010168
v -0.004600 0.130000 -0.010168
v -0.004428 0.190000 -0.009861
v 0.004428 0.190000 -0.009861
v 0.004428 0.190000 -0.009861
v -0.004428 0.190000 -0.009861
v -0.004255 0.250000 -0.009510
v 0.004255 0.250000 -0.009510
v 0.004255 0.250000 -0.009510
v -0.004255 0.250000 -0.009510
v -0.004082 0.310000 -0.009130
v 0.004082 0.310000 -0.009130
v 0.004082 0.310000 -0.009130
v -0.004082 0.310000 -0.009130
v -0.003910 0.370000 -0.008729
v 0.003910 0.370000 -0.008729
v 0.003910 0.370000 -0.008729
v -0.003910 0.370000 -0.008729
v -0.003737 0.430000 -0.008309
v 0.003737 0.430000 -0.008309
v 0.003737 0.430000 -0.008309
v -0.003737 0.430000 -0.008309
v -0.003565 0.490000 -0.007873
v 0.003565 0.490000 -0.007873
v 0.003565 0.490000 -0.007873
v -0.003565 0.490000 -0.007873
v -0.003393 0.550000 -0.007425
v 0.003393 0.550000 -0.007425
v 0.003393 0.550000 -0.007425
v -0.003393 0.550000 -0.007425
v -0.003220 0.610000 -0.006964
v 0.003220 0.610000 -0.006964
v 0.003220 0.610000 -0.006964
v -0.003220 0.610000 -0.006964
v -0.003048 0.670000 -0.006492
v 0.003048 0.670000 -0.006492
v 0.003048 0.670000 -0.006492
v -0.003048 0.670000 -0.006492
v -0.002875 0.730000 -0.006010
v 0.002875 0.730000 -0.006010
v 0.002875 0.730000 -0.006010
v -0.002875 0.730000 -0.006010
v -0.002702 0.790000 -0.005519
v 0.002702 0.790000 -0.005519
v 0.002702 0.790000 -0.005519
v -0.002702 0.790000 -0.005519
v -0.002530 0.850000 -0.005020
v 0.002530 0.850000 -0.005020
v 0.000000 0.030000 0.006000
v 0.007524 0.030000 0.004854
v 0.022571 0.036000 0.014562
v 0.000000 0.036000 0.018000
v 0.007524 0.030000 0.004854
v 0.012174 0.030000 0.001854
v 0.036521 0.036000 0.005562
v 0.022571 0.036000 0.014562
v 0.012174 0.030000 0.001854
v 0.012174 0.030000 -0.001854
v 0.036521 0.036000 -0.005562
v 0.036521 0.036000 0.005562
v 0.012174 0.030000 -0.001854
v 0.007524 0.030000 -0.004854
v 0.022571 0.036000 -0.014562
v 0.036521 0.036000 -0.005562
v 0.007524 0.030000 -0.004854
v 0.000000 0.030000 -0.006000
v 0.000000 0.036000 -0.018000
v 0.022571 0.036000 -0.014562
v 0.000000 0.030000 -0.006000
v -0.007524 0.030000 -0.004854
v -0.022571 0.036000 -0.014562
v 0.000000 0.036000 -0.018000
v -0.007524 0.030000 -0.004854
v -0.012174 0.030000 -0.001854
v -0.036521 0.036000 -0.005562
v -0.022571 0.036000 -0.014562
v -0.012174 0.030000 -0.001854
v -0.012174 0.030000 0.001854
v -0.036521 0.036000 0.005562
v -0.036521 0.036000 -0.005562
v -0.012174 0.030000 0.001854
v -0.007524 0.030000 0.004854
v -0.022571 0.036000 0.014562
v -0.036521 0.036000 0.005562
v -0.007524 0.030000 0.004854
v 0.000000 0.030000 0.006000
v 0.000000 0.036000 0.018000
v -0.022571 0.036000 0.014562
v 0.000000 0.036000 0.018000
v 0.022571 0.036000 0.014562
v 0.024452 0.050000 0.015776
v 0.000000 0.050000 0.019500
v 0.022571 0.036000 0.014562
v 0.036521 0.036000 0.005562
v 0.039564 0.050000 0.006026
v 0.024452 0.050000 0.015776
v 0.036521 0.036000 0.005562
v 0.036521 0.036000 -0.005562
v 0.039564 0.050000 -0.006026
v 0.039564 0.050000 0.006026
v 0.036521 0.036000 -0.005562
v 0.022571 0.036000 -0.014562
v 0.024452 0.050000 -0.015776
v 0.039564 0.050000 -0.006026
v 0.022571 0.036000 -0.014562
v 0.000000 0.036000 -0.018000
v 0.000000 0.050000 -0.019500
v 0.024452 0.050000 -0.015776
v 0.000000 0.036000 -0.018000
v -0.022571 0.036000 -0.014562
v -0.024452 0.050000 -0.015776
v 0.000000 0.050000 -0.019500
v -0.022571 0.036000 -0.014562
v -0.036521 0.036000 -0.005562
v -0.039564 0.050000 -0.006026
v -0.024452 0.050000 -0.015776
v -0.036521 0.036000 -0.005562
v -0.036521 0.036000 0.005562
v -0.039564 0.050000 0.006026
v -0.039564 0.050000 -0.006026
v -0.036521 0.036000 0.005562
v -0.022571 0.036000 0.014562
v -0.024452 0.050000 0.015776
v -0.039564 0.050000 0.006026
v -0.022571 0.036000 0.014562
v 0.000000 0.036000 0.018000
v 0.000000 0.050000 0.019500
v -0.024452 0.050000 0.015776
v 0.000000 0.050000 0.019500
v 0.024452 0.050000 0.015776
v 0.018809 0.062000 0.012135
v 0.000000 0.062000 0.015000
v 0.024452 0.050000 0.015776
v 0.039564 0.050000 0.006026
v 0.030434 0.062000 0.004635
v 0.018809 0.062000 0.012135
v 0.039564 0.050000 0.006026
v 0.039564 0.050000 -0.006026
v 0.030434 0.062000 -0.004635
v 0.030434 0.062000 0.004635
v 0.039564 0.050000 -0.006026
v 0.024452 0.050000 -0.015776
v 0.018809 0.062000 -0.012135
v 0.030434 0.062000 -0.004635
v 0.024452 0.050000 -0.015776
v 0.000000 0.050000 -0.019500
v 0.000000 0.062000 -0.015000
v 0.018809 0.062000 -0.012135
v 0.000000 0.050000 -0.019500
v -0.024452 0.050000 -0.015776
v -0.018809 0.062000 -0.012135
v 0.000000 0.062000 -0.015000
v -0.024452 0.050000 -0.015776
v -0.039564 0.050000 -0.006026
v -0.030434 0.062000 -0.004635
v -0.018809 0.062000 -0.012135
v -0.039564 0.050000 -0.006026
v -0.039564 0.050000 0.006026
v -0.030434 0.062000 0.004635
v -0.030434 0.062000 -0.004635
v -0.039564 0.050000 0.006026
v -0.024452 0.050000 0.015776
v -0.018809 0.062000 0.012135
v -0.030434 0.062000 0.004635
v -0.024452 0.050000 0.015776
v 0.000000 0.050000 0.019500
v 0.000000 0.062000 0.015000
v -0.018809 0.062000 0.012135
v 0.000000 0.062000 0.015000
v 0.018809 0.062000 0.012135
v 0.009405 0.066000 0.006068
v 0.000000 0.066000 0.007500
v 0.018809 0.062000 0.012135
v 0.030434 0.062000 0.004635
v 0.015217 0.066000 0.002318
v 0.009405 0.066000 0.006068
v 0.030434 0.062000 0.004635
v 0.030434 0.062000 -0.004635
v 0.015217 0.066000 -0.002318
v 0.015217 0.066000 0.002318
v 0.030434 0.062000 -0.004635
v 0.018809 0.062000 -0.012135
v 0.009405 0.066000 -0.006068
v 0.015217 0.066000 -0.002318
v 0.018809 0.062000 -0.012135
v 0.000000 0.062000 -0.015000
v 0.000000 0.066000 -0.007500
v 0.009405 0.066000 -0.006068
v 0.000000 0.062000 -0.015000
v -0.018809 0.062000 -0.012135
v -0.009405 0.066000 -0.006068
v 0.000000 0.066000 -0.007500
v -0.018809 0.062000 -0.012135
v -0.030434 0.062000 -0.004635
v -0.015217 0.066000 -0.002318
v -0.009405 0.066000 -0.006068
v -0.030434 0.062000 -0.004635
v -0.030434 0.062000 0.004635
v -0.015217 0.066000 0.002318
v -0.015217 0.066000 -0.002318
v -0.030434 0.062000 0.004635
v -0.018809 0.062000 0.012135
v -0.009405 0.066000 0.006068
v -0.015217 0.066000 0.002318
v -0.018809 0.062000 0.012135
v 0.000000 0.062000 0.015000
v 0.000000 0.066000 0.007500
v -0.009405 0.066000 0.006068
v -0.020000 0.048000 0.014500
v -0.023326 0.057699 0.010253
v -0.033159 0.054000 0.009944
v -0.030000 0.044571 0.014063
v -0.023326 0.057699 0.010253
v -0.024704 0.061716 0.000000
v -0.034468 0.057905 0.000000
v -0.033159 0.054000 0.009944
v -0.024704 0.061716 0.000000
v -0.023326 0.057699 -0.010253
v -0.033159 0.054000 -0.009944
v -0.034468 0.057905 0.000000
v -0.023326 0.057699 -0.010253
v -0.020000 0.048000 -0.014500
v -0.030000 0.044571 -0.014063
v -0.033159 0.054000 -0.009944
v -0.020000 0.048000 -0.014500
v -0.016674 0.038301 -0.010253
v -0.026841 0.035142 -0.009944
v -0.030000 0.044571 -0.014063
v -0.016674 0.038301 -0.010253
v -0.015296 0.034284 -0.000000
v -0.025532 0.031236 -0.000000
v -0.026841 0.035142 -0.009944
v -0.015296 0.034284 -0.000000
v -0.016674 0.038301 0.010253
v -0.026841 0.035142 0.009944
v -0.025532 0.031236 -0.000000
v -0.016674 0.038301 0.010253
v -0.020000 0.048000 0.014500
v -0.030000 0.044571 0.014063
v -0.026841 0.035142 0.009944
v -0.030000 0.044571 0.014063
v -0.033159 0.054000 0.009944
v -0.042863 0.050491 0.009627
v -0.040000 0.041299 0.013615
v -0.033159 0.054000 0.009944
v -0.034468 0.057905 0.000000
v -0.044048 0.054298 0.000000
v -0.042863 0.050491 0.009627
v -0.034468 0.057905 0.000000
v -0.033159 0.054000 -0.009944
v -0.042863 0.050491 -0.009627
v -0.044048 0.054298 0.000000
v -0.033159 0.054000 -0.009944
v -0.030000 0.044571 -0.014063
v -0.040000 0.041299 -0.013615
v -0.042863 0.050491 -0.009627
v -0.030000 0.044571 -0.014063
v -0.026841 0.035142 -0.009944
v -0.037137 0.032108 -0.009627
v -0.040000 0.041299 -0.013615
v -0.026841 0.035142 -0.009944
v -0.025532 0.031236 -0.000000
v -0.035952 0.028301 -0.000000
v -0.037137 0.032108 -0.009627
v -0.025532 0.031236 -0.000000
v -0.026841 0.035142 0.009944
v -0.037137 0.032108 0.009627
v -0.035952 0.028301 -0.000000
v -0.026841 0.035142 0.009944
v -0.030000 0.044571 0.014063
v -0.040000 0.041299 0.013615
v -0.037137 0.032108 0.009627
v -0.040000 0.041299 0.013615
v -0.042863 0.050491 0.009627
v -0.052445 0.047315 0.009301
v -0.050000 0.038342 0.013153
v -0.042863 0.050491 0.009627
v -0.044048 0.054298 0.000000
v -0.053458 0.051032 0.000000
v -0.052445 0.047315 0.009301
v -0.044048 0.054298 0.000000
v -0.042863 0.050491 -0.009627
v -0.052445 0.047315 -0.009301
v -0.053458 0.051032 0.000000
v -0.042863 0.050491 -0.009627
v -0.040000 0.041299 -0.013615
v -0.050000 0.038342 -0.013153
v -0.052445 0.047315 -0.009301
v -0.040000 0.041299 -0.013615
v -0.037137 0.032108 -0.009627
v -0.047555 0.029368 -0.009301
v -0.050000 0.038342 -0.013153
v -0.037137 0.032108 -0.009627
v -0.035952 0.028301 -0.000000
v -0.046542 0.025651 -0.000000
v -0.047555 0.029368 -0.009301
v -0.035952 0.028301 -0.000000
v -0.037137 0.032108 0.009627
v -0.047555 0.029368 0.009301
v -0.046542 0.025651 -0.000000
v -0.037137 0.032108 0.009627
v -0.040000 0.041299 0.013615
v -0.050000 0.038342 0.013153
v -0.047555 0.029368 0.009301
v -0.050000 0.038342 0.013153
v -0.052445 0.047315 0.009301
v -0.061914 0.044607 0.008964
v -0.060000 0.035850 0.012677
v -0.052445 0.047315 0.009301
v -0.053458 0.051032 0.000000
v -0.062707 0.048234 0.000000
v -0.061914 0.044607 0.008964
v -0.053458 0.051032 0.000000
v -0.052445 0.047315 -0.009301
v -0.061914 0.044607 -0.008964
v -0.062707 0.048234 0.000000
v -0.052445 0.047315 -0.009301
v -0.050000 0.038342 -0.013153
v -0.060000 0.035850 -0.012677
v -0.061914 0.044607 -0.008964
v -0.050000 0.038342 -0.013153
v -0.047555 0.029368 -0.009301
v -0.058086 0.027093 -0.008964
v -0.060000 0.035850 -0.012677
v -0.047555 0.029368 -0.009301
v -0.046542 0.025651 -0.000000
v -0.057293 0.023466 -0.000000
v -0.058086 0.027093 -0.008964
v -0.046542 0.025651 -0.000000
v -0.047555 0.029368 0.009301
v -0.058086 0.027093 0.008964
v -0.057293 0.023466 -0.000000
v -0.047555 0.029368 0.009301
v -0.050000 0.038342 0.013153
v -0.060000 0.035850 0.012677
v -0.058086 0.027093 0.008964
v -0.060000 0.035850 0.012677
v -0.061914 0.044607 0.008964
v -0.071283 0.042489 0.008616
v -0.070000 0.033970 0.012185
v -0.061914 0.044607 0.008964
v -0.062707 0.048234 0.000000
v -0.071814 0.046018 0.000000
v -0.071283 0.042489 0.008616
v -0.062707 0.048234 0.000000
v -0.061914 0.044607 -0.008964
v -0.071283 0.042489 -0.008616
v -0.071814 0.046018 0.000000
v -0.061914 0.044607 -0.008964
v -0.060000 0.035850 -0.012677
v -0.070000 0.033970 -0.012185
v -0.071283 0.042489 -0.008616
v -0.060000 0.035850 -0.012677
v -0.058086 0.027093 -0.008964
v -0.068717 0.025450 -0.008616
v -0.070000 0.033970 -0.012185
v -0.058086 0.027093 -0.008964
v -0.057293 0.023466 -0.000000
v -0.068186 0.021921 -0.000000
v -0.068717 0.025450 -0.008616
v -0.057293 0.023466 -0.000000
v -0.058086 0.027093 0.008964
v -0.068717 0.025450 0.008616
v -0.068186 0.021921 -0.000000
v -0.058086 0.027093 0.008964
v -0.060000 0.035850 0.012677
v -0.070000 0.033970 0.012185
v -0.068717 0.025450 0.008616
v -0.070000 0.033970 0.012185
v -0.071283 0.042489 0.008616
v -0.080570 0.041073 0.008255
v -0.080000 0.032838 0.011674
v -0.071283 0.042489 0.008616
v -0.071814 0.046018 0.000000
v -0.080806 0.044485 0.000000
v -0.080570 0.041073 0.008255
v -0.071814 0.046018 0.000000
v -0.071283 0.042489 -0.008616
v -0.080570 0.041073 -0.008255
v -0.080806 0.044485 0.000000
v -0.071283 0.042489 -0.008616
v -0.070000 0.033970 -0.012185
v -0.080000 0.032838 -0.011674
v -0.080570 0.041073 -0.008255
v -0.070000 0.033970 -0.012185
v -0.068717 0.025450 -0.008616
v -0.079430 0.024603 -0.008255
v -0.080000 0.032838 -0.011674
v -0.068717 0.025450 -0.008616
v -0.068186 0.021921 -0.000000
v -0.079194 0.021192 -0.000000
v -0.079430 0.024603 -0.008255
v -0.068186 0.021921 -0.000000
v -0.068717 0.025450 0.008616
v -0.079430 0.024603 0.008255
v -0.079194 0.021192 -0.000000
v -0.068717 0.025450 0.008616
v -0.070000 0.033970 0.012185
v -0.080000 0.032838 0.011674
v -0.079430 0.024603 0.008255
v -0.080000 0.032838 0.011674
v -0.080570 0.041073 0.008255
v -0.089808 0.040462 0.007879
v -0.090000 0.032585 0.011143
v -0.080570 0.041073 0.008255
v -0.080806 0.044485 0.000000
v -0.089728 0.043724 0.000000
v -0.089808 0.040462 0.007879
v -0.080806 0.044485 0.000000
v -0.080570 0.041073 -0.008255
v -0.089808 0.040462 -0.007879
v -0.089728 0.043724 0.000000
v -0.080570 0.041073 -0.008255
v -0.080000 0.032838 -0.011674
v -0.090000 0.032585 -0.011143
v -0.089808 0.040462 -0.007879
v -0.080000 0.032838 -0.011674
v -0.079430 0.024603 -0.008255
v -0.090192 0.024708 -0.007879
v -0.090000 0.032585 -0.011143
v -0.079430 0.024603 -0.008255
v -0.079194 0.021192 -0.000000
v -0.090272 0.021445 -0.000000
v -0.090192 0.024708 -0.007879
v -0.079194 0.021192 -0.000000
v -0.079430 0.024603 0.008255
v -0.090192 0.024708 0.007879
v -0.090272 0.021445 -0.000000
v -0.079430 0.024603 0.008255
v -0.080000 0.032838 0.011674
v -0.090000 0.032585 0.011143
v -0.090192 0.024708 0.007879
v -0.090000 0.032585 0.011143
v -0.089808 0.040462 0.007879
v -0.099040 0.040751 0.007486
v -0.100000 0.033327 0.010587
v -0.089808 0.040462 0.007879
v -0.089728 0.043724 0.000000
v -0.098643 0.043827 0.000000
v -0.099040 0.040751 0.007486
v -0.089728 0.043724 0.000000
v -0.089808 0.040462 -0.007879
v -0.099040 0.040751 -0.007486
v -0.098643 0.043827 0.000000
v -0.089808 0.040462 -0.007879
v -0.090000 0.032585 -0.011143
v -0.100000 0.033327 -0.010587
v -0.099040 0.040751 -0.007486
v -0.090000 0.032585 -0.011143
v -0.090192 0.024708 -0.007879
v -0.100960 0.025902 -0.007486
v -0.100000 0.033327 -0.010587
v -0.090192 0.024708 -0.007879
v -0.090272 0.021445 -0.000000
v -0.101357 0.022827 -0.000000
v -0.100960 0.025902 -0.007486
v -0.090272 0.021445 -0.000000
v -0.090192 0.024708 0.007879
v -0.100960 0.025902 0.007486
v -0.101357 0.022827 -0.000000
v -0.090192 0.024708 0.007879
v -0.090000 0.032585 0.011143
v -0.100000 0.033327 0.010587
v -0.100960 0.025902 0.007486
v -0.100000 0.033327 0.010587
v -0.099040 0.040751 0.007486
v -0.108323 0.042041 0.007073
v -0.110000 0.035170 0.010003
v -0.099040 0.040751 0.007486
v -0.098643 0.043827 0.000000
v -0.107629 0.044888 0.000000
v -0.108323 0.042041 0.007073
v -0.098643 0.043827 0.000000
v -0.099040 0.040751 -0.007486
v -0.108323 0.042041 -0.007073
v -0.107629 0.044888 0.000000
v -0.099040 0.040751 -0.007486
v -0.100000 0.033327 -0.010587
v -0.110000 0.035170 -0.010003
v -0.108323 0.042041 -0.007073
v -0.100000 0.033327 -0.010587
v -0.100960 0.025902 -0.007486
v -0.111677 0.028298 -0.007073
v -0.110000 0.035170 -0.010003
v -0.100960 0.025902 -0.007486
v -0.101357 0.022827 -0.000000
v -0.112371 0.025452 -0.000000
v -0.111677 0.028298 -0.007073
v -0.101357 0.022827 -0.000000
v -0.100960 0.025902 0.007486
v -0.111677 0.028298 0.007073
v -0.112371 0.025452 -0.000000
v -0.100960 0.025902 0.007486
v -0.100000 0.033327 0.010587
v -0.110000 0.035170 0.010003
v -0.111677 0.028298 0.007073
v -0.110000 0.035170 0.010003
v -0.108323 0.042041 0.007073
v -0.117711 0.044436 0.006636
v -0.120000 0.038207 0.009384
v -0.108323 0.042041 0.007073
v -0.107629 0.044888 0.000000
v -0.116763 0.047016 0.000000
v -0.117711 0.044436 0.006636
v -0.107629 0.044888 0.000000
v -0.108323 0.042041 -0.007073
v -0.117711 0.044436 -0.006636
v -0.116763 0.047016 0.000000
v -0.108323 0.042041 -0.007073
v -0.110000 0.035170 -0.010003
v -0.120000 0.038207 -0.009384
v -0.117711 0.044436 -0.006636
v -0.110000 0.035170 -0.010003
v -0.111677 0.028298 -0.007073
v -0.122289 0.031978 -0.006636
v -0.120000 0.038207 -0.009384
v -0.111677 0.028298 -0.007073
v -0.112371 0.025452 -0.000000
v -0.123237 0.029398 -0.000000
v -0.122289 0.031978 -0.006636
v -0.112371 0.025452 -0.000000
v -0.111677 0.028298 0.007073
v -0.122289 0.031978 0.006636
v -0.123237 0.029398 -0.000000
v -0.111677 0.028298 0.007073
v -0.110000 0.035170 0.010003
v -0.120000 0.038207 0.009384
v -0.122289 0.031978 0.006636
v -0.120000 0.038207 0.009384
v -0.117711 0.044436 0.006636
v -0.127250 0.048039 0.006168
v -0.130000 0.042518 0.008723
v -0.117711 0.044436 0.006636
v -0.116763 0.047016 0.000000
v -0.126110 0.050326 0.000000
v -0.127250 0.048039 0.006168
v -0.116763 0.047016 0.000000
v -0.117711 0.044436 -0.006636
v -0.127250 0.048039 -0.006168
v -0.126110 0.050326 0.000000
v -0.117711 0.044436 -0.006636
v -0.120000 0.038207 -0.009384
v -0.130000 0.042518 -0.008723
v -0.127250 0.048039 -0.006168
v -0.120000 0.038207 -0.009384
v -0.122289 0.031978 -0.006636
v -0.132750 0.036998 -0.006168
v -0.130000 0.042518 -0.008723
v -0.122289 0.031978 -0.006636
v -0.123237 0.029398 -0.000000
v -0.133890 0.034711 -0.000000
v -0.132750 0.036998 -0.006168
v -0.123237 0.029398 -0.000000
v -0.122289 0.031978 0.006636
v -0.132750 0.036998 0.006168
v -0.133890 0.034711 -0.000000
v -0.122289 0.031978 0.006636
v -0.120000 0.038207 0.009384
v -0.130000 0.042518 0.008723
v -0.132750 0.036998 0.006168
v -0.130000 0.042518 0.008723
v -0.127250 0.048039 0.006168
v -0.136966 0.052949 0.005661
v -0.140000 0.048171 0.008006
v -0.127250 0.048039 0.006168
v -0.126110 0.050326 0.000000
v -0.135709 0.054929 0.000000
v -0.136966 0.052949 0.005661
v -0.126110 0.050326 0.000000
v -0.127250 0.048039 -0.006168
v -0.136966 0.052949 -0.005661
v -0.135709 0.054929 0.000000
v -0.127250 0.048039 -0.006168
v -0.130000 0.042518 -0.008723
v -0.140000 0.048171 -0.008006
v -0.136966 0.052949 -0.005661
v -0.130000 0.042518 -0.008723
v -0.132750 0.036998 -0.006168
v -0.143034 0.043392 -0.005661
v -0.140000 0.048171 -0.008006
v -0.132750 0.036998 -0.006168
v -0.133890 0.034711 -0.000000
v -0.144291 0.041412 -0.000000
v -0.143034 0.043392 -0.005661
v -0.133890 0.034711 -0.000000
v -0.132750 0.036998 0.006168
v -0.143034 0.043392 0.005661
v -0.144291 0.041412 -0.000000
v -0.132750 0.036998 0.006168
v -0.130000 0.042518 0.008723
v -0.140000 0.048171 0.008006
v -0.143034 0.043392 0.005661
v -0.140000 0.048171 0.008006
v -0.136966 0.052949 0.005661
v -0.146873 0.059245 0.005100
v -0.150000 0.055217 0.007212
v -0.136966 0.052949 0.005661
v -0.135709 0.054929 0.000000
v -0.145577 0.060914 0.000000
v -0.146873 0.059245 0.005100
v -0.135709 0.054929 0.000000
v -0.136966 0.052949 -0.005661
v -0.146873 0.059245 -0.005100
v -0.145577 0.060914 0.000000
v -0.136966 0.052949 -0.005661
v -0.140000 0.048171 -0.008006
v -0.150000 0.055217 -0.007212
v -0.146873 0.059245 -0.005100
v -0.140000 0.048171 -0.008006
v -0.143034 0.043392 -0.005661
v -0.153127 0.051188 -0.005100
v -0.150000 0.055217 -0.007212
v -0.143034 0.043392 -0.005661
v -0.144291 0.041412 -0.000000
v -0.154423 0.049520 -0.000000
v -0.153127 0.051188 -0.005100
v -0.144291 0.041412 -0.000000
v -0.143034 0.043392 0.005661
v -0.153127 0.051188 0.005100
v -0.154423 0.049520 -0.000000
v -0.143034 0.043392 0.005661
v -0.140000 0.048171 0.008006
v -0.150000 0.055217 0.007212
v -0.153127 0.051188 0.005100
v -0.150000 0.055217 0.007212
v -0.146873 0.059245 0.005100
v -0.156980 0.066975 0.004457
v -0.160000 0.063698 0.006303
v -0.146873 0.059245 0.005100
v -0.145577 0.060914 0.000000
v -0.155730 0.068333 0.000000
v -0.156980 0.066975 0.004457
v -0.145577 0.060914 0.000000
v -0.146873 0.059245 -0.005100
v -0.156980 0.066975 -0.004457
v -0.155730 0.068333 0.000000
v -0.146873 0.059245 -0.005100
v -0.150000 0.055217 -0.007212
v -0.160000 0.063698 -0.006303
v -0.156980 0.066975 -0.004457
v -0.150000 0.055217 -0.007212
v -0.153127 0.051188 -0.005100
v -0.163020 0.060420 -0.004457
v -0.160000 0.063698 -0.006303
v -0.153127 0.051188 -0.005100
v -0.154423 0.049520 -0.000000
v -0.164270 0.059062 -0.000000
v -0.163020 0.060420 -0.004457
v -0.154423 0.049520 -0.000000
v -0.153127 0.051188 0.005100
v -0.163020 0.060420 0.004457
v -0.164270 0.059062 -0.000000
v -0.153127 0.051188 0.005100
v -0.150000 0.055217 0.007212
v -0.160000 0.063698 0.006303
v -0.163020 0.060420 0.004457
v -0.160000 0.063698 0.006303
v -0.156980 0.066975 0.004457
v -0.167326 0.076145 0.003662
v -0.170000 0.073642 0.005179
v -0.156980 0.066975 0.004457
v -0.155730 0.068333 0.000000
v -0.166219 0.077181 0.000000
v -0.167326 0.076145 0.003662
v -0.155730 0.068333 0.000000
v -0.156980 0.066975 -0.004457
v -0.167326 0.076145 -0.003662
v -0.166219 0.077181 0.000000
v -0.156980 0.066975 -0.004457
v -0.160000 0.063698 -0.006303
v -0.170000 0.073642 -0.005179
v -0.167326 0.076145 -0.003662
v -0.160000 0.063698 -0.006303
v -0.163020 0.060420 -0.004457
v -0.172674 0.071140 -0.003662
v -0.170000 0.073642 -0.005179
v -0.163020 0.060420 -0.004457
v -0.164270 0.059062 -0.000000
v -0.173781 0.070104 -0.000000
v -0.172674 0.071140 -0.003662
v -0.164270 0.059062 -0.000000
v -0.163020 0.060420 0.004457
v -0.172674 0.071140 0.003662
v -0.173781 0.070104 -0.000000
v -0.163020 0.060420 0.004457
v -0.160000 0.063698 0.006303
v -0.170000 0.073642 0.005179
v -0.172674 0.071140 0.003662
v -0.170000 0.073642 0.005179
v -0.167326 0.076145 0.003662
v -0.178404 0.086466 0.002121
v -0.180000 0.085069 0.003000
v -0.167326 0.076145 0.003662
v -0.166219 0.077181 0.000000
v -0.177742 0.087044 0.000000
v -0.178404 0.086466 0.002121
v -0.166219 0.077181 0.000000
v -0.167326 0.076145 -0.003662
v -0.178404 0.086466 -0.002121
v -0.177742 0.087044 0.000000
v -0.167326 0.076145 -0.003662
v -0.170000 0.073642 -0.005179
v -0.180000 0.085069 -0.003000
v -0.178404 0.086466 -0.002121
v -0.170000 0.073642 -0.005179
v -0.172674 0.071140 -0.003662
v -0.181596 0.083672 -0.002121
v -0.180000 0.085069 -0.003000
v -0.172674 0.071140 -0.003662
v -0.173781 0.070104 -0.000000
v -0.182258 0.083093 -0.000000
v -0.181596 0.083672 -0.002121
v -0.173781 0.070104 -0.000000
v -0.172674 0.071140 0.003662
v -0.181596 0.083672 0.002121
v -0.182258 0.083093 -0.000000
v -0.172674 0.071140 0.003662
v -0.170000 0.073642 0.005179
v -0.180000 0.085069 0.003000
v -0.181596 0.083672 0.002121
v -0.182000 0.070500 0.000100
v -0.181941 0.070500 0.000081
v -0.179796 0.071505 0.003034
v -0.182000 0.071505 0.003750
v -0.181941 0.070500 0.000081
v -0.181905 0.070500 0.000031
v -0.178434 0.071505 0.001159
v -0.179796 0.071505 0.003034
v -0.181905 0.070500 0.000031
v -0.181905 0.070500 -0.000031
v -0.178434 0.071505 -0.001159
v -0.178434 0.071505 0.001159
v -0.181905 0.070500 -0.000031
v -0.181941 0.070500 -0.000081
v -0.179796 0.071505 -0.003034
v -0.178434 0.071505 -0.001159
v -0.181941 0.070500 -0.000081
v -0.182000 0.070500 -0.000100
v -0.182000 0.071505 -0.003750
v -0.179796 0.071505 -0.003034
v -0.182000 0.070500 -0.000100
v -0.182059 0.070500 -0.000081
v -0.184204 0.071505 -0.003034
v -0.182000 0.071505 -0.003750
v -0.182059 0.070500 -0.000081
v -0.182095 0.070500 -0.000031
v -0.185566 0.071505 -0.001159
v -0.184204 0.071505 -0.003034
v -0.182095 0.070500 -0.000031
v -0.182095 0.070500 0.000031
v -0.185566 0.071505 0.001159
v -0.185566 0.071505 -0.001159
v -0.182095 0.070500 0.000031
v -0.182059 0.070500 0.000081
v -0.184204 0.071505 0.003034
v -0.185566 0.071505 0.001159
v -0.182059 0.070500 0.000081
v -0.182000 0.070500 0.000100
v -0.182000 0.071505 0.003750
v -0.184204 0.071505 0.003034
v -0.182000 0.071505 0.003750
v -0.179796 0.071505 0.003034
v -0.178182 0.074250 0.005255
v -0.182000 0.074250 0.006495
v -0.179796 0.071505 0.003034
v -0.178434 0.071505 0.001159
v -0.175823 0.074250 0.002007
v -0.178182 0.074250 0.005255
v -0.178434 0.071505 0.001159
v -0.178434 0.071505 -0.001159
v -0.175823 0.074250 -0.002007
v -0.175823 0.074250 0.002007
v -0.178434 0.071505 -0.001159
v -0.179796 0.071505 -0.003034
v -0.178182 0.074250 -0.005255
v -0.175823 0.074250 -0.002007
v -0.179796 0.071505 -0.003034
v -0.182000 0.071505 -0.003750
v -0.182000 0.074250 -0.006495
v -0.178182 0.074250 -0.005255
v -0.182000 0.071505 -0.003750
v -0.184204 0.071505 -0.003034
v -0.185818 0.074250 -0.005255
v -0.182000 0.074250 -0.006495
v -0.184204 0.071505 -0.003034
v -0.185566 0.071505 -0.001159
v -0.188177 0.074250 -0.002007
v -0.185818 0.074250 -0.005255
v -0.185566 0.071505 -0.001159
v -0.185566 0.071505 0.001159
v -0.188177 0.074250 0.002007
v -0.188177 0.074250 -0.002007
v -0.185566 0.071505 0.001159
v -0.184204 0.071505 0.003034
v -0.185818 0.074250 0.005255
v -0.188177 0.074250 0.002007
v -0.184204 0.071505 0.003034
v -0.182000 0.071505 0.003750
v -0.182000 0.074250 0.006495
v -0.185818 0.074250 0.005255
v -0.182000 0.074250 0.006495
v -0.178182 0.074250 0.005255
v -0.177592 0.078000 0.006068
v -0.182000 0.078000 0.007500
v -0.178182 0.074250 0.005255
v -0.175823 0.074250 0.002007
v -0.174867 0.078000 0.002318
v -0.177592 0.078000 0.006068
v -0.175823 0.074250 0.002007
v -0.175823 0.074250 -0.002007
v -0.174867 0.078000 -0.002318
v -0.174867 0.078000 0.002318
v -0.175823 0.074250 -0.002007
v -0.178182 0.074250 -0.005255
v -0.177592 0.078000 -0.006068
v -0.174867 0.078000 -0.002318
v -0.178182 0.074250 -0.005255
v -0.182000 0.074250 -0.006495
v -0.182000 0.078000 -0.007500
v -0.177592 0.078000 -0.006068
v -0.182000 0.074250 -0.006495
v -0.185818 0.074250 -0.005255
v -0.186408 0.078000 -0.006068
v -0.182000 0.078000 -0.007500
v -0.185818 0.074250 -0.005255
v -0.188177 0.074250 -0.002007
v -0.189133 0.078000 -0.002318
v -0.186408 0.078000 -0.006068
v -0.188177 0.074250 -0.002007
v -0.188177 0.074250 0.002007
v -0.189133 0.078000 0.002318
v -0.189133 0.078000 -0.002318
v -0.188177 0.074250 0.002007
v -0.185818 0.074250 0.005255
v -0.186408 0.078000 0.006068
v -0.189133 0.078000 0.002318
v -0.185818 0.074250 0.005255
v -0.182000 0.074250 0.006495
v -0.182000 0.078000 0.007500
v -0.186408 0.078000 0.006068
v -0.182000 0.078000 0.007500
v -0.177592 0.078000 0.006068
v -0.178182 0.081750 0.005255
v -0.182000 0.081750 0.006495
v -0.177592 0.078000 0.006068
v -0.174867 0.078000 0.002318
v -0.175823 0.081750 0.002007
v -0.178182 0.081750 0.005255
v -0.174867 0.078000 0.002318
v -0.174867 0.078000 -0.002318
v -0.175823 0.081750 -0.002007
v -0.175823 0.081750 0.002007
v -0.174867 0.078000 -0.002318
v -0.177592 0.078000 -0.006068
v -0.178182 0.081750 -0.005255
v -0.175823 0.081750 -0.002007
v -0.177592 0.078000 -0.006068
v -0.182000 0.078000 -0.007500
v -0.182000 0.081750 -0.006495
v -0.178182 0.081750 -0.005255
v -0.182000 0.078000 -0.007500
v -0.186408 0.078000 -0.006068
v -0.185818 0.081750 -0.005255
v -0.182000 0.081750 -0.006495
v -0.186408 0.078000 -0.006068
v -0.189133 0.078000 -0.002318
v -0.188177 0.081750 -0.002007
v -0.185818 0.081750 -0.005255
v -0.189133 0.078000 -0.002318
v -0.189133 0.078000 0.002318
v -0.188177 0.081750 0.002007
v -0.188177 0.081750 -0.002007
v -0.189133 0.078000 0.002318
v -0.186408 0.078000 0.006068
v -0.185818 0.081750 0.005255
v -0.188177 0.081750 0.002007
v -0.186408 0.078000 0.006068
v -0.182000 0.078000 0.007500
v -0.182000 0.081750 0.006495
v -0.185818 0.081750 0.005255
v -0.182000 0.081750 0.006495
v -0.178182 0.081750 0.005255
v -0.179796 0.084495 0.003034
v -0.182000 0.084495 0.003750
v -0.178182 0.081750 0.005255
v -0.175823 0.081750 0.002007
v -0.178434 0.084495 0.001159
v -0.179796 0.084495 0.003034
v -0.175823 0.081750 0.002007
v -0.175823 0.081750 -0.002007
v -0.178434 0.084495 -0.001159
v -0.178434 0.084495 0.001159
v -0.175823 0.081750 -0.002007
v -0.178182 0.081750 -0.005255
v -0.179796 0.084495 -0.003034
v -0.178434 0.084495 -0.001159
v -0.178182 0.081750 -0.005255
v -0.182000 0.081750 -0.006495
v -0.182000 0.084495 -0.003750
v -0.179796 0.084495 -0.003034
v -0.182000 0.081750 -0.006495
v -0.185818 0.081750 -0.005255
v -0.184204 0.084495 -0.003034
v -0.182000 0.084495 -0.003750
v -0.185818 0.081750 -0.005255
v -0.188177 0.081750 -0.002007
v -0.185566 0.084495 -0.001159
v -0.184204 0.084495 -0.003034
v -0.188177 0.081750 -0.002007
v -0.188177 0.081750 0.002007
v -0.185566 0.084495 0.001159
v -0.185566 0.084495 -0.001159
v -0.188177 0.081750 0.002007
v -0.185818 0.081750 0.005255
v -0.184204 0.084495 0.003034
v -0.185566 0.084495 0.001159
v -0.185818 0.081750 0.005255
v -0.182000 0.081750 0.006495
v -0.182000 0.084495 0.003750
v -0.184204 0.084495 0.003034
v -0.182000 0.084495 0.003750
v -0.179796 0.084495 0.003034
v -0.181941 0.085500 0.000081
v -0.182000 0.085500 0.000100
v -0.179796 0.084495 0.003034
v -0.178434 0.084495 0.001159
v -0.181905 0.085500 0.000031
v -0.181941 0.085500 0.000081
v -0.178434 0.084495 0.001159
v -0.178434 0.084495 -0.001159
v -0.181905 0.085500 -0.000031
v -0.181905 0.085500 0.000031
v -0.178434 0.084495 -0.001159
v -0.179796 0.084495 -0.003034
v -0.181941 0.085500 -0.000081
v -0.181905 0.085500 -0.000031
v -0.179796 0.084495 -0.003034
v -0.182000 0.084495 -0.003750
v -0.182000 0.085500 -0.000100
v -0.181941 0.085500 -0.000081
v -0.182000 0.084495 -0.003750
v -0.184204 0.084495 -0.003034
v -0.182059 0.085500 -0.000081
v -0.182000 0.085500 -0.000100
v -0.184204 0.084495 -0.003034
v -0.185566 0.084495 -0.001159
v -0.182095 0.085500 -0.000031
v -0.182059 0.085500 -0.000081
v -0.185566 0.084495 -0.001159
v -0.185566 0.084495 0.001159
v -0.182095 0.085500 0.000031
v -0.182095 0.085500 -0.000031
v -0.185566 0.084495 0.001159
v -0.184204 0.084495 0.003034
v -0.182059 0.085500 0.000081
v -0.182095 0.085500 0.000031
v -0.184204 0.084495 0.003034
v -0.182000 0.084495 0.003750
v -0.182000 0.085500 0.000100
v -0.182059 0.085500 0.000081
v 0.020000 0.048000 0.014500
v 0.016674 0.038301 0.010253
v 0.026841 0.035142 0.009944
v 0.030000 0.044571 0.014063
v 0.016674 0.038301 0.010253
v 0.015296 0.034284 0.000000
v 0.025532 0.031236 0.000000
v 0.026841 0.035142 0.009944
v 0.015296 0.034284 0.000000
v 0.016674 0.038301 -0.010253
v 0.026841 0.035142 -0.009944
v 0.025532 0.031236 0.000000
v 0.016674 0.038301 -0.010253
v 0.020000 0.048000 -0.014500
v 0.030000 0.044571 -0.014063
v 0.026841 0.035142 -0.009944
v 0.020000 0.048000 -0.014500
v 0.023326 0.057699 -0.010253
v 0.033159 0.054000 -0.009944
v 0.030000 0.044571 -0.014063
v 0.023326 0.057699 -0.010253
v 0.024704 0.061716 -0.000000
v 0.034468 0.057905 -0.000000
v 0.033159 0.054000 -0.009944
v 0.024704 0.061716 -0.000000
v 0.023326 0.057699 0.010253
v 0.033159 0.054000 0.009944
v 0.034468 0.057905 -0.000000
v 0.023326 0.057699 0.010253
v 0.020000 0.048000 0.014500
v 0.030000 0.044571 0.014063
v 0.033159 0.054000 0.009944
v 0.030000 0.044571 0.014063
v 0.026841 0.035142 0.009944
v 0.037137 0.032108 0.009627
v 0.040000 0.041299 0.013615
v 0.026841 0.035142 0.009944
v 0.025532 0.031236 0.000000
v 0.035952 0.028301 0.000000
v 0.037137 0.032108 0.009627
v 0.025532 0.031236 0.000000
v 0.026841 0.035142 -0.009944
v 0.037137 0.032108 -0.009627
v 0.035952 0.028301 0.000000
v 0.026841 0.035142 -0.009944
v 0.030000 0.044571 -0.014063
v 0.040000 0.041299 -0.013615
v 0.037137 0.032108 -0.009627
v 0.030000 0.044571 -0.014063
v 0.033159 0.054000 -0.009944
v 0.042863 0.050491 -0.009627
v 0.040000 0.041299 -0.013615
v 0.033159 0.054000 -0.009944
v 0.034468 0.057905 -0.000000
v 0.044048 0.054298 -0.000000
v 0.042863 0.050491 -0.009627
v 0.034468 0.057905 -0.000000
v 0.033159 0.054000 0.009944
v 0.042863 0.050491 0.009627
v 0.044048 0.054298 -0.000000
v 0.033159 0.054000 0.009944
v 0.030000 0.044571 0.014063
v 0.040000 0.041299 0.013615
v 0.042863 0.050491 0.009627
v 0.040000 0.041299 0.013615
v 0.037137 0.032108 0.009627
v 0.047555 0.029368 0.009301
v 0.050000 0.038342 0.013153
v 0.037137 0.032108 0.009627
v 0.035952 0.028301 0.000000
v 0.046542 0.025651 0.000000
v 0.047555 0.029368 0.009301
v 0.035952 0.028301 0.000000
v 0.037137 0.032108 -0.009627
v 0.047555 0.029368 -0.009301
v 0.046542 0.025651 0.000000
v 0.037137 0.032108 -0.009627
v 0.040000 0.041299 -0.013615
v 0.050000 0.038342 -0.013153
v 0.047555 0.029368 -0.009301
v 0.040000 0.041299 -0.013615
v 0.042863 0.050491 -0.009627
v 0.052445 0.047315 -0.009301
v 0.050000 0.038342 -0.013153
v 0.042863 0.050491 -0.009627
v 0.044048 0.054298 -0.000000
v 0.053458 0.051032 -0.000000
v 0.052445 0.047315 -0.009301
v 0.044048 0.054298 -0.000000
v 0.042863 0.050491 0.009627
v 0.052445 0.047315 0.009301
v 0.053458 0.051032 -0.000000
v 0.042863 0.050491 0.009627
v 0.040000 0.041299 0.013615
v 0.050000 0.038342 0.013153
v 0.052445 0.047315 0.009301
v 0.050000 0.038342 0.013153
v 0.047555 0.029368 0.009301
v 0.058086 0.027093 0.008964
v 0.060000 0.035850 0.012677
v 0.047555 0.029368 0.009301
v 0.046542 0.025651 0.000000
v 0.057293 0.023466 0.000000
v 0.058086 0.027093 0.008964
v 0.046542 0.025651 0.000000
v 0.047555 0.029368 -0.009301
v 0.058086 0.027093 -0.008964
v 0.057293 0.023466 0.000000
v 0.047555 0.029368 -0.009301
v 0.050000 0.038342 -0.013153
v 0.060000 0.035850 -0.012677
v 0.058086 0.027093 -0.008964
v 0.050000 0.038342 -0.013153
v 0.052445 0.047315 -0.009301
v 0.061914 0.044607 -0.008964
v 0.060000 0.035850 -0.012677
v 0.052445 0.047315 -0.009301
v 0.053458 0.051032 -0.000000
v 0.062707 0.048234 -0.000000
v 0.061914 0.044607 -0.008964
v 0.053458 0.051032 -0.000000
v 0.052445 0.047315 0.009301
v 0.061914 0.044607 0.008964
v 0.062707 0.048234 -0.000000
v 0.052445 0.047315 0.009301
v 0.050000 0.038342 0.013153
v 0.060000 0.035850 0.012677
v 0.061914 0.044607 0.008964
v 0.060000 0.035850 0.012677
v 0.058086 0.027093 0.008964
v 0.068717 0.025450 0.008616
v 0.070000 0.033970 0.012185
v 0.058086 0.027093 0.008964
v 0.057293 0.023466 0.000000
v 0.068186 0.021921 0.000000
v 0.068717 0.025450 0.008616
v 0.057293 0.023466 0.000000
v 0.058086 0.027093 -0.008964
v 0.068717 0.025450 -0.008616
v 0.068186 0.021921 0.000000
v 0.058086 0.027093 -0.008964
v 0.060000 0.035850 -0.012677
v 0.070000 0.033970 -0.012185
v 0.068717 0.025450 -0.008616
v 0.060000 0.035850 -0.012677
v 0.061914 0.044607 -0.008964
v 0.071283 0.042489 -0.008616
v 0.070000 0.033970 -0.012185
v 0.061914 0.044607 -0.008964
v 0.062707 0.048234 -0.000000
v 0.071814 0.046018 -0.000000
v 0.071283 0.042489 -0.008616
v 0.062707 0.048234 -0.000000
v 0.061914 0.044607 0.008964
v 0.071283 0.042489 0.008616
v 0.071814 0.046018 -0.000000
v 0.061914 0.044607 0.008964
v 0.060000 0.035850 0.012677
v 0.070000 0.033970 0.012185
v 0.071283 0.042489 0.008616
v 0.070000 0.033970 0.012185
v 0.068717 0.025450 0.008616
v 0.079430 0.024603 0.008255
v 0.080000 0.032838 0.011674
v 0.068717 0.025450 0.008616
v 0.068186 0.021921 0.000000
v 0.079194 0.021192 0.000000
v 0.079430 0.024603 0.008255
v 0.068186 0.021921 0.000000
v 0.068717 0.025450 -0.008616
v 0.079430 0.024603 -0.008255
v 0.079194 0.021192 0.000000
v 0.068717 0.025450 -0.008616
v 0.070000 0.033970 -0.012185
v 0.080000 0.032838 -0.011674
v 0.079430 0.024603 -0.008255
v 0.070000 0.033970 -0.012185
v 0.071283 0.042489 -0.008616
v 0.080570 0.041073 -0.008255
v 0.080000 0.032838 -0.011674
v 0.071283 0.042489 -0.008616
v 0.071814 0.046018 -0.000000
v 0.080806 0.044485 -0.000000
v 0.080570 0.041073 -0.008255
v 0.071814 0.046018 -0.000000
v 0.071283 0.042489 0.008616
v 0.080570 0.041073 0.008255
v 0.080806 0.044485 -0.000000
v 0.071283 0.042489 0.008616
v 0.070000 0.033970 0.012185
v 0.080000 0.032838 0.011674
v 0.080570 0.041073 0.008255
v 0.080000 0.032838 0.011674
v 0.079430 0.024603 0.008255
v 0.090192 0.024708 0.007879
v 0.090000 0.032585 0.011143
v 0.079430 0.024603 0.008255
v 0.079194 0.021192 0.000000
v 0.090272 0.021445 0.000000
v 0.090192 0.024708 0.007879
v 0.079194 0.021192 0.000000
v 0.079430 0.024603 -0.008255
v 0.090192 0.024708 -0.007879
v 0.090272 0.021445 0.000000
v 0.079430 0.024603 -0.008255
v 0.080000 0.032838 -0.011674
v 0.090000 0.032585 -0.011143
v 0.090192 0.024708 -0.007879
v 0.080000 0.032838 -0.011674
v 0.080570 0.041073 -0.008255
v 0.089808 0.040462 -0.007879
v 0.090000 0.032585 -0.011143
v 0.080570 0.041073 -0.008255
v 0.080806 0.044485 -0.000000
v 0.089728 0.043724 -0.000000
v 0.089808 0.040462 -0.007879
v 0.080806 0.044485 -0.000000
v 0.080570 0.041073 0.008255
v 0.089808 0.040462 0.007879
v 0.089728 0.043724 -0.000000
v 0.080570 0.041073 0.008255
v 0.080000 0.032838 0.011674
v 0.090000 0.032585 0.011143
v 0.089808 0.040462 0.007879
v 0.090000 0.032585 0.011143
v 0.090192 0.024708 0.007879
v 0.100960 0.025902 0.007486
v 0.100000 0.033327 0.010587
v 0.090192 0.024708 0.007879
v 0.090272 0.021445 0.000000
v 0.101357 0.022827 0.000000
v 0.100960 0.025902 0.007486
v 0.090272 0.021445 0.000000
v 0.090192 0.024708 -0.007879
v 0.100960 0.025902 -0.007486
v 0.101357 0.022827 0.000000
v 0.090192 0.024708 -0.007879
v 0.090000 0.032585 -0.011143
v 0.100000 0.033327 -0.010587
v 0.100960 0.025902 -0.007486
v 0.090000 0.032585 -0.011143
v 0.089808 0.040462 -0.007879
v 0.099040 0.040751 -0.007486
v 0.100000 0.033327 -0.010587
v 0.089808 0.040462 -0.007879
v 0.089728 0.043724 -0.000000
v 0.098643 0.043827 -0.000000
v 0.099040 0.040751 -0.007486
v 0.089728 0.043724 -0.000000
v 0.089808 0.040462 0.007879
v 0.099040 0.040751 0.007486
v 0.098643 0.043827 -0.000000
v 0.089808 0.040462 0.007879
v 0.090000 0.032585 0.011143
v 0.100000 0.033327 0.010587
v 0.099040 0.040751 0.007486
v 0.100000 0.033327 0.010587
v 0.100960 0.025902 0.007486
v 0.111677 0.028298 0.007073
v 0.110000 0.035170 0.010003
v 0.100960 0.025902 0.007486
v 0.101357 0.022827 0.000000
v 0.112371 0.025452 0.000000
v 0.111677 0.028298 0.007073
v 0.101357 0.022827 0.000000
v 0.100960 0.025902 -0.007486
v 0.111677 0.028298 -0.007073
v 0.112371 0.025452 0.000000
v 0.100960 0.025902 -0.007486
v 0.100000 0.033327 -0.010587
v 0.110000 0.035170 -0.010003
v 0.111677 0.028298 -0.007073
v 0.100000 0.033327 -0.010587
v 0.099040 0.040751 -0.007486
v 0.108323 0.042041 -0.007073
v 0.110000 0.035170 -0.010003
v 0.099040 0.040751 -0.007486
v 0.098643 0.043827 -0.000000
v 0.107629 0.044888 -0.000000
v 0.108323 0.042041 -0.007073
v 0.098643 0.043827 -0.000000
v 0.099040 0.040751 0.007486
v 0.108323 0.042041 0.007073
v 0.107629 0.044888 -0.000000
v 0.099040 0.040751 0.007486
v 0.100000 0.033327 0.010587
v 0.110000 0.035170 0.010003
v 0.108323 0.042041 0.007073
v 0.110000 0.035170 0.010003
v 0.111677 0.028298 0.007073
v 0.122289 0.031978 0.006636
v 0.120000 0.038207 0.009384
v 0.111677 0.028298 0.007073
v 0.112371 0.025452 0.000000
v 0.123237 0.029398 0.000000
v 0.122289 0.031978 0.006636
v 0.112371 0.025452 0.000000
v 0.111677 0.028298 -0.007073
v 0.122289 0.031978 -0.006636
v 0.123237 0.029398 0.000000
v 0.111677 0.028298 -0.007073
v 0.110000 0.035170 -0.010003
v 0.120000 0.038207 -0.009384
v 0.122289 0.031978 -0.006636
v 0.110000 0.035170 -0.010003
v 0.108323 0.042041 -0.007073
v 0.117711 0.044436 -0.006636
v 0.120000 0.038207 -0.009384
v 0.108323 0.042041 -0.007073
v 0.107629 0.044888 -0.000000
v 0.116763 0.047016 -0.000000
v 0.117711 0.044436 -0.006636
v 0.107629 0.044888 -0.000000
v 0.108323 0.042041 0.007073
v 0.117711 0.044436 0.006636
v 0.116763 0.047016 -0.000000
v 0.108323 0.042041 0.007073
v 0.110000 0.035170 0.010003
v 0.120000 0.038207 0.009384
v 0.117711 0.044436 0.006636
v 0.120000 0.038207 0.009384
v 0.122289 0.031978 0.006636
v 0.132750 0.036998 0.006168
v 0.130000 0.042518 0.008723
v 0.122289 0.031978 0.006636
v 0.123237 0.029398 0.000000
v 0.133890 0.034711 0.000000
v 0.132750 0.036998 0.006168
v 0.123237 0.029398 0.000000
v 0.122289 0.031978 -0.006636
v 0.132750 0.036998 -0.006168
v 0.133890 0.034711 0.000000
v 0.122289 0.031978 -0.006636
v 0.120000 0.038207 -0.009384
v 0.130000 0.042518 -0.008723
v 0.132750 0.036998 -0.006168
v 0.120000 0.038207 -0.009384
v 0.117711 0.044436 -0.006636
v 0.127250 0.048039 -0.006168
v 0.130000 0.042518 -0.008723
v 0.117711 0.044436 -0.006636
v 0.116763 0.047016 -0.000000
v 0.126110 0.050326 -0.000000
v 0.127250 0.048039 -0.006168
v 0.116763 0.047016 -0.000000
v 0.117711 0.044436 0.006636
v 0.127250 0.048039 0.006168
v 0.126110 0.050326 -0.000000
v 0.117711 0.044436 0.006636
v 0.120000 0.038207 0.009384
v 0.130000 0.042518 0.008723
v 0.127250 0.048039 0.006168
v 0.130000 0.042518 0.008723
v 0.132750 0.036998 0.006168
v 0.143034 0.043392 0.005661
v 0.140000 0.048171 0.008006
v 0.132750 0.036998 0.006168
v 0.133890 0.034711 0.000000
v 0.144291 0.041412 0.000000
v 0.143034 0.043392 0.005661
v 0.133890 0.034711 0.000000
v 0.132750 0.036998 -0.006168
v 0.143034 0.043392 -0.005661
v 0.144291 0.041412 0.000000
v 0.132750 0.036998 -0.006168
v 0.130000 0.042518 -0.008723
v 0.140000 0.048171 -0.008006
v 0.143034 0.043392 -0.005661
v 0.130000 0.042518 -0.008723
v 0.127250 0.048039 -0.006168
v 0.136966 0.052949 -0.005661
v 0.140000 0.048171 -0.008006
v 0.127250 0.048039 -0.006168
v 0.126110 0.050326 -0.000000
v 0.135709 0.054929 -0.000000
v 0.136966 0.052949 -0.005661
v 0.126110 0.050326 -0.000000
v 0.127250 0.048039 0.006168
v 0.136966 0.052949 0.005661
v 0.135709 0.054929 -0.000000
v 0.127250 0.048039 0.006168
v 0.130000 0.042518 0.008723
v 0.140000 0.048171 0.008006
v 0.136966 0.052949 0.005661
v 0.140000 0.048171 0.008006
v 0.143034 0.043392 0.005661
v 0.153127 0.051188 0.005100
v 0.150000 0.055217 0.007212
v 0.143034 0.043392 0.005661
v 0.144291 0.041412 0.000000
v 0.154423 0.049520 0.000000
v 0.153127 0.051188 0.005100
v 0.144291 0.041412 0.000000
v 0.143034 0.043392 -0.005661
v 0.153127 0.051188 -0.005100
v 0.154423 0.049520 0.000000
v 0.143034 0.043392 -0.005661
v 0.140000 0.048171 -0.008006
v 0.150000 0.055217 -0.007212
v 0.153127 0.051188 -0.005100
v 0.140000 0.048171 -0.008006
v 0.136966 0.052949 -0.005661
v 0.146873 0.059245 -0.005100
v 0.150000 0.055217 -0.007212
v 0.136966 0.052949 -0.005661
v 0.135709 0.054929 -0.000000
v 0.145577 0.060914 -0.000000
v 0.146873 0.059245 -0.005100
v 0.135709 0.054929 -0.000000
v 0.136966 0.052949 0.005661
v 0.146873 0.059245 0.005100
v 0.145577 0.060914 -0.000000
v 0.136966 0.052949 0.005661
v 0.140000 0.048171 0.008006
v 0.150000 0.055217 0.007212
v 0.146873 0.059245 0.005100
v 0.150000 0.055217 0.007212
v 0.153127 0.051188 0.005100
v 0.163020 0.060420 0.004457
v 0.160000 0.063698 0.006303
v 0.153127 0.051188 0.005100
v 0.154423 0.049520 0.000000
v 0.164270 0.059062 0.000000
v 0.163020 0.060420 0.004457
v 0.154423 0.049520 0.000000
v 0.153127 0.051188 -0.005100
v 0.163020 0.060420 -0.004457
v 0.164270 0.059062 0.000000
v 0.153127 0.051188 -0.005100
v 0.150000 0.055217 -0.007212
v 0.160000 0.063698 -0.006303
v 0.163020 0.060420 -0.004457
v 0.150000 0.055217 -0.007212
v 0.146873 0.059245 -0.005100
v 0.156980 0.066975 -0.004457
v 0.160000 0.063698 -0.006303
v 0.146873 0.059245 -0.005100
v 0.145577 0.060914 -0.000000
v 0.155730 0.068333 -0.000000
v 0.156980 0.066975 -0.004457
v 0.145577 0.060914 -0.000000
v 0.146873 0.059245 0.005100
v 0.156980 0.066975 0.004457
v 0.155730 0.068333 -0.000000
v 0.146873 0.059245 0.005100
v 0.150000 0.055217 0.007212
v 0.160000 0.063698 0.006303
v 0.156980 0.066975 0.004457
v 0.160000 0.063698 0.006303
v 0.163020 0.060420 0.004457
v 0.172674 0.071140 0.003662
v 0.170000 0.073642 0.005179
v 0.163020 0.060420 0.004457
v 0.164270 0.059062 0.000000
v 0.173781 0.070104 0.000000
v 0.172674 0.071140 0.003662
v 0.164270 0.059062 0.000000
v 0.163020 0.060420 -0.004457
v 0.172674 0.071140 -0.003662
v 0.173781 0.070104 0.000000
v 0.163020 0.060420 -0.004457
v 0.160000 0.063698 -0.006303
v 0.170000 0.073642 -0.005179
v 0.172674 0.071140 -0.003662
v 0.160000 0.063698 -0.006303
v 0.156980 0.066975 -0.004457
v 0.167326 0.076145 -0.003662
v 0.170000 0.073642 -0.005179
v 0.156980 0.066975 -0.004457
v 0.155730 0.068333 -0.000000
v 0.166219 0.077181 -0.000000
v 0.167326 0.076145 -0.003662
v 0.155730 0.068333 -0.000000
v 0.156980 0.066975 0.004457
v 0.167326 0.076145 0.003662
v 0.166219 0.077181 -0.000000
v 0.156980 0.066975 0.004457
v 0.160000 0.063698 0.006303
v 0.170000 0.073642 0.005179
v 0.167326 0.076145 0.003662
v 0.170000 0.073642 0.005179
v 0.172674 0.071140 0.003662
v 0.181596 0.083672 0.002121
v 0.180000 0.085069 0.003000
v 0.172674 0.071140 0.003662
v 0.173781 0.070104 0.000000
v 0.182258 0.083093 0.000000
v 0.181596 0.083672 0.002121
v 0.173781 0.070104 0.000000
v 0.172674 0.071140 -0.003662
v 0.181596 0.083672 -0.002121
v 0.182258 0.083093 0.000000
v 0.172674 0.071140 -0.003662
v 0.170000 0.073642 -0.005179
v 0.180000 0.085069 -0.003000
v 0.181596 0.083672 -0.002121
v 0.170000 0.073642 -0.005179
v 0.167326 0.076145 -0.003662
v 0.178404 0.086466 -0.002121
v 0.180000 0.085069 -0.003000
v 0.167326 0.076145 -0.003662
v 0.166219 0.077181 -0.000000
v 0.177742 0.087044 -0.000000
v 0.178404 0.086466 -0.002121
v 0.166219 0.077181 -0.000000
v 0.167326 0.076145 0.003662
v 0.178404 0.086466 0.002121
v 0.177742 0.087044 -0.000000
v 0.167326 0.076145 0.003662
v 0.170000 0.073642 0.005179
v 0.180000 0.085069 0.003000
v 0.178404 0.086466 0.002121
v 0.182000 0.070500 0.000100
v 0.182059 0.070500 0.000081
v 0.184204 0.071505 0.003034
v 0.182000 0.071505 0.003750
v 0.182059 0.070500 0.000081
v 0.182095 0.070500 0.000031
v 0.185566 0.071505 0.001159
v 0.184204 0.071505 0.003034
v 0.182095 0.070500 0.000031
v 0.182095 0.070500 -0.000031
v 0.185566 0.071505 -0.001159
v 0.185566 0.071505 0.001159
v 0.182095 0.070500 -0.000031
v 0.182059 0.070500 -0.000081
v 0.184204 0.071505 -0.003034
v 0.185566 0.071505 -0.001159
v 0.182059 0.070500 -0.000081
v 0.182000 0.070500 -0.000100
v 0.182000 0.071505 -0.003750
v 0.184204 0.071505 -0.003034
v 0.182000 0.070500 -0.000100
v 0.181941 0.070500 -0.000081
v 0.179796 0.071505 -0.003034
v 0.182000 0.071505 -0.003750
v 0.181941 0.070500 -0.000081
v 0.181905 0.070500 -0.000031
v 0.178434 0.071505 -0.001159
v 0.179796 0.071505 -0.003034
v 0.181905 0.070500 -0.000031
v 0.181905 0.070500 0.000031
v 0.178434 0.071505 0.001159
v 0.178434 0.071505 -0.001159
v 0.181905 0.070500 0.000031
v 0.181941 0.070500 0.000081
v 0.179796 0.071505 0.003034
v 0.178434 0.071505 0.001159
v 0.181941 0.070500 0.000081
v 0.182000 0.070500 0.000100
v 0.182000 0.071505 0.003750
v 0.179796 0.071505 0.003034
v 0.182000 0.071505 0.003750
v 0.184204 0.071505 0.003034
v 0.185818 0.074250 0.005255
v 0.182000 0.074250 0.006495
v 0.184204 0.071505 0.003034
v 0.185566 0.071505 0.001159
v 0.188177 0.074250 0.002007
v 0.185818 0.074250 0.005255
v 0.185566 0.071505 0.001159
v 0.185566 0.071505 -0.001159
v 0.188177 0.074250 -0.002007
v 0.188177 0.074250 0.002007
v 0.185566 0.071505 -0.001159
v 0.184204 0.071505 -0.003034
v 0.185818 0.074250 -0.005255
v 0.188177 0.074250 -0.002007
v 0.184204 0.071505 -0.003034
v 0.182000 0.071505 -0.003750
v 0.182000 0.074250 -0.006495
v 0.185818 0.074250 -0.005255
v 0.182000 0.071505 -0.003750
v 0.179796 0.071505 -0.003034
v 0.178182 0.074250 -0.005255
v 0.182000 0.074250 -0.006495
v 0.179796 0.071505 -0.003034
v 0.178434 0.071505 -0.001159
v 0.175823 0.074250 -0.002007
v 0.178182 0.074250 -0.005255
v 0.178434 0.071505 -0.001159
v 0.178434 0.071505 0.001159
v 0.175823 0.074250 0.002007
v 0.175823 0.074250 -0.002007
v 0.178434 0.071505 0.001159
v 0.179796 0.071505 0.003034
v 0.178182 0.074250 0.005255
v 0.175823 0.074250 0.002007
v 0.179796 0.071505 0.003034
v 0.182000 0.071505 0.003750
v 0.182000 0.074250 0.006495
v 0.178182 0.074250 0.005255
v 0.182000 0.074250 0.006495
v 0.185818 0.074250 0.005255
v 0.186408 0.078000 0.006068
v 0.182000 0.078000 0.007500
v 0.185818 0.074250 0.005255
v 0.188177 0.074250 0.002007
v 0.189133 0.078000 0.002318
v 0.186408 0.078000 0.006068
v 0.188177 0.074250 0.002007
v 0.188177 0.074250 -0.002007
v 0.189133 0.078000 -0.002318
v 0.189133 0.078000 0.002318
v 0.188177 0.074250 -0.002007
v 0.185818 0.074250 -0.005255
v 0.186408 0.078000 -0.006068
v 0.189133 0.078000 -0.002318
v 0.185818 0.074250 -0.005255
v 0.182000 0.074250 -0.006495
v 0.182000 0.078000 -0.007500
v 0.186408 0.078000 -0.006068
v 0.182000 0.074250 -0.006495
v 0.178182 0.074250 -0.005255
v 0.177592 0.078000 -0.006068
v 0.182000 0.078000 -0.007500
v 0.178182 0.074250 -0.005255
v 0.175823 0.074250 -0.002007
v 0.174867 0.078000 -0.002318
v 0.177592 0.078000 -0.006068
v 0.175823 0.074250 -0.002007
v 0.175823 0.074250 0.002007
v 0.174867 0.078000 0.002318
v 0.174867 0.078000 -0.002318
v 0.175823 0.074250 0.002007
v 0.178182 0.074250 0.005255
v 0.177592 0.078000 0.006068
v 0.174867 0.078000 0.002318
v 0.178182 0.074250 0.005255
v 0.182000 0.074250 0.006495
v 0.182000 0.078000 0.007500
v 0.177592 0.078000 0.006068
v 0.182000 0.078000 0.007500
v 0.186408 0.078000 0.006068
v 0.185818 0.081750 0.005255
v 0.182000 0.081750 0.006495
v 0.186408 0.078000 0.006068
v 0.189133 0.078000 0.002318
v 0.188177 0.081750 0.002007
v 0.185818 0.081750 0.005255
v 0.189133 0.078000 0.002318
v 0.189133 0.078000 -0.002318
v 0.188177 0.081750 -0.002007
v 0.188177 0.081750 0.002007
v 0.189133 0.078000 -0.002318
v 0.186408 0.078000 -0.006068
v 0.185818 0.081750 -0.005255
v 0.188177 0.081750 -0.002007
v 0.186408 0.078000 -0.006068
v 0.182000 0.078000 -0.007500
v 0.182000 0.081750 -0.006495
v 0.185818 0.081750 -0.005255
v 0.182000 0.078000 -0.007500
v 0.177592 0.078000 -0.006068
v 0.178182 0.081750 -0.005255
v 0.182000 0.081750 -0.006495
v 0.177592 0.078000 -0.006068
v 0.174867 0.078000 -0.002318
v 0.175823 0.081750 -0.002007
v 0.178182 0.081750 -0.005255
v 0.174867 0.078000 -0.002318
v 0.174867 0.078000 0.002318
v 0.175823 0.081750 0.002007
v 0.175823 0.081750 -0.002007
v 0.174867 0.078000 0.002318
v 0.177592 0.078000 0.006068
v 0.178182 0.081750 0.005255
v 0.175823 0.081750 0.002007
v 0.177592 0.078000 0.006068
v 0.182000 0.078000 0.007500
v 0.182000 0.081750 0.006495
v 0.178182 0.081750 0.005255
v 0.182000 0.081750 0.006495
v 0.185818 0.081750 0.005255
v 0.184204 0.084495 0.003034
v 0.182000 0.084495 0.003750
v 0.185818 0.081750 0.005255
v 0.188177 0.081750 0.002007
v 0.185566 0.084495 0.001159
v 0.184204 0.084495 0.003034
v 0.188177 0.081750 0.002007
v 0.188177 0.081750 -0.002007
v 0.185566 0.084495 -0.001159
v 0.185566 0.084495 0.001159
v 0.188177 0.081750 -0.002007
v 0.185818 0.081750 -0.005255
v 0.184204 0.084495 -0.003034
v 0.185566 0.084495 -0.001159
v 0.185818 0.081750 -0.005255
v 0.182000 0.081750 -0.006495
v 0.182000 0.084495 -0.003750
v 0.184204 0.084495 -0.003034
v 0.182000 0.081750 -0.006495
v 0.178182 0.081750 -0.005255
v 0.179796 0.084495 -0.003034
v 0.182000 0.084495 -0.003750
v 0.178182 0.081750 -0.005255
v 0.175823 0.081750 -0.002007
v 0.178434 0.084495 -0.001159
v 0.179796 0.084495 -0.003034
v 0.175823 0.081750 -0.002007
v 0.175823 0.081750 0.002007
v 0.178434 0.084495 0.001159
v 0.178434 0.084495 -0.001159
v 0.175823 0.081750 0.002007
v 0.178182 0.081750 0.005255
v 0.179796 0.084495 0.003034
v 0.178434 0.084495 0.001159
v 0.178182 0.081750 0.005255
v 0.182000 0.081750 0.006495
v 0.182000 0.084495 0.003750
v 0.179796 0.084495 0.003034
v 0.182000 0.084495 0.003750
v 0.184204 0.084495 0.003034
v 0.182059 0.085500 0.000081
v 0.182000 0.085500 0.000100
v 0.184204 0.084495 0.003034
v 0.185566 0.084495 0.001159
v 0.182095 0.085500 0.000031
v 0.182059 0.085500 0.000081
v 0.185566 0.084495 0.001159
v 0.185566 0.084495 -0.001159
v 0.182095 0.085500 -0.000031
v 0.182095 0.085500 0.000031
v 0.185566 0.084495 -0.001159
v 0.184204 0.084495 -0.003034
v 0.182059 0.085500 -0.000081
v 0.182095 0.085500 -0.000031
v 0.184204 0.084495 -0.003034
v 0.182000 0.084495 -0.003750
v 0.182000 0.085500 -0.000100
v 0.182059 0.085500 -0.000081
v 0.182000 0.084495 -0.003750
v 0.179796 0.084495 -0.003034
v 0.181941 0.085500 -0.000081
v 0.182000 0.085500 -0.000100
v 0.179796 0.084495 -0.003034
v 0.178434 0.084495 -0.001159
v 0.181905 0.085500 -0.000031
v 0.181941 0.085500 -0.000081
v 0.178434 0.084495 -0.001159
v 0.178434 0.084495 0.001159
v 0.181905 0.085500 0.000031
v 0.181905 0.085500 -0.000031
v 0.178434 0.084495 0.001159
v 0.179796 0.084495 0.003034
v 0.181941 0.085500 0.000081
v 0.181905 0.085500 0.000031
v 0.179796 0.084495 0.003034
v 0.182000 0.084495 0.003750
v 0.182000 0.085500 0.000100
v 0.181941 0.085500 0.000081
v 0.000100 0.048000 0.015250
v 0.000081 0.048059 0.015250
v 0.003438 0.050498 0.015819
v 0.004250 0.048000 0.015819
v 0.000081 0.048059 0.015250
v 0.000031 0.048095 0.015250
v 0.001313 0.052042 0.015819
v 0.003438 0.050498 0.015819
v 0.000031 0.048095 0.015250
v -0.000031 0.048095 0.015250
v -0.001313 0.052042 0.015819
v 0.001313 0.052042 0.015819
v -0.000031 0.048095 0.015250
v -0.000081 0.048059 0.015250
v -0.003438 0.050498 0.015819
v -0.001313 0.052042 0.015819
v -0.000081 0.048059 0.015250
v -0.000100 0.048000 0.015250
v -0.004250 0.048000 0.015819
v -0.003438 0.050498 0.015819
v -0.000100 0.048000 0.015250
v -0.000081 0.047941 0.015250
v -0.003438 0.045502 0.015819
v -0.004250 0.048000 0.015819
v -0.000081 0.047941 0.015250
v -0.000031 0.047905 0.015250
v -0.001313 0.043958 0.015819
v -0.003438 0.045502 0.015819
v -0.000031 0.047905 0.015250
v 0.000031 0.047905 0.015250
v 0.001313 0.043958 0.015819
v -0.001313 0.043958 0.015819
v 0.000031 0.047905 0.015250
v 0.000081 0.047941 0.015250
v 0.003438 0.045502 0.015819
v 0.001313 0.043958 0.015819
v 0.000081 0.047941 0.015250
v 0.000100 0.048000 0.015250
v 0.004250 0.048000 0.015819
v 0.003438 0.045502 0.015819
v 0.004250 0.048000 0.015819
v 0.003438 0.050498 0.015819
v 0.005955 0.052327 0.017375
v 0.007361 0.048000 0.017375
v 0.003438 0.050498 0.015819
v 0.001313 0.052042 0.015819
v 0.002275 0.055001 0.017375
v 0.005955 0.052327 0.017375
v 0.001313 0.052042 0.015819
v -0.001313 0.052042 0.015819
v -0.002275 0.055001 0.017375
v 0.002275 0.055001 0.017375
v -0.001313 0.052042 0.015819
v -0.003438 0.050498 0.015819
v -0.005955 0.052327 0.017375
v -0.002275 0.055001 0.017375
v -0.003438 0.050498 0.015819
v -0.004250 0.048000 0.015819
v -0.007361 0.048000 0.017375
v -0.005955 0.052327 0.017375
v -0.004250 0.048000 0.015819
v -0.003438 0.045502 0.015819
v -0.005955 0.043673 0.017375
v -0.007361 0.048000 0.017375
v -0.003438 0.045502 0.015819
v -0.001313 0.043958 0.015819
v -0.002275 0.040999 0.017375
v -0.005955 0.043673 0.017375
v -0.001313 0.043958 0.015819
v 0.001313 0.043958 0.015819
v 0.002275 0.040999 0.017375
v -0.002275 0.040999 0.017375
v 0.001313 0.043958 0.015819
v 0.003438 0.045502 0.015819
v 0.005955 0.043673 0.017375
v 0.002275 0.040999 0.017375
v 0.003438 0.045502 0.015819
v 0.004250 0.048000 0.015819
v 0.007361 0.048000 0.017375
v 0.005955 0.043673 0.017375
v 0.007361 0.048000 0.017375
v 0.005955 0.052327 0.017375
v 0.006877 0.052996 0.019500
v 0.008500 0.048000 0.019500
v 0.005955 0.052327 0.017375
v 0.002275 0.055001 0.017375
v 0.002627 0.056084 0.019500
v 0.006877 0.052996 0.019500
v 0.002275 0.055001 0.017375
v -0.002275 0.055001 0.017375
v -0.002627 0.056084 0.019500
v 0.002627 0.056084 0.019500
v -0.002275 0.055001 0.017375
v -0.005955 0.052327 0.017375
v -0.006877 0.052996 0.019500
v -0.002627 0.056084 0.019500
v -0.005955 0.052327 0.017375
v -0.007361 0.048000 0.017375
v -0.008500 0.048000 0.019500
v -0.006877 0.052996 0.019500
v -0.007361 0.048000 0.017375
v -0.005955 0.043673 0.017375
v -0.006877 0.043004 0.019500
v -0.008500 0.048000 0.019500
v -0.005955 0.043673 0.017375
v -0.002275 0.040999 0.017375
v -0.002627 0.039916 0.019500
v -0.006877 0.043004 0.019500
v -0.002275 0.040999 0.017375
v 0.002275 0.040999 0.017375
v 0.002627 0.039916 0.019500
v -0.002627 0.039916 0.019500
v 0.002275 0.040999 0.017375
v 0.005955 0.043673 0.017375
v 0.006877 0.043004 0.019500
v 0.002627 0.039916 0.019500
v 0.005955 0.043673 0.017375
v 0.007361 0.048000 0.017375
v 0.008500 0.048000 0.019500
v 0.006877 0.043004 0.019500
v 0.008500 0.048000 0.019500
v 0.006877 0.052996 0.019500
v 0.005955 0.052327 0.021625
v 0.007361 0.048000 0.021625
v 0.006877 0.052996 0.019500
v 0.002627 0.056084 0.019500
v 0.002275 0.055001 0.021625
v 0.005955 0.052327 0.021625
v 0.002627 0.056084 0.019500
v -0.002627 0.056084 0.019500
v -0.002275 0.055001 0.021625
v 0.002275 0.055001 0.021625
v -0.002627 0.056084 0.019500
v -0.006877 0.052996 0.019500
v -0.005955 0.052327 0.021625
v -0.002275 0.055001 0.021625
v -0.006877 0.052996 0.019500
v -0.008500 0.048000 0.019500
v -0.007361 0.048000 0.021625
v -0.005955 0.052327 0.021625
v -0.008500 0.048000 0.019500
v -0.006877 0.043004 0.019500
v -0.005955 0.043673 0.021625
v -0.007361 0.048000 0.021625
v -0.006877 0.043004 0.019500
v -0.002627 0.039916 0.019500
v -0.002275 0.040999 0.021625
v -0.005955 0.043673 0.021625
v -0.002627 0.039916 0.019500
v 0.002627 0.039916 0.019500
v 0.002275 0.040999 0.021625
v -0.002275 0.040999 0.021625
v 0.002627 0.039916 0.019500
v 0.006877 0.043004 0.019500
v 0.005955 0.043673 0.021625
v 0.002275 0.040999 0.021625
v 0.006877 0.043004 0.019500
v 0.008500 0.048000 0.019500
v 0.007361 0.048000 0.021625
v 0.005955 0.043673 0.021625
v 0.007361 0.048000 0.021625
v 0.005955 0.052327 0.021625
v 0.003438 0.050498 0.023181
v 0.004250 0.048000 0.023181
v 0.005955 0.052327 0.021625
v 0.002275 0.055001 0.021625
v 0.001313 0.052042 0.023181
v 0.003438 0.050498 0.023181
v 0.002275 0.055001 0.021625
v -0.002275 0.055001 0.021625
v -0.001313 0.052042 0.023181
v 0.001313 0.052042 0.023181
v -0.002275 0.055001 0.021625
v -0.005955 0.052327 0.021625
v -0.003438 0.050498 0.023181
v -0.001313 0.052042 0.023181
v -0.005955 0.052327 0.021625
v -0.007361 0.048000 0.021625
v -0.004250 0.048000 0.023181
v -0.003438 0.050498 0.023181
v -0.007361 0.048000 0.021625
v -0.005955 0.043673 0.021625
v -0.003438 0.045502 0.023181
v -0.004250 0.048000 0.023181
v -0.005955 0.043673 0.021625
v -0.002275 0.040999 0.021625
v -0.001313 0.043958 0.023181
v -0.003438 0.045502 0.023181
v -0.002275 0.040999 0.021625
v 0.002275 0.040999 0.021625
v 0.001313 0.043958 0.023181
v -0.001313 0.043958 0.023181
v 0.002275 0.040999 0.021625
v 0.005955 0.043673 0.021625
v 0.003438 0.045502 0.023181
v 0.001313 0.043958 0.023181
v 0.005955 0.043673 0.021625
v 0.007361 0.048000 0.021625
v 0.004250 0.048000 0.023181
v 0.003438 0.045502 0.023181
v 0.004250 0.048000 0.023181
v 0.003438 0.050498 0.023181
v 0.000081 0.048059 0.023750
v 0.000100 0.048000 0.023750
v 0.003438 0.050498 0.023181
v 0.001313 0.052042 0.023181
v 0.000031 0.048095 0.023750
v 0.000081 0.048059 0.023750
v 0.001313 0.052042 0.023181
v -0.001313 0.052042 0.023181
v -0.000031 0.048095 0.023750
v 0.000031 0.048095 0.023750
v -0.001313 0.052042 0.023181
v -0.003438 0.050498 0.023181
v -0.000081 0.048059 0.023750
v -0.000031 0.048095 0.023750
v -0.003438 0.050498 0.023181
v -0.004250 0.048000 0.023181
v -0.000100 0.048000 0.023750
v -0.000081 0.048059 0.023750
v -0.004250 0.048000 0.023181
v -0.003438 0.045502 0.023181
v -0.000081 0.047941 0.023750
v -0.000100 0.048000 0.023750
v -0.003438 0.045502 0.023181
v -0.001313 0.043958 0.023181
v -0.000031 0.047905 0.023750
v -0.000081 0.047941 0.023750
v -0.001313 0.043958 0.023181
v 0.001313 0.043958 0.023181
v 0.000031 0.047905 0.023750
v -0.000031 0.047905 0.023750
v 0.001313 0.043958 0.023181
v 0.003438 0.045502 0.023181
v 0.000081 0.047941 0.023750
v 0.000031 0.047905 0.023750
v 0.003438 0.045502 0.023181
v 0.004250 0.048000 0.023181
v 0.000100 0.048000 0.023750
v 0.000081 0.047941 0.023750
v 0.000100 0.048000 -0.015250
v 0.000081 0.047941 -0.015250
v 0.003438 0.045502 -0.015819
v 0.004250 0.048000 -0.015819
v 0.000081 0.047941 -0.015250
v 0.000031 0.047905 -0.015250
v 0.001313 0.043958 -0.015819
v 0.003438 0.045502 -0.015819
v 0.000031 0.047905 -0.015250
v -0.000031 0.047905 -0.015250
v -0.001313 0.043958 -0.015819
v 0.001313 0.043958 -0.015819
v -0.000031 0.047905 -0.015250
v -0.000081 0.047941 -0.015250
v -0.003438 0.045502 -0.015819
v -0.001313 0.043958 -0.015819
v -0.000081 0.047941 -0.015250
v -0.000100 0.048000 -0.015250
v -0.004250 0.048000 -0.015819
v -0.003438 0.045502 -0.015819
v -0.000100 0.048000 -0.015250
v -0.000081 0.048059 -0.015250
v -0.003438 0.050498 -0.015819
v -0.004250 0.048000 -0.015819
v -0.000081 0.048059 -0.015250
v -0.000031 0.048095 -0.015250
v -0.001313 0.052042 -0.015819
v -0.003438 0.050498 -0.015819
v -0.000031 0.048095 -0.015250
v 0.000031 0.048095 -0.015250
v 0.001313 0.052042 -0.015819
v -0.001313 0.052042 -0.015819
v 0.000031 0.048095 -0.015250
v 0.000081 0.048059 -0.015250
v 0.003438 0.050498 -0.015819
v 0.001313 0.052042 -0.015819
v 0.000081 0.048059 -0.015250
v 0.000100 0.048000 -0.015250
v 0.004250 0.048000 -0.015819
v 0.003438 0.050498 -0.015819
v 0.004250 0.048000 -0.015819
v 0.003438 0.045502 -0.015819
v 0.005955 0.043673 -0.017375
v 0.007361 0.048000 -0.017375
v 0.003438 0.045502 -0.015819
v 0.001313 0.043958 -0.015819
v 0.002275 0.040999 -0.017375
v 0.005955 0.043673 -0.017375
v 0.001313 0.043958 -0.015819
v -0.001313 0.043958 -0.015819
v -0.002275 0.040999 -0.017375
v 0.002275 0.040999 -0.017375
v -0.001313 0.043958 -0.015819
v -0.003438 0.045502 -0.015819
v -0.005955 0.043673 -0.017375
v -0.002275 0.040999 -0.017375
v -0.003438 0.045502 -0.015819
v -0.004250 0.048000 -0.015819
v -0.007361 0.048000 -0.017375
v -0.005955 0.043673 -0.017375
v -0.004250 0.048000 -0.015819
v -0.003438 0.050498 -0.015819
v -0.005955 0.052327 -0.017375
v -0.007361 0.048000 -0.017375
v -0.003438 0.050498 -0.015819
v -0.001313 0.052042 -0.015819
v -0.002275 0.055001 -0.017375
v -0.005955 0.052327 -0.017375
v -0.001313 0.052042 -0.015819
v 0.001313 0.052042 -0.015819
v 0.002275 0.055001 -0.017375
v -0.002275 0.055001 -0.017375
v 0.001313 0.052042 -0.015819
v 0.003438 0.050498 -0.015819
v 0.005955 0.052327 -0.017375
v 0.002275 0.055001 -0.017375
v 0.003438 0.050498 -0.015819
v 0.004250 0.048000 -0.015819
v 0.007361 0.048000 -0.017375
v 0.005955 0.052327 -0.017375
v 0.007361 0.048000 -0.017375
v 0.005955 0.043673 -0.017375
v 0.006877 0.043004 -0.019500
v 0.008500 0.048000 -0.019500
v 0.005955 0.043673 -0.017375
v 0.002275 0.040999 -0.017375
v 0.002627 0.039916 -0.019500
v 0.006877 0.043004 -0.019500
v 0.002275 0.040999 -0.017375
v -0.002275 0.040999 -0.017375
v -0.002627 0.039916 -0.019500
v 0.002627 0.039916 -0.019500
v -0.002275 0.040999 -0.017375
v -0.005955 0.043673 -0.017375
v -0.006877 0.043004 -0.019500
v -0.002627 0.039916 -0.019500
v -0.005955 0.043673 -0.017375
v -0.007361 0.048000 -0.017375
v -0.008500 0.048000 -0.019500
v -0.006877 0.043004 -0.019500
v -0.007361 0.048000 -0.017375
v -0.005955 0.052327 -0.017375
v -0.006877 0.052996 -0.019500
v -0.008500 0.048000 -0.019500
v -0.005955 0.052327 -0.017375
v -0.002275 0.055001 -0.017375
v -0.002627 0.056084 -0.019500
v -0.006877 0.052996 -0.019500
v -0.002275 0.055001 -0.017375
v 0.002275 0.055001 -0.017375
v 0.002627 0.056084 -0.019500
v -0.002627 0.056084 -0.019500
v 0.002275 0.055001 -0.017375
v 0.005955 0.052327 -0.017375
v 0.006877 0.052996 -0.019500
v 0.002627 0.056084 -0.019500
v 0.005955 0.052327 -0.017375
v 0.007361 0.048000 -0.017375
v 0.008500 0.048000 -0.019500
v 0.006877 0.052996 -0.019500
v 0.008500 0.048000 -0.019500
v 0.006877 0.043004 -0.019500
v 0.005955 0.043673 -0.021625
v 0.007361 0.048000 -0.021625
v 0.006877 0.043004 -0.019500
v 0.002627 0.039916 -0.019500
v 0.002275 0.040999 -0.021625
v 0.005955 0.043673 -0.021625
v 0.002627 0.039916 -0.019500
v -0.002627 0.039916 -0.019500
v -0.002275 0.040999 -0.021625
v 0.002275 0.040999 -0.021625
v -0.002627 0.039916 -0.019500
v -0.006877 0.043004 -0.019500
v -0.005955 0.043673 -0.021625
v -0.002275 0.040999 -0.021625
v -0.006877 0.043004 -0.019500
v -0.008500 0.048000 -0.019500
v -0.007361 0.048000 -0.021625
v -0.005955 0.043673 -0.021625
v -0.008500 0.048000 -0.019500
v -0.006877 0.052996 -0.019500
v -0.005955 0.052327 -0.021625
v -0.007361 0.048000 -0.021625
v -0.006877 0.052996 -0.019500
v -0.002627 0.056084 -0.019500
v -0.002275 0.055001 -0.021625
v -0.005955 0.052327 -0.021625
v -0.002627 0.056084 -0.019500
v 0.002627 0.056084 -0.019500
v 0.002275 0.055001 -0.021625
v -0.002275 0.055001 -0.021625
v 0.002627 0.056084 -0.019500
v 0.006877 0.052996 -0.019500
v 0.005955 0.052327 -0.021625
v 0.002275 0.055001 -0.021625
v 0.006877 0.052996 -0.019500
v 0.008500 0.048000 -0.019500
v 0.007361 0.048000 -0.021625
v 0.005955 0.052327 -0.021625
v 0.007361 0.048000 -0.021625
v 0.005955 0.043673 -0.021625
v 0.003438 0.045502 -0.023181
v 0.004250 0.048000 -0.023181
v 0.005955 0.043673 -0.021625
v 0.002275 0.040999 -0.021625
v 0.001313 0.043958 -0.023181
v 0.003438 0.045502 -0.023181
v 0.002275 0.040999 -0.021625
v -0.002275 0.040999 -0.021625
v -0.001313 0.043958 -0.023181
v 0.001313 0.043958 -0.023181
v -0.002275 0.040999 -0.021625
v -0.005955 0.043673 -0.021625
v -0.003438 0.045502 -0.023181
v -0.001313 0.043958 -0.023181
v -0.005955 0.043673 -0.021625
v -0.007361 0.048000 -0.021625
v -0.004250 0.048000 -0.023181
v -0.003438 0.045502 -0.023181
v -0.007361 0.048000 -0.021625
v -0.005955 0.052327 -0.021625
v -0.003438 0.050498 -0.023181
v -0.004250 0.048000 -0.023181
v -0.005955 0.052327 -0.021625
v -0.002275 0.055001 -0.021625
v -0.001313 0.052042 -0.023181
v -0.003438 0.050498 -0.023181
v -0.002275 0.055001 -0.021625
v 0.002275 0.055001 -0.021625
v 0.001313 0.052042 -0.023181
v -0.001313 0.052042 -0.023181
v 0.002275 0.055001 -0.021625
v 0.005955 0.052327 -0.021625
v 0.003438 0.050498 -0.023181
v 0.001313 0.052042 -0.023181
v 0.005955 0.052327 -0.021625
v 0.007361 0.048000 -0.021625
v 0.004250 0.048000 -0.023181
v 0.003438 0.050498 -0.023181
v 0.004250 0.048000 -0.023181
v 0.003438 0.045502 -0.023181
v 0.000081 0.047941 -0.023750
v 0.000100 0.048000 -0.023750
v 0.003438 0.045502 -0.023181
v 0.001313 0.043958 -0.023181
v 0.000031 0.047905 -0.023750
v 0.000081 0.047941 -0.023750
v 0.001313 0.043958 -0.023181
v -0.001313 0.043958 -0.023181
v -0.000031 0.047905 -0.023750
v 0.000031 0.047905 -0.023750
v -0.001313 0.043958 -0.023181
v -0.003438 0.045502 -0.023181
v -0.000081 0.047941 -0.023750
v -0.000031 0.047905 -0.023750
v -0.003438 0.045502 -0.023181
v -0.004250 0.048000 -0.023181
v -0.000100 0.048000 -0.023750
v -0.000081 0.047941 -0.023750
v -0.004250 0.048000 -0.023181
v -0.003438 0.050498 -0.023181
v -0.000081 0.048059 -0.023750
v -0.000100 0.048000 -0.023750
v -0.003438 0.050498 -0.023181
v -0.001313 0.052042 -0.023181
v -0.000031 0.048095 -0.023750
v -0.000081 0.048059 -0.023750
v -0.001313 0.052042 -0.023181
v 0.001313 0.052042 -0.023181
v 0.000031 0.048095 -0.023750
v -0.000031 0.048095 -0.023750
v 0.001313 0.052042 -0.023181
v 0.003438 0.050498 -0.023181
v 0.000081 0.048059 -0.023750
v 0.000031 0.048095 -0.023750
v 0.003438 0.050498 -0.023181
v 0.004250 0.048000 -0.023181
v 0.000100 0.048000 -0.023750
v 0.000081 0.048059 -0.023750
v 0.000000 0.012000 0.019950
v 0.011550 0.012000 0.017277
v 0.013200 0.018000 0.019745
v 0.000000 0.018000 0.022800
v 0.011550 0.012000 0.017277
v 0.020005 0.012000 0.009975
v 0.022863 0.018000 0.011400
v 0.013200 0.018000 0.019745
v 0.020005 0.012000 0.009975
v 0.023100 0.012000 0.000000
v 0.026400 0.018000 0.000000
v 0.022863 0.018000 0.011400
v 0.023100 0.012000 0.000000
v 0.020005 0.012000 -0.009975
v 0.022863 0.018000 -0.011400
v 0.026400 0.018000 0.000000
v 0.020005 0.012000 -0.009975
v 0.011550 0.012000 -0.017277
v 0.013200 0.018000 -0.019745
v 0.022863 0.018000 -0.011400
v 0.011550 0.012000 -0.017277
v 0.000000 0.012000 -0.019950
v 0.000000 0.018000 -0.022800
v 0.013200 0.018000 -0.019745
v 0.000000 0.012000 -0.019950
v -0.011550 0.012000 -0.017277
v -0.013200 0.018000 -0.019745
v 0.000000 0.018000 -0.022800
v -0.011550 0.012000 -0.017277
v -0.020005 0.012000 -0.009975
v -0.022863 0.018000 -0.011400
v -0.013200 0.018000 -0.019745
v -0.020005 0.012000 -0.009975
v -0.023100 0.012000 -0.000000
v -0.026400 0.018000 -0.000000
v -0.022863 0.018000 -0.011400
v -0.023100 0.012000 -0.000000
v -0.020005 0.012000 0.009975
v -0.022863 0.018000 0.011400
v -0.026400 0.018000 -0.000000
v -0.020005 0.012000 0.009975
v -0.011550 0.012000 0.017277
v -0.013200 0.018000 0.019745
v -0.022863 0.018000 0.011400
v -0.011550 0.012000 0.017277
v 0.000000 0.012000 0.019950
v 0.000000 0.018000 0.022800
v -0.013200 0.018000 0.019745
v 0.000000 0.018000 0.022800
v 0.013200 0.018000 0.019745
v 0.011550 0.030000 0.017277
v 0.000000 0.030000 0.019950
v 0.013200 0.018000 0.019745
v 0.022863 0.018000 0.011400
v 0.020005 0.030000 0.009975
v 0.011550 0.030000 0.017277
v 0.022863 0.018000 0.011400
v 0.026400 0.018000 0.000000
v 0.023100 0.030000 0.000000
v 0.020005 0.030000 0.009975
v 0.026400 0.018000 0.000000
v 0.022863 0.018000 -0.011400
v 0.020005 0.030000 -0.009975
v 0.023100 0.030000 0.000000
v 0.022863 0.018000 -0.011400
v 0.013200 0.018000 -0.019745
v 0.011550 0.030000 -0.017277
v 0.020005 0.030000 -0.009975
v 0.013200 0.018000 -0.019745
v 0.000000 0.018000 -0.022800
v 0.000000 0.030000 -0.019950
v 0.011550 0.030000 -0.017277
v 0.000000 0.018000 -0.022800
v -0.013200 0.018000 -0.019745
v -0.011550 0.030000 -0.017277
v 0.000000 0.030000 -0.019950
v -0.013200 0.018000 -0.019745
v -0.022863 0.018000 -0.011400
v -0.020005 0.030000 -0.009975
v -0.011550 0.030000 -0.017277
v -0.022863 0.018000 -0.011400
v -0.026400 0.018000 -0.000000
v -0.023100 0.030000 -0.000000
v -0.020005 0.030000 -0.009975
v -0.026400 0.018000 -0.000000
v -0.022863 0.018000 0.011400
v -0.020005 0.030000 0.009975
v -0.023100 0.030000 -0.000000
v -0.022863 0.018000 0.011400
v -0.013200 0.018000 0.019745
v -0.011550 0.030000 0.017277
v -0.020005 0.030000 0.009975
v -0.013200 0.018000 0.019745
v 0.000000 0.018000 0.022800
v 0.000000 0.030000 0.019950
v -0.011550 0.030000 0.017277
v 0.000000 -0.245000 0.019320
v 0.011550 -0.245000 0.016732
v 0.012650 -0.200000 0.018325
v 0.000000 -0.200000 0.021160
v 0.011550 -0.245000 0.016732
v 0.020005 -0.245000 0.009660
v 0.021910 -0.200000 0.010580
v 0.012650 -0.200000 0.018325
v 0.020005 -0.245000 0.009660
v 0.023100 -0.245000 0.000000
v 0.025300 -0.200000 0.000000
v 0.021910 -0.200000 0.010580
v 0.023100 -0.245000 0.000000
v 0.020005 -0.245000 -0.009660
v 0.021910 -0.200000 -0.010580
v 0.025300 -0.200000 0.000000
v 0.020005 -0.245000 -0.009660
v 0.011550 -0.245000 -0.016732
v 0.012650 -0.200000 -0.018325
v 0.021910 -0.200000 -0.010580
v 0.011550 -0.245000 -0.016732
v 0.000000 -0.245000 -0.019320
v 0.000000 -0.200000 -0.021160
v 0.012650 -0.200000 -0.018325
v 0.000000 -0.245000 -0.019320
v -0.011550 -0.245000 -0.016732
v -0.012650 -0.200000 -0.018325
v 0.000000 -0.200000 -0.021160
v -0.011550 -0.245000 -0.016732
v -0.020005 -0.245000 -0.009660
v -0.021910 -0.200000 -0.010580
v -0.012650 -0.200000 -0.018325
v -0.020005 -0.245000 -0.009660
v -0.023100 -0.245000 -0.000000
v -0.025300 -0.200000 -0.000000
v -0.021910 -0.200000 -0.010580
v -0.023100 -0.245000 -0.000000
v -0.020005 -0.245000 0.009660
v -0.021910 -0.200000 0.010580
v -0.025300 -0.200000 -0.000000
v -0.020005 -0.245000 0.009660
v -0.011550 -0.245000 0.016732
v -0.012650 -0.200000 0.018325
v -0.021910 -0.200000 0.010580
v -0.011550 -0.245000 0.016732
v 0.000000 -0.245000 0.019320
v 0.000000 -0.200000 0.021160
v -0.012650 -0.200000 0.018325
v 0.000000 -0.200000 0.021160
v 0.012650 -0.200000 0.018325
v 0.013750 -0.110000 0.019919
v 0.000000 -0.110000 0.023000
v 0.012650 -0.200000 0.018325
v 0.021910 -0.200000 0.010580
v 0.023816 -0.110000 0.011500
v 0.013750 -0.110000 0.019919
v 0.021910 -0.200000 0.010580
v 0.025300 -0.200000 0.000000
v 0.027500 -0.110000 0.000000
v 0.023816 -0.110000 0.011500
v 0.025300 -0.200000 0.000000
v 0.021910 -0.200000 -0.010580
v 0.023816 -0.110000 -0.011500
v 0.027500 -0.110000 0.000000
v 0.021910 -0.200000 -0.010580
v 0.012650 -0.200000 -0.018325
v 0.013750 -0.110000 -0.019919
v 0.023816 -0.110000 -0.011500
v 0.012650 -0.200000 -0.018325
v 0.000000 -0.200000 -0.021160
v 0.000000 -0.110000 -0.023000
v 0.013750 -0.110000 -0.019919
v 0.000000 -0.200000 -0.021160
v -0.012650 -0.200000 -0.018325
v -0.013750 -0.110000 -0.019919
v 0.000000 -0.110000 -0.023000
v -0.012650 -0.200000 -0.018325
v -0.021910 -0.200000 -0.010580
v -0.023816 -0.110000 -0.011500
v -0.013750 -0.110000 -0.019919
v -0.021910 -0.200000 -0.010580
v -0.025300 -0.200000 -0.000000
v -0.027500 -0.110000 -0.000000
v -0.023816 -0.110000 -0.011500
v -0.025300 -0.200000 -0.000000
v -0.021910 -0.200000 0.010580
v -0.023816 -0.110000 0.011500
v -0.027500 -0.110000 -0.000000
v -0.021910 -0.200000 0.010580
v -0.012650 -0.200000 0.018325
v -0.013750 -0.110000 0.019919
v -0.023816 -0.110000 0.011500
v -0.012650 -0.200000 0.018325
v 0.000000 -0.200000 0.021160
v 0.000000 -0.110000 0.023000
v -0.013750 -0.110000 0.019919
v 0.000000 -0.110000 0.023000
v 0.013750 -0.110000 0.019919
v 0.012100 -0.020000 0.017528
v 0.000000 -0.020000 0.020240
v 0.013750 -0.110000 0.019919
v 0.023816 -0.110000 0.011500
v 0.020958 -0.020000 0.010120
v 0.012100 -0.020000 0.017528
v 0.023816 -0.110000 0.011500
v 0.027500 -0.110000 0.000000
v 0.024200 -0.020000 0.000000
v 0.020958 -0.020000 0.010120
v 0.027500 -0.110000 0.000000
v 0.023816 -0.110000 -0.011500
v 0.020958 -0.020000 -0.010120
v 0.024200 -0.020000 0.000000
v 0.023816 -0.110000 -0.011500
v 0.013750 -0.110000 -0.019919
v 0.012100 -0.020000 -0.017528
v 0.020958 -0.020000 -0.010120
v 0.013750 -0.110000 -0.019919
v 0.000000 -0.110000 -0.023000
v 0.000000 -0.020000 -0.020240
v 0.012100 -0.020000 -0.017528
v 0.000000 -0.110000 -0.023000
v -0.013750 -0.110000 -0.019919
v -0.012100 -0.020000 -0.017528
v 0.000000 -0.020000 -0.020240
v -0.013750 -0.110000 -0.019919
v -0.023816 -0.110000 -0.011500
v -0.020958 -0.020000 -0.010120
v -0.012100 -0.020000 -0.017528
v -0.023816 -0.110000 -0.011500
v -0.027500 -0.110000 -0.000000
v -0.024200 -0.020000 -0.000000
v -0.020958 -0.020000 -0.010120
v -0.027500 -0.110000 -0.000000
v -0.023816 -0.110000 0.011500
v -0.020958 -0.020000 0.010120
v -0.024200 -0.020000 -0.000000
v -0.023816 -0.110000 0.011500
v -0.013750 -0.110000 0.019919
v -0.012100 -0.020000 0.017528
v -0.020958 -0.020000 0.010120
v -0.013750 -0.110000 0.019919
v 0.000000 -0.110000 0.023000
v 0.000000 -0.020000 0.020240
v -0.012100 -0.020000 0.017528
v 0.000000 -0.020000 0.020240
v 0.012100 -0.020000 0.017528
v 0.011550 0.014000 0.016732
v 0.000000 0.014000 0.019320
v 0.012100 -0.020000 0.017528
v 0.020958 -0.020000 0.010120
v 0.020005 0.014000 0.009660
v 0.011550 0.014000 0.016732
v 0.020958 -0.020000 0.010120
v 0.024200 -0.020000 0.000000
v 0.023100 0.014000 0.000000
v 0.020005 0.014000 0.009660
v 0.024200 -0.020000 0.000000
v 0.020958 -0.020000 -0.010120
v 0.020005 0.014000 -0.009660
v 0.023100 0.014000 0.000000
v 0.020958 -0.020000 -0.010120
v 0.012100 -0.020000 -0.017528
v 0.011550 0.014000 -0.016732
v 0.020005 0.014000 -0.009660
v 0.012100 -0.020000 -0.017528
v 0.000000 -0.020000 -0.020240
v 0.000000 0.014000 -0.019320
v 0.011550 0.014000 -0.016732
v 0.000000 -0.020000 -0.020240
v -0.012100 -0.020000 -0.017528
v -0.011550 0.014000 -0.016732
v 0.000000 0.014000 -0.019320
v -0.012100 -0.020000 -0.017528
v -0.020958 -0.020000 -0.010120
v -0.020005 0.014000 -0.009660
v -0.011550 0.014000 -0.016732
v -0.020958 -0.020000 -0.010120
v -0.024200 -0.020000 -0.000000
v -0.023100 0.014000 -0.000000
v -0.020005 0.014000 -0.009660
v -0.024200 -0.020000 -0.000000
v -0.020958 -0.020000 0.010120
v -0.020005 0.014000 0.009660
v -0.023100 0.014000 -0.000000
v -0.020958 -0.020000 0.010120
v -0.012100 -0.020000 0.017528
v -0.011550 0.014000 0.016732
v -0.020005 0.014000 0.009660
v -0.012100 -0.020000 0.017528
v 0.000000 -0.020000 0.020240
v 0.000000 0.014000 0.019320
v -0.011550 0.014000 0.016732
v 0.027629 -0.235898 0.000538
v 0.025944 -0.233632 -0.000274
v 0.024046 -0.232081 0.007941
v 0.025599 -0.234269 0.009140
v 0.025944 -0.233632 -0.000274
v 0.023217 -0.234638 -0.000708
v 0.021519 -0.233201 0.006943
v 0.024046 -0.232081 0.007941
v 0.023217 -0.234638 -0.000708
v 0.023217 -0.237526 -0.000163
v 0.021511 -0.236082 0.007525
v 0.021519 -0.233201 0.006943
v 0.023217 -0.237526 -0.000163
v 0.025944 -0.238305 0.000607
v 0.024032 -0.236742 0.008883
v 0.021511 -0.236082 0.007525
v 0.025944 -0.238305 0.000607
v 0.027629 -0.235898 0.000538
v 0.025599 -0.234269 0.009140
v 0.024032 -0.236742 0.008883
v 0.025599 -0.234269 0.009140
v 0.024046 -0.232081 0.007941
v 0.018474 -0.230513 0.014998
v 0.019566 -0.232544 0.016821
v 0.024046 -0.232081 0.007941
v 0.021519 -0.233201 0.006943
v 0.016614 -0.231850 0.013158
v 0.018474 -0.230513 0.014998
v 0.021519 -0.233201 0.006943
v 0.021511 -0.236082 0.007525
v 0.016555 -0.234707 0.013843
v 0.016614 -0.231850 0.013158
v 0.021511 -0.236082 0.007525
v 0.024032 -0.236742 0.008883
v 0.018379 -0.235136 0.016107
v 0.016555 -0.234707 0.013843
v 0.024032 -0.236742 0.008883
v 0.025599 -0.234269 0.009140
v 0.019566 -0.232544 0.016821
v 0.018379 -0.235136 0.016107
v 0.019566 -0.232544 0.016821
v 0.018474 -0.230513 0.014998
v 0.010162 -0.228964 0.019687
v 0.010623 -0.230846 0.021897
v 0.018474 -0.230513 0.014998
v 0.016614 -0.231850 0.013158
v 0.009098 -0.230483 0.017408
v 0.010162 -0.228964 0.019687
v 0.016614 -0.231850 0.013158
v 0.016555 -0.234707 0.013843
v 0.008901 -0.233304 0.018209
v 0.009098 -0.230483 0.017408
v 0.016555 -0.234707 0.013843
v 0.018379 -0.235136 0.016107
v 0.009843 -0.233528 0.020984
v 0.008901 -0.233304 0.018209
v 0.018379 -0.235136 0.016107
v 0.019566 -0.232544 0.016821
v 0.010623 -0.230846 0.021897
v 0.009843 -0.233528 0.020984
v 0.010623 -0.230846 0.021897
v 0.010162 -0.228964 0.019687
v 0.000386 -0.227430 0.021342
v 0.000129 -0.229162 0.023703
v 0.010162 -0.228964 0.019687
v 0.009098 -0.230483 0.017408
v 0.000109 -0.229111 0.018948
v 0.000386 -0.227430 0.021342
v 0.009098 -0.230483 0.017408
v 0.008901 -0.233304 0.018209
v -0.000319 -0.231882 0.019828
v 0.000109 -0.229111 0.018948
v 0.008901 -0.233304 0.018209
v 0.009843 -0.233528 0.020984
v -0.000306 -0.231914 0.022767
v -0.000319 -0.231882 0.019828
v 0.009843 -0.233528 0.020984
v 0.010623 -0.230846 0.021897
v 0.000129 -0.229162 0.023703
v -0.000306 -0.231914 0.022767
v 0.000129 -0.229162 0.023703
v 0.000386 -0.227430 0.021342
v -0.009363 -0.225910 0.019739
v -0.010395 -0.227475 0.022003
v 0.000386 -0.227430 0.021342
v 0.000109 -0.229111 0.018948
v -0.008911 -0.227752 0.017494
v -0.009363 -0.225910 0.019739
v 0.000109 -0.229111 0.018948
v -0.000319 -0.231882 0.019828
v -0.009663 -0.230455 0.018370
v -0.008911 -0.227752 0.017494
v -0.000319 -0.231882 0.019828
v -0.000306 -0.231914 0.022767
v -0.010580 -0.230283 0.021157
v -0.009663 -0.230455 0.018370
v -0.000306 -0.231914 0.022767
v 0.000129 -0.229162 0.023703
v -0.010395 -0.227475 0.022003
v -0.010580 -0.230283 0.021157
v -0.010395 -0.227475 0.022003
v -0.009363 -0.225910 0.019739
v -0.017584 -0.224410 0.015147
v -0.019414 -0.225761 0.017009
v -0.009363 -0.225910 0.019739
v -0.008911 -0.227752 0.017494
v -0.016506 -0.226431 0.013306
v -0.017584 -0.224410 0.015147
v -0.008911 -0.227752 0.017494
v -0.009663 -0.230455 0.018370
v -0.017671 -0.229031 0.014029
v -0.016506 -0.226431 0.013306
v -0.009663 -0.230455 0.018370
v -0.010580 -0.230283 0.021157
v -0.019467 -0.228617 0.016318
v -0.017671 -0.229031 0.014029
v -0.010580 -0.230283 0.021157
v -0.010395 -0.227475 0.022003
v -0.019414 -0.225761 0.017009
v -0.019467 -0.228617 0.016318
v -0.019414 -0.225761 0.017009
v -0.017584 -0.224410 0.015147
v -0.023003 -0.222943 0.008329
v -0.025530 -0.224003 0.009392
v -0.017584 -0.224410 0.015147
v -0.016506 -0.226431 0.013306
v -0.021515 -0.225175 0.007129
v -0.023003 -0.222943 0.008329
v -0.016506 -0.226431 0.013306
v -0.017671 -0.229031 0.014029
v -0.023122 -0.227614 0.007449
v -0.021515 -0.225175 0.007129
v -0.017671 -0.229031 0.014029
v -0.019467 -0.228617 0.016318
v -0.025603 -0.226890 0.008848
v -0.023122 -0.227614 0.007449
v -0.019467 -0.228617 0.016318
v -0.019414 -0.225761 0.017009
v -0.025530 -0.224003 0.009392
v -0.025603 -0.226890 0.008848
v -0.025530 -0.224003 0.009392
v -0.023003 -0.222943 0.008329
v -0.024838 -0.221524 0.000413
v -0.027693 -0.222213 0.000309
v -0.023003 -0.222943 0.008329
v -0.021515 -0.225175 0.007129
v -0.023294 -0.223980 -0.000054
v -0.024838 -0.221524 0.000413
v -0.021515 -0.225175 0.007129
v -0.023122 -0.227614 0.007449
v -0.025194 -0.226187 -0.000446
v -0.023294 -0.223980 -0.000054
v -0.023122 -0.227614 0.007449
v -0.025603 -0.226890 0.008848
v -0.027913 -0.225095 -0.000222
v -0.025194 -0.226187 -0.000446
v -0.025603 -0.226890 0.008848
v -0.025530 -0.224003 0.009392
v -0.027693 -0.222213 0.000309
v -0.027913 -0.225095 -0.000222
v -0.027693 -0.222213 0.000309
v -0.024838 -0.221524 0.000413
v -0.022933 -0.220145 -0.007388
v -0.025539 -0.220445 -0.008713
v -0.024838 -0.221524 0.000413
v -0.023294 -0.223980 -0.000054
v -0.021653 -0.222788 -0.007292
v -0.022933 -0.220145 -0.007388
v -0.023294 -0.223980 -0.000054
v -0.025194 -0.226187 -0.000446
v -0.023468 -0.224723 -0.008558
v -0.021653 -0.222788 -0.007292
v -0.025194 -0.226187 -0.000446
v -0.027913 -0.225095 -0.000222
v -0.025870 -0.223274 -0.009436
v -0.023468 -0.224723 -0.008558
v -0.027913 -0.225095 -0.000222
v -0.027693 -0.222213 0.000309
v -0.025539 -0.220445 -0.008713
v -0.025870 -0.223274 -0.009436
v -0.025539 -0.220445 -0.008713
v -0.022933 -0.220145 -0.007388
v -0.017627 -0.218770 -0.013988
v -0.019532 -0.218740 -0.016226
v -0.022933 -0.220145 -0.007388
v -0.021653 -0.222788 -0.007292
v -0.016707 -0.221536 -0.013616
v -0.017627 -0.218770 -0.013988
v -0.021653 -0.222788 -0.007292
v -0.023468 -0.224723 -0.008558
v -0.018042 -0.223216 -0.015624
v -0.016707 -0.221536 -0.013616
v -0.023468 -0.224723 -0.008558
v -0.025870 -0.223274 -0.009436
v -0.019788 -0.221488 -0.017237
v -0.018042 -0.223216 -0.015624
v -0.025870 -0.223274 -0.009436
v -0.025539 -0.220445 -0.008713
v -0.019532 -0.218740 -0.016226
v -0.019788 -0.221488 -0.017237
v -0.019532 -0.218740 -0.016226
v -0.017627 -0.218770 -0.013988
v -0.009672 -0.217382 -0.018433
v -0.010689 -0.217092 -0.021175
v -0.017627 -0.218770 -0.013988
v -0.016707 -0.221536 -0.013616
v -0.009044 -0.220219 -0.017992
v -0.009672 -0.217382 -0.018433
v -0.016707 -0.221536 -0.013616
v -0.018042 -0.223216 -0.015624
v -0.009673 -0.221683 -0.020461
v -0.009044 -0.220219 -0.017992
v -0.018042 -0.223216 -0.015624
v -0.019788 -0.221488 -0.017237
v -0.010690 -0.219750 -0.022429
v -0.009673 -0.221683 -0.020461
v -0.019788 -0.221488 -0.017237
v -0.019532 -0.218740 -0.016226
v -0.010689 -0.217092 -0.021175
v -0.010690 -0.219750 -0.022429
v -0.010689 -0.217092 -0.021175
v -0.009672 -0.217382 -0.018433
v -0.000252 -0.215984 -0.020016
v -0.000346 -0.215479 -0.022910
v -0.009672 -0.217382 -0.018433
v -0.009044 -0.220219 -0.017992
v 0.000190 -0.218861 -0.019610
v -0.000252 -0.215984 -0.020016
v -0.009044 -0.220219 -0.017992
v -0.009673 -0.221683 -0.020461
v 0.000369 -0.220134 -0.022253
v 0.000190 -0.218861 -0.019610
v -0.009673 -0.221683 -0.020461
v -0.010690 -0.219750 -0.022429
v 0.000038 -0.218043 -0.024292
v 0.000369 -0.220134 -0.022253
v -0.010690 -0.219750 -0.022429
v -0.010689 -0.217092 -0.021175
v -0.000346 -0.215479 -0.022910
v 0.000038 -0.218043 -0.024292
v -0.000346 -0.215479 -0.022910
v -0.000252 -0.215984 -0.020016
v 0.009160 -0.214591 -0.018476
v 0.009973 -0.213883 -0.021211
v -0.000252 -0.215984 -0.020016
v 0.000190 -0.218861 -0.019610
v 0.009523 -0.217488 -0.018142
v 0.009160 -0.214591 -0.018476
v 0.000190 -0.218861 -0.019610
v 0.000369 -0.220134 -0.022253
v 0.010560 -0.218571 -0.020670
v 0.009523 -0.217488 -0.018142
v 0.000369 -0.220134 -0.022253
v 0.000038 -0.218043 -0.024292
v 0.010838 -0.216343 -0.022566
v 0.010560 -0.218571 -0.020670
v 0.000038 -0.218043 -0.024292
v -0.000346 -0.215479 -0.022910
v 0.009973 -0.213883 -0.021211
v 0.010838 -0.216343 -0.022566
v 0.009973 -0.213883 -0.021211
v 0.009160 -0.214591 -0.018476
v 0.017073 -0.213219 -0.014094
v 0.018729 -0.212297 -0.016340
v 0.009160 -0.214591 -0.018476
v 0.009523 -0.217488 -0.018142
v 0.017458 -0.216119 -0.013811
v 0.017073 -0.213219 -0.014094
v 0.009523 -0.217488 -0.018142
v 0.010560 -0.218571 -0.020670
v 0.019353 -0.216989 -0.015883
v 0.017458 -0.216119 -0.013811
v 0.010560 -0.218571 -0.020670
v 0.010838 -0.216343 -0.022566
v 0.020138 -0.214627 -0.017445
v 0.019353 -0.216989 -0.015883
v 0.010838 -0.216343 -0.022566
v 0.009973 -0.213883 -0.021211
v 0.018729 -0.212297 -0.016340
v 0.020138 -0.214627 -0.017445
v 0.018729 -0.212297 -0.016340
v 0.017073 -0.213219 -0.014094
v 0.022281 -0.211882 -0.007643
v 0.024592 -0.210719 -0.009038
v 0.017073 -0.213219 -0.014094
v 0.017458 -0.216119 -0.013811
v 0.022768 -0.214762 -0.007322
v 0.022281 -0.211882 -0.007643
v 0.017458 -0.216119 -0.013811
v 0.019353 -0.216989 -0.015883
v 0.025380 -0.215380 -0.008519
v 0.022768 -0.214762 -0.007322
v 0.019353 -0.216989 -0.015883
v 0.020138 -0.214627 -0.017445
v 0.026507 -0.212882 -0.009580
v 0.025380 -0.215380 -0.008519
v 0.020138 -0.214627 -0.017445
v 0.018729 -0.212297 -0.016340
v 0.024592 -0.210719 -0.009038
v 0.026507 -0.212882 -0.009580
v 0.024592 -0.210719 -0.009038
v 0.022281 -0.211882 -0.007643
v 0.024110 -0.210572 -0.000167
v 0.026671 -0.209157 -0.000444
v 0.022281 -0.211882 -0.007643
v 0.022768 -0.214762 -0.007322
v 0.024690 -0.213408 0.000340
v 0.024110 -0.210572 -0.000167
v 0.022768 -0.214762 -0.007322
v 0.025380 -0.215380 -0.008519
v 0.027609 -0.213746 0.000377
v 0.024690 -0.213408 0.000340
v 0.025380 -0.215380 -0.008519
v 0.026507 -0.212882 -0.009580
v 0.028834 -0.211118 -0.000107
v 0.027609 -0.213746 0.000377
v 0.026507 -0.212882 -0.009580
v 0.024592 -0.210719 -0.009038
v 0.026671 -0.209157 -0.000444
v 0.028834 -0.211118 -0.000107
v 0.026671 -0.209157 -0.000444
v 0.024110 -0.210572 -0.000167
v 0.022387 -0.209253 0.007309
v 0.024691 -0.207613 0.008110
v 0.024110 -0.210572 -0.000167
v 0.024690 -0.213408 0.000340
v 0.022925 -0.212029 0.008110
v 0.022387 -0.209253 0.007309
v 0.024690 -0.213408 0.000340
v 0.027609 -0.213746 0.000377
v 0.025562 -0.212105 0.009406
v 0.022925 -0.212029 0.008110
v 0.027609 -0.213746 0.000377
v 0.028834 -0.211118 -0.000107
v 0.026653 -0.209376 0.009405
v 0.025562 -0.212105 0.009406
v 0.028834 -0.211118 -0.000107
v 0.026671 -0.209157 -0.000444
v 0.024691 -0.207613 0.008110
v 0.026653 -0.209376 0.009405
v 0.024691 -0.207613 0.008110
v 0.022387 -0.209253 0.007309
v 0.017284 -0.207895 0.013783
v 0.018994 -0.206085 0.015344
v 0.022387 -0.209253 0.007309
v 0.022925 -0.212029 0.008110
v 0.017615 -0.210610 0.014859
v 0.017284 -0.207895 0.013783
v 0.022925 -0.212029 0.008110
v 0.025562 -0.212105 0.009406
v 0.019530 -0.210478 0.017084
v 0.017615 -0.210610 0.014859
v 0.025562 -0.212105 0.009406
v 0.026653 -0.209376 0.009405
v 0.020382 -0.207682 0.017384
v 0.019530 -0.210478 0.017084
v 0.026653 -0.209376 0.009405
v 0.024691 -0.207613 0.008110
v 0.018994 -0.206085 0.015344
v 0.020382 -0.207682 0.017384
v 0.018994 -0.206085 0.015344
v 0.017284 -0.207895 0.013783
v 0.009445 -0.206500 0.018229
v 0.010454 -0.204566 0.020198
v 0.017284 -0.207895 0.013783
v 0.017615 -0.210610 0.014859
v 0.009454 -0.209159 0.019479
v 0.009445 -0.206500 0.018229
v 0.017615 -0.210610 0.014859
v 0.019530 -0.210478 0.017084
v 0.010469 -0.208869 0.022222
v 0.009454 -0.209159 0.019479
v 0.019530 -0.210478 0.017084
v 0.020382 -0.207682 0.017384
v 0.011088 -0.206031 0.022666
v 0.010469 -0.208869 0.022222
v 0.020382 -0.207682 0.017384
v 0.018994 -0.206085 0.015344
v 0.010454 -0.204566 0.020198
v 0.011088 -0.206031 0.022666
v 0.010454 -0.204566 0.020198
v 0.009445 -0.206500 0.018229
v 0.000049 -0.205082 0.019851
v 0.000363 -0.203053 0.021954
v 0.009445 -0.206500 0.018229
v 0.009454 -0.209159 0.019479
v -0.000333 -0.207688 0.021153
v 0.000049 -0.205082 0.019851
v 0.009454 -0.209159 0.019479
v 0.010469 -0.208869 0.022222
v -0.000255 -0.207271 0.024061
v -0.000333 -0.207688 0.021153
v 0.010469 -0.208869 0.022222
v 0.011088 -0.206031 0.022666
v 0.000176 -0.204406 0.024556
v -0.000255 -0.207271 0.024061
v 0.011088 -0.206031 0.022666
v 0.010454 -0.204566 0.020198
v 0.000363 -0.203053 0.021954
v 0.000176 -0.204406 0.024556
v 0.000363 -0.203053 0.021954
v 0.000049 -0.205082 0.019851
v -0.009395 -0.203657 0.018342
v -0.009741 -0.201546 0.020358
v 0.000049 -0.205082 0.019851
v -0.000333 -0.207688 0.021153
v -0.010216 -0.206208 0.019549
v -0.009395 -0.203657 0.018342
v -0.000333 -0.207688 0.021153
v -0.000255 -0.207271 0.024061
v -0.011068 -0.205673 0.022311
v -0.010216 -0.206208 0.019549
v -0.000255 -0.207271 0.024061
v 0.000176 -0.204406 0.024556
v -0.010775 -0.202792 0.022810
v -0.011068 -0.205673 0.022311
v 0.000176 -0.204406 0.024556
v 0.000363 -0.203053 0.021954
v -0.009741 -0.201546 0.020358
v -0.010775 -0.202792 0.022810
v -0.009741 -0.201546 0.020358
v -0.009395 -0.203657 0.018342
v -0.017360 -0.202235 0.013968
v -0.018315 -0.200045 0.015679
v -0.009395 -0.203657 0.018342
v -0.010216 -0.206208 0.019549
v -0.018633 -0.204722 0.014882
v -0.017360 -0.202235 0.013968
v -0.010216 -0.206208 0.019549
v -0.011068 -0.205673 0.022311
v -0.020374 -0.204069 0.017157
v -0.018633 -0.204722 0.014882
v -0.011068 -0.205673 0.022311
v -0.010775 -0.202792 0.022810
v -0.020178 -0.201178 0.017650
v -0.020374 -0.204069 0.017157
v -0.010775 -0.202792 0.022810
v -0.009741 -0.201546 0.020358
v -0.018315 -0.200045 0.015679
v -0.020178 -0.201178 0.017650
v -0.018315 -0.200045 0.015679
v -0.017360 -0.202235 0.013968
v -0.022618 -0.200825 0.007503
v -0.024070 -0.198553 0.008671
v -0.017360 -0.202235 0.013968
v -0.018633 -0.204722 0.014882
v -0.024260 -0.203236 0.007866
v -0.022618 -0.200825 0.007503
v -0.018633 -0.204722 0.014882
v -0.020374 -0.204069 0.017157
v -0.026726 -0.202453 0.009259
v -0.024260 -0.203236 0.007866
v -0.020374 -0.204069 0.017157
v -0.020178 -0.201178 0.017650
v -0.026609 -0.199559 0.009757
v -0.026726 -0.202453 0.009259
v -0.020178 -0.201178 0.017650
v -0.018315 -0.200045 0.015679
v -0.024070 -0.198553 0.008671
v -0.026609 -0.199559 0.009757
v -0.024070 -0.198553 0.008671
v -0.022618 -0.200825 0.007503
v -0.024465 -0.199422 -0.000017
v -0.026169 -0.197066 0.000409
v -0.022618 -0.200825 0.007503
v -0.024260 -0.203236 0.007866
v -0.026216 -0.201748 -0.000419
v -0.024465 -0.199422 -0.000017
v -0.024260 -0.203236 0.007866
v -0.026726 -0.202453 0.009259
v -0.029002 -0.200829 -0.000242
v -0.026216 -0.201748 -0.000419
v -0.026726 -0.202453 0.009259
v -0.026609 -0.199559 0.009757
v -0.028973 -0.197935 0.000269
v -0.029002 -0.200829 -0.000242
v -0.026609 -0.199559 0.009757
v -0.024070 -0.198553 0.008671
v -0.026169 -0.197066 0.000409
v -0.028973 -0.197935 0.000269
v -0.026169 -0.197066 0.000409
v -0.024465 -0.199422 -0.000017
v -0.022695 -0.198014 -0.007564
v -0.024307 -0.195578 -0.007891
v -0.024465 -0.199422 -0.000017
v -0.026216 -0.201748 -0.000419
v -0.024194 -0.200258 -0.008728
v -0.022695 -0.198014 -0.007564
v -0.026216 -0.201748 -0.000419
v -0.029002 -0.200829 -0.000242
v -0.026733 -0.199209 -0.009773
v -0.024194 -0.200258 -0.008728
v -0.029002 -0.200829 -0.000242
v -0.028973 -0.197935 0.000269
v -0.026803 -0.196317 -0.009256
v -0.026733 -0.199209 -0.009773
v -0.028973 -0.197935 0.000269
v -0.026169 -0.197066 0.000409
v -0.024307 -0.195578 -0.007891
v -0.026803 -0.196317 -0.009256
v -0.024307 -0.195578 -0.007891
v -0.022695 -0.198014 -0.007564
v -0.017488 -0.196587 -0.014112
v -0.018754 -0.194086 -0.014995
v -0.022695 -0.198014 -0.007564
v -0.024194 -0.200258 -0.008728
v -0.018477 -0.198760 -0.015826
v -0.017488 -0.196587 -0.014112
v -0.024194 -0.200258 -0.008728
v -0.026733 -0.199209 -0.009773
v -0.020354 -0.197602 -0.017768
v -0.018477 -0.198760 -0.015826
v -0.026733 -0.199209 -0.009773
v -0.026803 -0.196317 -0.009256
v -0.020525 -0.194714 -0.017254
v -0.020354 -0.197602 -0.017768
v -0.026803 -0.196317 -0.009256
v -0.024307 -0.195578 -0.007891
v -0.018754 -0.194086 -0.014995
v -0.020525 -0.194714 -0.017254
v -0.018754 -0.194086 -0.014995
v -0.017488 -0.196587 -0.014112
v -0.009498 -0.195143 -0.018598
v -0.010325 -0.192592 -0.019799
v -0.017488 -0.196587 -0.014112
v -0.018477 -0.198760 -0.015826
v -0.009864 -0.197255 -0.020608
v -0.009498 -0.195143 -0.018598
v -0.018477 -0.198760 -0.015826
v -0.020354 -0.197602 -0.017768
v -0.010918 -0.196009 -0.023053
v -0.009864 -0.197255 -0.020608
v -0.020354 -0.197602 -0.017768
v -0.020525 -0.194714 -0.017254
v -0.011203 -0.193127 -0.022552
v -0.010918 -0.196009 -0.023053
v -0.020525 -0.194714 -0.017254
v -0.018754 -0.194086 -0.014995
v -0.010325 -0.192592 -0.019799
v -0.011203 -0.193127 -0.022552
v -0.010325 -0.192592 -0.019799
v -0.009498 -0.195143 -0.018598
v 0.000064 -0.193687 -0.020208
v -0.000321 -0.191096 -0.021541
v -0.009498 -0.195143 -0.018598
v -0.009864 -0.197255 -0.020608
v 0.000360 -0.195743 -0.022287
v 0.000064 -0.193687 -0.020208
v -0.009864 -0.197255 -0.020608
v -0.010918 -0.196009 -0.023053
v 0.000159 -0.194423 -0.024905
v 0.000360 -0.195743 -0.022287
v -0.010918 -0.196009 -0.023053
v -0.011203 -0.193127 -0.022552
v -0.000262 -0.191551 -0.024444
v 0.000159 -0.194423 -0.024905
v -0.011203 -0.193127 -0.022552
v -0.010325 -0.192592 -0.019799
v -0.000321 -0.191096 -0.021541
v -0.000262 -0.191551 -0.024444
v -0.000321 -0.191096 -0.021541
v 0.000064 -0.193687 -0.020208
v 0.009656 -0.192226 -0.018633
v 0.009695 -0.189602 -0.019957
v 0.000064 -0.193687 -0.020208
v 0.000360 -0.195743 -0.022287
v 0.010632 -0.194226 -0.020552
v 0.009656 -0.192226 -0.018633
v 0.000360 -0.195743 -0.022287
v 0.000159 -0.194423 -0.024905
v 0.011274 -0.192839 -0.023062
v 0.010632 -0.194226 -0.020552
v 0.000159 -0.194423 -0.024905
v -0.000262 -0.191551 -0.024444
v 0.010694 -0.189982 -0.022695
v 0.011274 -0.192839 -0.023062
v -0.000262 -0.191551 -0.024444
v -0.000321 -0.191096 -0.021541
v 0.009695 -0.189602 -0.019957
v 0.010694 -0.189982 -0.022695
v 0.009695 -0.189602 -0.019957
v 0.009656 -0.192226 -0.018633
v 0.017726 -0.190766 -0.014146
v 0.018164 -0.188113 -0.015333
v 0.009656 -0.192226 -0.018633
v 0.010632 -0.194226 -0.020552
v 0.019360 -0.192706 -0.015631
v 0.017726 -0.190766 -0.014146
v 0.010632 -0.194226 -0.020552
v 0.011274 -0.192839 -0.023062
v 0.020808 -0.191252 -0.017735
v 0.019360 -0.192706 -0.015631
v 0.011274 -0.192839 -0.023062
v 0.010694 -0.189982 -0.022695
v 0.020068 -0.188414 -0.017551
v 0.020808 -0.191252 -0.017735
v 0.010694 -0.189982 -0.022695
v 0.009695 -0.189602 -0.019957
v 0.018164 -0.188113 -0.015333
v 0.020068 -0.188414 -0.017551
v 0.018164 -0.188113 -0.015333
v 0.017726 -0.190766 -0.014146
v 0.023025 -0.189310 -0.007539
v 0.023818 -0.186629 -0.008444
v 0.017726 -0.190766 -0.014146
v 0.019360 -0.192706 -0.015631
v 0.025173 -0.191183 -0.008258
v 0.023025 -0.189310 -0.007539
v 0.019360 -0.192706 -0.015631
v 0.020808 -0.191252 -0.017735
v 0.027293 -0.189659 -0.009607
v 0.025173 -0.191183 -0.008258
v 0.020808 -0.191252 -0.017735
v 0.020068 -0.188414 -0.017551
v 0.026456 -0.186844 -0.009722
v 0.027293 -0.189659 -0.009607
v 0.020068 -0.188414 -0.017551
v 0.018164 -0.188113 -0.015333
v 0.023818 -0.186629 -0.008444
v 0.026456 -0.186844 -0.009722
v 0.023818 -0.186629 -0.008444
v 0.023025 -0.189310 -0.007539
v 0.024854 -0.187858 0.000124
v 0.025882 -0.185146 -0.000353
v 0.023025 -0.189310 -0.007539
v 0.025173 -0.191183 -0.008258
v 0.027155 -0.189660 0.000430
v 0.024854 -0.187858 0.000124
v 0.025173 -0.191183 -0.008258
v 0.027293 -0.189659 -0.009607
v 0.029605 -0.188063 0.000142
v 0.027155 -0.189660 0.000430
v 0.027293 -0.189659 -0.009607
v 0.026456 -0.186844 -0.009722
v 0.028818 -0.185273 -0.000343
v 0.029605 -0.188063 0.000142
v 0.026456 -0.186844 -0.009722
v 0.023818 -0.186629 -0.008444
v 0.025882 -0.185146 -0.000353
v 0.028818 -0.185273 -0.000343
v 0.025882 -0.185146 -0.000353
v 0.024854 -0.187858 0.000124
v 0.023024 -0.186405 0.007797
v 0.024078 -0.183661 0.007796
v 0.024854 -0.187858 0.000124
v 0.027155 -0.189660 0.000430
v 0.025008 -0.188140 0.009098
v 0.023024 -0.186405 0.007797
v 0.027155 -0.189660 0.000430
v 0.029605 -0.188063 0.000142
v 0.027288 -0.186468 0.009901
v 0.025008 -0.188140 0.009098
v 0.029605 -0.188063 0.000142
v 0.028818 -0.185273 -0.000343
v 0.026713 -0.183701 0.009097
v 0.027288 -0.186468 0.009901
v 0.028818 -0.185273 -0.000343
v 0.025882 -0.185146 -0.000353
v 0.024078 -0.183661 0.007796
v 0.026713 -0.183701 0.009097
v 0.024078 -0.183661 0.007796
v 0.023024 -0.186405 0.007797
v 0.017710 -0.184946 0.014438
v 0.018605 -0.182173 0.014820
v 0.023024 -0.186405 0.007797
v 0.025008 -0.188140 0.009098
v 0.019055 -0.186619 0.016446
v 0.017710 -0.184946 0.014438
v 0.025008 -0.188140 0.009098
v 0.027288 -0.186468 0.009901
v 0.020780 -0.184880 0.018069
v 0.019055 -0.186619 0.016446
v 0.027288 -0.186468 0.009901
v 0.026713 -0.183701 0.009097
v 0.020503 -0.182132 0.017064
v 0.020780 -0.184880 0.018069
v 0.026713 -0.183701 0.009097
v 0.024078 -0.183661 0.007796
v 0.018605 -0.182173 0.014820
v 0.020503 -0.182132 0.017064
v 0.018605 -0.182173 0.014820
v 0.017710 -0.184946 0.014438
v 0.009581 -0.183479 0.018980
v 0.010239 -0.180682 0.019597
v 0.017710 -0.184946 0.014438
v 0.019055 -0.186619 0.016446
v 0.010160 -0.185096 0.021365
v 0.009581 -0.183479 0.018980
v 0.019055 -0.186619 0.016446
v 0.020780 -0.184880 0.018069
v 0.011175 -0.183298 0.023456
v 0.010160 -0.185096 0.021365
v 0.020780 -0.184880 0.018069
v 0.020503 -0.182132 0.017064
v 0.011224 -0.180570 0.022364
v 0.011175 -0.183298 0.023456
v 0.020503 -0.182132 0.017064
v 0.018605 -0.182173 0.014820
v 0.010239 -0.180682 0.019597
v 0.011224 -0.180570 0.022364
v 0.010239 -0.180682 0.019597
v 0.009581 -0.183479 0.018980
v -0.000138 -0.182006 0.020600
v 0.000273 -0.179190 0.021336
v 0.009581 -0.183479 0.018980
v 0.010160 -0.185096 0.021365
v -0.000359 -0.183569 0.023079
v -0.000138 -0.182006 0.020600
v 0.010160 -0.185096 0.021365
v 0.011175 -0.183298 0.023456
v -0.000084 -0.181721 0.025347
v -0.000359 -0.183569 0.023079
v 0.011175 -0.183298 0.023456
v 0.011224 -0.180570 0.022364
v 0.000307 -0.179014 0.024270
v -0.000084 -0.181721 0.025347
v 0.011224 -0.180570 0.022364
v 0.010239 -0.180682 0.019597
v 0.000273 -0.179190 0.021336
v 0.000307 -0.179014 0.024270
v 0.000273 -0.179190 0.021336
v -0.000138 -0.182006 0.020600
v -0.009890 -0.180530 0.018983
v -0.009712 -0.177700 0.019758
v -0.000138 -0.182006 0.020600
v -0.000359 -0.183569 0.023079
v -0.010917 -0.182040 0.021285
v -0.009890 -0.180530 0.018983
v -0.000359 -0.183569 0.023079
v -0.000084 -0.181721 0.025347
v -0.011374 -0.180144 0.023484
v -0.010917 -0.182040 0.021285
v -0.000084 -0.181721 0.025347
v 0.000307 -0.179014 0.024270
v -0.010629 -0.177462 0.022540
v -0.011374 -0.180144 0.023484
v 0.000307 -0.179014 0.024270
v 0.000273 -0.179190 0.021336
v -0.009712 -0.177700 0.019758
v -0.010629 -0.177462 0.022540
v -0.009712 -0.177700 0.019758
v -0.009890 -0.180530 0.018983
v -0.018098 -0.179055 0.014398
v -0.018145 -0.176215 0.015153
v -0.009890 -0.180530 0.018983
v -0.010917 -0.182040 0.021285
v -0.019900 -0.180506 0.016210
v -0.018098 -0.179055 0.014398
v -0.010917 -0.182040 0.021285
v -0.011374 -0.180144 0.023484
v -0.021061 -0.178563 0.018085
v -0.019900 -0.180506 0.016210
v -0.011374 -0.180144 0.023484
v -0.010629 -0.177462 0.022540
v -0.019976 -0.175911 0.017432
v -0.021061 -0.178563 0.018085
v -0.010629 -0.177462 0.022540
v -0.009712 -0.177700 0.019758
v -0.018145 -0.176215 0.015153
v -0.019976 -0.175911 0.017432
v -0.018145 -0.176215 0.015153
v -0.018098 -0.179055 0.014398
v -0.023488 -0.177583 0.007641
v -0.023758 -0.174734 0.008310
v -0.018098 -0.179055 0.014398
v -0.019900 -0.180506 0.016210
v -0.025900 -0.178970 0.008586
v -0.023488 -0.177583 0.007641
v -0.019900 -0.180506 0.016210
v -0.021061 -0.178563 0.018085
v -0.027661 -0.176978 0.009840
v -0.025900 -0.178970 0.008586
v -0.021061 -0.178563 0.018085
v -0.019976 -0.175911 0.017432
v -0.026337 -0.174360 0.009669
v -0.027661 -0.176978 0.009840
v -0.019976 -0.175911 0.017432
v -0.018145 -0.176215 0.015153
v -0.023758 -0.174734 0.008310
v -0.026337 -0.174360 0.009669
v -0.023758 -0.174734 0.008310
v -0.023488 -0.177583 0.007641
v -0.025332 -0.176113 -0.000201
v -0.025797 -0.173254 0.000295
v -0.023488 -0.177583 0.007641
v -0.025900 -0.178970 0.008586
v -0.027948 -0.177434 -0.000419
v -0.025332 -0.176113 -0.000201
v -0.025900 -0.178970 0.008586
v -0.027661 -0.176978 0.009840
v -0.030030 -0.175391 -0.000058
v -0.027948 -0.177434 -0.000419
v -0.027661 -0.176978 0.009840
v -0.026337 -0.174360 0.009669
v -0.028700 -0.172808 0.000383
v -0.030030 -0.175391 -0.000058
v -0.026337 -0.174360 0.009669
v -0.023758 -0.174734 0.008310
v -0.025797 -0.173254 0.000295
v -0.028700 -0.172808 0.000383
v -0.025797 -0.173254 0.000295
v -0.025332 -0.176113 -0.000201
v -0.023435 -0.174644 -0.008039
v -0.024001 -0.171772 -0.007781
v -0.025332 -0.176113 -0.000201
v -0.027948 -0.177434 -0.000419
v -0.025720 -0.175901 -0.009395
v -0.023435 -0.174644 -0.008039
v -0.027948 -0.177434 -0.000419
v -0.030030 -0.175391 -0.000058
v -0.027697 -0.173805 -0.009974
v -0.025720 -0.175901 -0.009395
v -0.030030 -0.175391 -0.000058
v -0.028700 -0.172808 0.000383
v -0.026635 -0.171253 -0.008977
v -0.027697 -0.173805 -0.009974
v -0.028700 -0.172808 0.000383
v -0.025797 -0.173254 0.000295
v -0.024001 -0.171772 -0.007781
v -0.026635 -0.171253 -0.008977
v -0.024001 -0.171772 -0.007781
v -0.023435 -0.174644 -0.008039
v -0.017996 -0.173173 -0.014806
v -0.018550 -0.170287 -0.014762
v -0.023435 -0.174644 -0.008039
v -0.025720 -0.175901 -0.009395
v -0.019578 -0.174369 -0.016975
v -0.017996 -0.173173 -0.014806
v -0.025720 -0.175901 -0.009395
v -0.027697 -0.173805 -0.009974
v -0.021109 -0.172221 -0.018272
v -0.019578 -0.174369 -0.016975
v -0.027697 -0.173805 -0.009974
v -0.026635 -0.171253 -0.008977
v -0.020474 -0.169699 -0.016904
v -0.021109 -0.172221 -0.018272
v -0.026635 -0.171253 -0.008977
v -0.024001 -0.171772 -0.007781
v -0.018550 -0.170287 -0.014762
v -0.020474 -0.169699 -0.016904
v -0.018550 -0.170287 -0.014762
v -0.017996 -0.173173 -0.014806
v -0.009705 -0.171698 -0.019421
v -0.010193 -0.168801 -0.019524
v -0.017996 -0.173173 -0.014806
v -0.019578 -0.174369 -0.016975
v -0.010440 -0.172835 -0.022030
v -0.009705 -0.171698 -0.019421
v -0.019578 -0.174369 -0.016975
v -0.021109 -0.172221 -0.018272
v -0.011382 -0.170642 -0.023744
v -0.010440 -0.172835 -0.022030
v -0.021109 -0.172221 -0.018272
v -0.020474 -0.169699 -0.016904
v -0.011229 -0.168149 -0.022196
v -0.011382 -0.170642 -0.023744
v -0.020474 -0.169699 -0.016904
v -0.018550 -0.170287 -0.014762
v -0.010193 -0.168801 -0.019524
v -0.011229 -0.168149 -0.022196
v -0.010193 -0.168801 -0.019524
v -0.009705 -0.171698 -0.019421
v 0.000195 -0.170217 -0.021060
v -0.000223 -0.167315 -0.021255
v -0.009705 -0.171698 -0.019421
v -0.010440 -0.172835 -0.022030
v 0.000343 -0.171299 -0.023789
v 0.000195 -0.170217 -0.021060
v -0.010440 -0.172835 -0.022030
v -0.011382 -0.170642 -0.023744
v 0.000017 -0.169065 -0.025670
v 0.000343 -0.171299 -0.023789
v -0.011382 -0.170642 -0.023744
v -0.011229 -0.168149 -0.022196
v -0.000333 -0.166603 -0.024105
v 0.000017 -0.169065 -0.025670
v -0.011229 -0.168149 -0.022196
v -0.010193 -0.168801 -0.019524
v -0.000223 -0.167315 -0.021255
v -0.000333 -0.166603 -0.024105
v -0.000223 -0.167315 -0.021255
v 0.000195 -0.170217 -0.021060
v 0.010130 -0.168736 -0.019401
v 0.009770 -0.165832 -0.019666
v 0.000195 -0.170217 -0.021060
v 0.000343 -0.171299 -0.023789
v 0.011165 -0.169760 -0.021954
v 0.010130 -0.168736 -0.019401
v 0.000343 -0.171299 -0.023789
v 0.000017 -0.169065 -0.025670
v 0.011445 -0.167488 -0.023797
v 0.011165 -0.169760 -0.021954
v 0.000017 -0.169065 -0.025670
v -0.000333 -0.166603 -0.024105
v 0.010583 -0.165060 -0.022383
v 0.011445 -0.167488 -0.023797
v -0.000333 -0.166603 -0.024105
v -0.000223 -0.167315 -0.021255
v 0.009770 -0.165832 -0.019666
v 0.010583 -0.165060 -0.022383
v 0.009770 -0.165832 -0.019666
v 0.010130 -0.168736 -0.019401
v 0.018502 -0.167257 -0.014712
v 0.018196 -0.164354 -0.015050
v 0.010130 -0.168736 -0.019401
v 0.011165 -0.169760 -0.021954
v 0.020390 -0.168216 -0.016750
v 0.018502 -0.167257 -0.014712
v 0.011165 -0.169760 -0.021954
v 0.011445 -0.167488 -0.023797
v 0.021251 -0.165905 -0.018349
v 0.020390 -0.168216 -0.016750
v 0.011445 -0.167488 -0.023797
v 0.010583 -0.165060 -0.022383
v 0.019895 -0.163518 -0.017298
v 0.021251 -0.165905 -0.018349
v 0.010583 -0.165060 -0.022383
v 0.009770 -0.165832 -0.019666
v 0.018196 -0.164354 -0.015050
v 0.019895 -0.163518 -0.017298
v 0.018196 -0.164354 -0.015050
v 0.018502 -0.167257 -0.014712
v 0.024009 -0.165783 -0.007787
v 0.023783 -0.162883 -0.008212
v 0.018502 -0.167257 -0.014712
v 0.020390 -0.168216 -0.016750
v 0.026578 -0.166667 -0.008907
v 0.024009 -0.165783 -0.007787
v 0.020390 -0.168216 -0.016750
v 0.021251 -0.165905 -0.018349
v 0.027940 -0.164315 -0.010024
v 0.026578 -0.166667 -0.008907
v 0.021251 -0.165905 -0.018349
v 0.019895 -0.163518 -0.017298
v 0.026212 -0.161976 -0.009595
v 0.027940 -0.164315 -0.010024
v 0.019895 -0.163518 -0.017298
v 0.018196 -0.164354 -0.015050
v 0.023783 -0.162883 -0.008212
v 0.026212 -0.161976 -0.009595
v 0.023783 -0.162883 -0.008212
v 0.024009 -0.165783 -0.007787
v 0.025886 -0.164312 0.000266
v 0.025790 -0.161416 -0.000229
v 0.024009 -0.165783 -0.007787
v 0.026578 -0.166667 -0.008907
v 0.028710 -0.165118 0.000393
v 0.025886 -0.164312 0.000266
v 0.026578 -0.166667 -0.008907
v 0.027940 -0.164315 -0.010024
v 0.030358 -0.162721 -0.000023
v 0.028710 -0.165118 0.000393
v 0.027940 -0.164315 -0.010024
v 0.026212 -0.161976 -0.009595
v 0.028553 -0.160433 -0.000407
v 0.030358 -0.162721 -0.000023
v 0.026212 -0.161976 -0.009595
v 0.023783 -0.162883 -0.008212
v 0.025790 -0.161416 -0.000229
v 0.028553 -0.160433 -0.000407
v 0.025790 -0.161416 -0.000229
v 0.025886 -0.164312 0.000266
v 0.023926 -0.162843 0.008312
v 0.023978 -0.159949 0.007803
v 0.025886 -0.164312 0.000266
v 0.028710 -0.165118 0.000393
v 0.026427 -0.163570 0.009673
v 0.023926 -0.162843 0.008312
v 0.028710 -0.165118 0.000393
v 0.030358 -0.162721 -0.000023
v 0.028024 -0.161126 0.010006
v 0.026427 -0.163570 0.009673
v 0.030358 -0.162721 -0.000023
v 0.028553 -0.160433 -0.000407
v 0.026511 -0.158888 0.008850
v 0.028024 -0.161126 0.010006
v 0.028553 -0.160433 -0.000407
v 0.025790 -0.161416 -0.000229
v 0.023978 -0.159949 0.007803
v 0.026511 -0.158888 0.008850
v 0.023978 -0.159949 0.007803
v 0.023926 -0.162843 0.008312
v 0.018345 -0.161371 0.015239
v 0.018523 -0.158478 0.014754
v 0.023926 -0.162843 0.008312
v 0.026427 -0.163570 0.009673
v 0.020112 -0.162024 0.017495
v 0.018345 -0.161371 0.015239
v 0.026427 -0.163570 0.009673
v 0.028024 -0.161126 0.010006
v 0.021382 -0.159534 0.018404
v 0.020112 -0.162024 0.017495
v 0.028024 -0.161126 0.010006
v 0.026511 -0.158888 0.008850
v 0.020399 -0.157343 0.016710
v 0.021382 -0.159534 0.018404
v 0.026511 -0.158888 0.008850
v 0.023978 -0.159949 0.007803
v 0.018523 -0.158478 0.014754
v 0.020399 -0.157343 0.016710
v 0.018523 -0.158478 0.014754
v 0.018345 -0.161371 0.015239
v 0.009866 -0.159895 0.019952
v 0.010154 -0.157005 0.019502
v 0.018345 -0.161371 0.015239
v 0.020112 -0.162024 0.017495
v 0.010736 -0.160477 0.022699
v 0.009866 -0.159895 0.019952
v 0.020112 -0.162024 0.017495
v 0.021382 -0.159534 0.018404
v 0.011562 -0.157947 0.023945
v 0.010736 -0.160477 0.022699
v 0.021382 -0.159534 0.018404
v 0.020399 -0.157343 0.016710
v 0.011203 -0.155801 0.021969
v 0.011562 -0.157947 0.023945
v 0.020399 -0.157343 0.016710
v 0.018523 -0.158478 0.014754
v 0.010154 -0.157005 0.019502
v 0.011203 -0.155801 0.021969
v 0.010154 -0.157005 0.019502
v 0.009866 -0.159895 0.019952
v -0.000249 -0.158414 0.021623
v 0.000160 -0.155532 0.021221
v 0.009866 -0.159895 0.019952
v 0.010736 -0.160477 0.022699
v -0.000314 -0.158928 0.024516
v -0.000249 -0.158414 0.021623
v 0.010736 -0.160477 0.022699
v 0.011562 -0.157947 0.023945
v 0.000055 -0.156362 0.025902
v -0.000314 -0.158928 0.024516
v 0.011562 -0.157947 0.023945
v 0.011203 -0.155801 0.021969
v 0.000348 -0.154264 0.023865
v 0.000055 -0.156362 0.025902
v 0.011203 -0.155801 0.021969
v 0.010154 -0.157005 0.019502
v 0.000160 -0.155532 0.021221
v 0.000348 -0.154264 0.023865
v 0.000160 -0.155532 0.021221
v -0.000249 -0.158414 0.021623
v -0.010403 -0.156934 0.019925
v -0.009855 -0.154063 0.019611
v -0.000249 -0.158414 0.021623
v -0.000314 -0.158928 0.024516
v -0.011407 -0.157373 0.022652
v -0.010403 -0.156934 0.019925
v -0.000314 -0.158928 0.024516
v 0.000055 -0.156362 0.025902
v -0.011479 -0.154775 0.024023
v -0.011407 -0.157373 0.022652
v 0.000055 -0.156362 0.025902
v 0.000348 -0.154264 0.023865
v -0.010519 -0.152729 0.022144
v -0.011479 -0.154775 0.024023
v 0.000348 -0.154264 0.023865
v 0.000160 -0.155532 0.021221
v -0.009855 -0.154063 0.019611
v -0.010519 -0.152729 0.022144
v -0.009855 -0.154063 0.019611
v -0.010403 -0.156934 0.019925
v -0.018981 -0.155457 0.015119
v -0.018286 -0.152605 0.014969
v -0.010403 -0.156934 0.019925
v -0.011407 -0.157373 0.022652
v -0.020888 -0.155811 0.017327
v -0.018981 -0.155457 0.015119
v -0.011407 -0.157373 0.022652
v -0.011479 -0.154775 0.024023
v -0.021371 -0.153179 0.018542
v -0.020888 -0.155811 0.017327
v -0.011479 -0.154775 0.024023
v -0.010519 -0.152729 0.022144
v -0.019763 -0.151198 0.017084
v -0.021371 -0.153179 0.018542
v -0.010519 -0.152729 0.022144
v -0.009855 -0.154063 0.019611
v -0.018286 -0.152605 0.014969
v -0.019763 -0.151198 0.017084
v -0.018286 -0.152605 0.014969
v -0.018981 -0.155457 0.015119
v -0.024650 -0.153987 0.007994
v -0.023850 -0.151162 0.008113
v -0.018981 -0.155457 0.015119
v -0.020888 -0.155811 0.017327
v -0.027287 -0.154239 0.009265
v -0.024650 -0.153987 0.007994
v -0.020888 -0.155811 0.017327
v -0.021371 -0.153179 0.018542
v -0.028118 -0.151569 0.010171
v -0.027287 -0.154239 0.009265
v -0.021371 -0.153179 0.018542
v -0.019763 -0.151198 0.017084
v -0.025993 -0.149667 0.009458
v -0.028118 -0.151569 0.010171
v -0.019763 -0.151198 0.017084
v -0.018286 -0.152605 0.014969
v -0.023850 -0.151162 0.008113
v -0.025993 -0.149667 0.009458
v -0.023850 -0.151162 0.008113
v -0.024650 -0.153987 0.007994
v -0.026598 -0.152526 -0.000332
v -0.025817 -0.149731 0.000138
v -0.024650 -0.153987 0.007994
v -0.027287 -0.154239 0.009265
v -0.029534 -0.152659 -0.000343
v -0.026598 -0.152526 -0.000332
v -0.027287 -0.154239 0.009265
v -0.028118 -0.151569 0.010171
v -0.030568 -0.149947 0.000120
v -0.029534 -0.152659 -0.000343
v -0.028118 -0.151569 0.010171
v -0.025993 -0.149667 0.009458
v -0.028271 -0.148138 0.000417
v -0.030568 -0.149947 0.000120
v -0.025993 -0.149667 0.009458
v -0.023850 -0.151162 0.008113
v -0.025817 -0.149731 0.000138
v -0.028271 -0.148138 0.000417
v -0.025817 -0.149731 0.000138
v -0.026598 -0.152526 -0.000332
v -0.024580 -0.151066 -0.008667
v -0.023972 -0.148305 -0.007864
v -0.026598 -0.152526 -0.000332
v -0.029534 -0.152659 -0.000343
v -0.027217 -0.151076 -0.009963
v -0.024580 -0.151066 -0.008667
v -0.029534 -0.152659 -0.000343
v -0.030568 -0.149947 0.000120
v -0.028240 -0.148320 -0.009962
v -0.027217 -0.151076 -0.009963
v -0.030568 -0.149947 0.000120
v -0.028271 -0.148138 0.000417
v -0.026234 -0.146608 -0.008665
v -0.028240 -0.148320 -0.009962
v -0.028271 -0.148138 0.000417
v -0.025817 -0.149731 0.000138
v -0.023972 -0.148305 -0.007864
v -0.026234 -0.146608 -0.008665
v -0.023972 -0.148305 -0.007864
v -0.024580 -0.151066 -0.008667
v -0.018825 -0.149601 -0.015832
v -0.018494 -0.146873 -0.014790
v -0.024580 -0.151066 -0.008667
v -0.027217 -0.151076 -0.009963
v -0.020728 -0.149495 -0.018068
v -0.018825 -0.149601 -0.015832
v -0.027217 -0.151076 -0.009963
v -0.028240 -0.148320 -0.009962
v -0.021575 -0.146701 -0.018409
v -0.020728 -0.149495 -0.018068
v -0.028240 -0.148320 -0.009962
v -0.026234 -0.146608 -0.008665
v -0.020194 -0.145080 -0.016383
v -0.021575 -0.146701 -0.018409
v -0.026234 -0.146608 -0.008665
v -0.023972 -0.148305 -0.007864
v -0.018494 -0.146873 -0.014790
v -0.020194 -0.145080 -0.016383
v -0.018494 -0.146873 -0.014790
v -0.018825 -0.149601 -0.015832
v -0.010097 -0.148127 -0.020699
v -0.010098 -0.145434 -0.019524
v -0.018825 -0.149601 -0.015832
v -0.020728 -0.149495 -0.018068
v -0.011093 -0.147916 -0.023456
v -0.010097 -0.148127 -0.020699
v -0.020728 -0.149495 -0.018068
v -0.021575 -0.146701 -0.018409
v -0.011709 -0.145091 -0.023985
v -0.011093 -0.147916 -0.023456
v -0.021575 -0.146701 -0.018409
v -0.020194 -0.145080 -0.016383
v -0.011094 -0.143557 -0.021554
v -0.011709 -0.145091 -0.023985
v -0.020194 -0.145080 -0.016383
v -0.018494 -0.146873 -0.014790
v -0.010098 -0.145434 -0.019524
v -0.011094 -0.143557 -0.021554
v -0.010098 -0.145434 -0.019524
v -0.010097 -0.148127 -0.020699
v 0.000306 -0.146648 -0.022432
v -0.000065 -0.143993 -0.021227
v -0.010097 -0.148127 -0.020699
v -0.011093 -0.147916 -0.023456
v 0.000254 -0.146334 -0.025354
v 0.000306 -0.146648 -0.022432
v -0.011093 -0.147916 -0.023456
v -0.011709 -0.145091 -0.023985
v -0.000149 -0.143486 -0.025955
v 0.000254 -0.146334 -0.025354
v -0.011709 -0.145091 -0.023985
v -0.011094 -0.143557 -0.021554
v -0.000346 -0.142039 -0.023405
v -0.000149 -0.143486 -0.025955
v -0.011094 -0.143557 -0.021554
v -0.010098 -0.145434 -0.019524
v -0.000065 -0.143993 -0.021227
v -0.000346 -0.142039 -0.023405
v -0.000065 -0.143993 -0.021227
v 0.000306 -0.146648 -0.022432
v 0.010768 -0.145167 -0.020701
v 0.009990 -0.142560 -0.019590
v 0.000306 -0.146648 -0.022432
v 0.000254 -0.146334 -0.025354
v 0.011655 -0.144745 -0.023471
v 0.010768 -0.145167 -0.020701
v 0.000254 -0.146334 -0.025354
v -0.000149 -0.143486 -0.025955
v 0.011425 -0.141877 -0.024072
v 0.011655 -0.144745 -0.023471
v -0.000149 -0.143486 -0.025955
v -0.000346 -0.142039 -0.023405
v 0.010396 -0.140527 -0.021673
v 0.011425 -0.141877 -0.024072
v -0.000346 -0.142039 -0.023405
v -0.000065 -0.143993 -0.021227
v 0.009990 -0.142560 -0.019590
v 0.010396 -0.140527 -0.021673
v 0.009990 -0.142560 -0.019590
v 0.010768 -0.145167 -0.020701
v 0.019654 -0.143689 -0.015753
v 0.018447 -0.141147 -0.014906
v 0.010768 -0.145167 -0.020701
v 0.011655 -0.144745 -0.023471
v 0.021434 -0.143137 -0.018026
v 0.019654 -0.143689 -0.015753
v 0.011655 -0.144745 -0.023471
v 0.011425 -0.141877 -0.024072
v 0.021327 -0.140253 -0.018583
v 0.021434 -0.143137 -0.018026
v 0.011425 -0.141877 -0.024072
v 0.010396 -0.140527 -0.021673
v 0.019481 -0.139024 -0.016655
v 0.021327 -0.140253 -0.018583
v 0.010396 -0.140527 -0.021673
v 0.009990 -0.142560 -0.019590
v 0.018447 -0.141147 -0.014906
v 0.019481 -0.139024 -0.016655
v 0.018447 -0.141147 -0.014906
v 0.019654 -0.143689 -0.015753
v 0.025597 -0.142219 -0.008350
v 0.024012 -0.139768 -0.008003
v 0.019654 -0.143689 -0.015753
v 0.021434 -0.143137 -0.018026
v 0.028092 -0.141499 -0.009727
v 0.025597 -0.142219 -0.008350
v 0.021434 -0.143137 -0.018026
v 0.021327 -0.140253 -0.018583
v 0.028048 -0.138604 -0.010232
v 0.028092 -0.141499 -0.009727
v 0.021327 -0.140253 -0.018583
v 0.019481 -0.139024 -0.016655
v 0.025527 -0.137534 -0.009166
v 0.028048 -0.138604 -0.010232
v 0.019481 -0.139024 -0.016655
v 0.018447 -0.141147 -0.014906
v 0.024012 -0.139768 -0.008003
v 0.025527 -0.137534 -0.009166
v 0.024012 -0.139768 -0.008003
v 0.025597 -0.142219 -0.008350
v 0.027711 -0.140753 0.000397
v 0.025956 -0.138427 0.000014
v 0.025597 -0.142219 -0.008350
v 0.028092 -0.141499 -0.009727
v 0.030495 -0.139828 0.000231
v 0.027711 -0.140753 0.000397
v 0.028092 -0.141499 -0.009727
v 0.028048 -0.138604 -0.010232
v 0.030461 -0.136929 -0.000254
v 0.030495 -0.139828 0.000231
v 0.028048 -0.138604 -0.010232
v 0.025527 -0.137534 -0.009166
v 0.027656 -0.136063 -0.000388
v 0.030461 -0.136929 -0.000254
v 0.025527 -0.137534 -0.009166
v 0.024012 -0.139768 -0.008003
v 0.025956 -0.138427 0.000014
v 0.027656 -0.136063 -0.000388
v 0.025956 -0.138427 0.000014
v 0.027711 -0.140753 0.000397
v 0.025656 -0.139282 0.009227
v 0.024073 -0.137100 0.008055
v 0.027711 -0.140753 0.000397
v 0.030495 -0.139828 0.000231
v 0.028162 -0.138137 0.010250
v 0.025656 -0.139282 0.009227
v 0.030495 -0.139828 0.000231
v 0.030461 -0.136929 -0.000254
v 0.028128 -0.135249 0.009711
v 0.028162 -0.138137 0.010250
v 0.030461 -0.136929 -0.000254
v 0.027656 -0.136063 -0.000388
v 0.025601 -0.134607 0.008355
v 0.028128 -0.135249 0.009711
v 0.027656 -0.136063 -0.000388
v 0.025956 -0.138427 0.000014
v 0.024073 -0.137100 0.008055
v 0.025601 -0.134607 0.008355
v 0.024073 -0.137100 0.008055
v 0.025656 -0.139282 0.009227
v 0.019652 -0.137794 0.016828
v 0.018539 -0.135757 0.015026
v 0.025656 -0.139282 0.009227
v 0.028162 -0.138137 0.010250
v 0.021486 -0.136454 0.018692
v 0.019652 -0.137794 0.016828
v 0.028162 -0.138137 0.010250
v 0.028128 -0.135249 0.009711
v 0.021507 -0.133588 0.018042
v 0.021486 -0.136454 0.018692
v 0.028128 -0.135249 0.009711
v 0.025601 -0.134607 0.008355
v 0.019686 -0.133157 0.015776
v 0.021507 -0.133588 0.018042
v 0.025601 -0.134607 0.008355
v 0.024073 -0.137100 0.008055
v 0.018539 -0.135757 0.015026
v 0.019686 -0.133157 0.015776
v 0.018539 -0.135757 0.015026
v 0.019652 -0.137794 0.016828
v 0.010531 -0.136291 0.021992
v 0.010053 -0.134390 0.019803
v 0.019652 -0.137794 0.016828
v 0.021486 -0.136454 0.018692
v 0.011563 -0.134785 0.024295
v 0.010531 -0.136291 0.021992
v 0.021486 -0.136454 0.018692
v 0.021507 -0.133588 0.018042
v 0.011724 -0.131952 0.023528
v 0.011563 -0.134785 0.024295
v 0.021507 -0.133588 0.018042
v 0.019686 -0.133157 0.015776
v 0.010790 -0.131708 0.020752
v 0.011724 -0.131952 0.023528
v 0.019686 -0.133157 0.015776
v 0.018539 -0.135757 0.015026
v 0.010053 -0.134390 0.019803
v 0.010790 -0.131708 0.020752
v 0.010053 -0.134390 0.019803
v 0.010531 -0.136291 0.021992
v -0.000345 -0.134775 0.023866
v -0.000105 -0.133009 0.021529
v 0.010531 -0.136291 0.021992
v 0.011563 -0.134785 0.024295
v -0.000108 -0.133121 0.026283
v -0.000345 -0.134775 0.023866
v 0.011563 -0.134785 0.024295
v 0.011724 -0.131952 0.023528
v 0.000278 -0.130332 0.025440
v -0.000108 -0.133121 0.026283
v 0.011724 -0.131952 0.023528
v 0.010790 -0.131708 0.020752
v 0.000280 -0.130263 0.022502
v 0.000278 -0.130332 0.025440
v 0.010790 -0.131708 0.020752
v 0.010053 -0.134390 0.019803
v -0.000105 -0.133009 0.021529
v 0.000280 -0.130263 0.022502
v -0.000105 -0.133009 0.021529
v -0.000345 -0.134775 0.023866
v -0.011326 -0.133248 0.022113
v -0.010315 -0.131634 0.019875
v -0.000345 -0.134775 0.023866
v -0.000108 -0.133121 0.026283
v -0.011833 -0.131444 0.024377
v -0.011326 -0.133248 0.022113
v -0.000108 -0.133121 0.026283
v 0.000278 -0.130332 0.025440
v -0.011134 -0.128716 0.023539
v -0.011833 -0.131444 0.024377
v 0.000278 -0.130332 0.025440
v 0.000280 -0.130263 0.022502
v -0.010196 -0.128833 0.020756
v -0.011134 -0.128716 0.023539
v 0.000280 -0.130263 0.022502
v -0.000105 -0.133009 0.021529
v -0.010315 -0.131634 0.019875
v -0.010196 -0.128833 0.020756
v -0.010315 -0.131634 0.019875
v -0.011326 -0.133248 0.022113
v -0.020752 -0.131705 0.016950
v -0.018948 -0.130285 0.015115
v -0.011326 -0.133248 0.022113
v -0.011833 -0.131444 0.024377
v -0.021903 -0.129732 0.018800
v -0.020752 -0.131705 0.016950
v -0.011833 -0.131444 0.024377
v -0.011134 -0.128716 0.023539
v -0.020810 -0.127093 0.018108
v -0.021903 -0.129732 0.018800
v -0.011134 -0.128716 0.023539
v -0.010196 -0.128833 0.020756
v -0.018984 -0.127435 0.015831
v -0.020810 -0.127093 0.018108
v -0.010196 -0.128833 0.020756
v -0.010315 -0.131634 0.019875
v -0.018948 -0.130285 0.015115
v -0.018984 -0.127435 0.015831
v -0.018948 -0.130285 0.015115
v -0.020752 -0.131705 0.016950
v -0.027190 -0.130134 0.009087
v -0.024695 -0.128979 0.008048
v -0.020752 -0.131705 0.016950
v -0.021903 -0.129732 0.018800
v -0.028774 -0.127960 0.010270
v -0.027190 -0.130134 0.009087
v -0.021903 -0.129732 0.018800
v -0.020810 -0.127093 0.018108
v -0.027258 -0.125461 0.009962
v -0.028774 -0.127960 0.010270
v -0.020810 -0.127093 0.018108
v -0.018984 -0.127435 0.015831
v -0.024737 -0.126091 0.008589
v -0.027258 -0.125461 0.009962
v -0.018984 -0.127435 0.015831
v -0.018948 -0.130285 0.015115
v -0.024695 -0.128979 0.008048
v -0.024737 -0.126091 0.008589
v -0.024695 -0.128979 0.008048
v -0.027190 -0.130134 0.009087
v -0.029599 -0.128522 -0.000382
v -0.026777 -0.127709 -0.000257
v -0.027190 -0.130134 0.009087
v -0.028774 -0.127960 0.010270
v -0.031253 -0.126126 0.000022
v -0.029599 -0.128522 -0.000382
v -0.028774 -0.127960 0.010270
v -0.027258 -0.125461 0.009962
v -0.029454 -0.123833 0.000395
v -0.031253 -0.126126 0.000022
v -0.027258 -0.125461 0.009962
v -0.024737 -0.126091 0.008589
v -0.026688 -0.124811 0.000222
v -0.029454 -0.123833 0.000395
v -0.024737 -0.126091 0.008589
v -0.024695 -0.128979 0.008048
v -0.026777 -0.127709 -0.000257
v -0.026688 -0.124811 0.000222
v -0.026777 -0.127709 -0.000257
v -0.029599 -0.128522 -0.000382
v -0.027465 -0.126873 -0.010033
v -0.024891 -0.126422 -0.008689
v -0.029599 -0.128522 -0.000382
v -0.031253 -0.126126 0.000022
v -0.028843 -0.124286 -0.010247
v -0.027465 -0.126873 -0.010033
v -0.031253 -0.126126 0.000022
v -0.029454 -0.123833 0.000395
v -0.027121 -0.122237 -0.009035
v -0.028843 -0.124286 -0.010247
v -0.029454 -0.123833 0.000395
v -0.026688 -0.124811 0.000222
v -0.024678 -0.123557 -0.008072
v -0.027121 -0.122237 -0.009035
v -0.026688 -0.124811 0.000222
v -0.026777 -0.127709 -0.000257
v -0.024891 -0.126422 -0.008689
v -0.024678 -0.123557 -0.008072
v -0.024891 -0.126422 -0.008689
v -0.027465 -0.126873 -0.010033
v -0.021030 -0.125218 -0.018297
v -0.019156 -0.125078 -0.016038
v -0.027465 -0.126873 -0.010033
v -0.028843 -0.124286 -0.010247
v -0.022013 -0.122500 -0.018832
v -0.021030 -0.125218 -0.018297
v -0.028843 -0.124286 -0.010247
v -0.027121 -0.122237 -0.009035
v -0.020746 -0.120681 -0.016903
v -0.022013 -0.122500 -0.018832
v -0.027121 -0.122237 -0.009035
v -0.024678 -0.123557 -0.008072
v -0.018980 -0.122273 -0.015176
v -0.020746 -0.120681 -0.016903
v -0.024678 -0.123557 -0.008072
v -0.024891 -0.126422 -0.008689
v -0.019156 -0.125078 -0.016038
v -0.018980 -0.122273 -0.015176
v -0.019156 -0.125078 -0.016038
v -0.021030 -0.125218 -0.018297
v -0.011296 -0.123573 -0.023852
v -0.010312 -0.123680 -0.021084
v -0.021030 -0.125218 -0.018297
v -0.022013 -0.122500 -0.018832
v -0.011934 -0.120774 -0.024481
v -0.011296 -0.123573 -0.023852
v -0.022013 -0.122500 -0.018832
v -0.020746 -0.120681 -0.016903
v -0.011346 -0.119151 -0.022103
v -0.011934 -0.120774 -0.024481
v -0.020746 -0.120681 -0.016903
v -0.018980 -0.122273 -0.015176
v -0.010344 -0.120947 -0.020003
v -0.011346 -0.119151 -0.022103
v -0.018980 -0.122273 -0.015176
v -0.019156 -0.125078 -0.016038
v -0.010312 -0.123680 -0.021084
v -0.010344 -0.120947 -0.020003
v -0.010312 -0.123680 -0.021084
v -0.011296 -0.123573 -0.023852
v 0.000249 -0.121934 -0.025854
v 0.000300 -0.122249 -0.022932
v -0.011296 -0.123573 -0.023852
v -0.011934 -0.120774 -0.024481
v -0.000146 -0.119085 -0.026453
v 0.000249 -0.121934 -0.025854
v -0.011934 -0.120774 -0.024481
v -0.011346 -0.119151 -0.022103
v -0.000339 -0.117638 -0.023902
v -0.000146 -0.119085 -0.026453
v -0.011346 -0.119151 -0.022103
v -0.010344 -0.120947 -0.020003
v -0.000063 -0.119594 -0.021726
v -0.000339 -0.117638 -0.023902
v -0.010344 -0.120947 -0.020003
v -0.010312 -0.123680 -0.021084
v 0.000300 -0.122249 -0.022932
v -0.000063 -0.119594 -0.021726
v 0.000300 -0.122249 -0.022932
v 0.000249 -0.121934 -0.025854
v 0.011889 -0.120290 -0.023989
v 0.011018 -0.120803 -0.021230
v 0.000249 -0.121934 -0.025854
v -0.000146 -0.119085 -0.026453
v 0.011635 -0.117407 -0.024500
v 0.011889 -0.120290 -0.023989
v -0.000146 -0.119085 -0.026453
v -0.000339 -0.117638 -0.023902
v 0.010607 -0.116138 -0.022056
v 0.011635 -0.117407 -0.024500
v -0.000339 -0.117638 -0.023902
v -0.000063 -0.119594 -0.021726
v 0.010226 -0.118237 -0.020035
v 0.010607 -0.116138 -0.022056
v -0.000063 -0.119594 -0.021726
v 0.000300 -0.122249 -0.022932
v 0.011018 -0.120803 -0.021230
v 0.010226 -0.118237 -0.020035
v 0.011018 -0.120803 -0.021230
v 0.011889 -0.120290 -0.023989
v 0.021904 -0.118623 -0.018471
v 0.020169 -0.119351 -0.016214
v 0.011889 -0.120290 -0.023989
v 0.011635 -0.117407 -0.024500
v 0.021686 -0.115721 -0.018885
v 0.021904 -0.118623 -0.018471
v 0.011635 -0.117407 -0.024500
v 0.010607 -0.116138 -0.022056
v 0.019816 -0.114656 -0.016884
v 0.021686 -0.115721 -0.018885
v 0.010607 -0.116138 -0.022056
v 0.010226 -0.118237 -0.020035
v 0.018878 -0.116899 -0.015233
v 0.019816 -0.114656 -0.016884
v 0.010226 -0.118237 -0.020035
v 0.011018 -0.120803 -0.021230
v 0.020169 -0.119351 -0.016214
v 0.018878 -0.116899 -0.015233
v 0.020169 -0.119351 -0.016214
v 0.021904 -0.118623 -0.018471
v 0.028751 -0.116920 -0.010010
v 0.026343 -0.117893 -0.008634
v 0.021904 -0.118623 -0.018471
v 0.021686 -0.115721 -0.018885
v 0.028471 -0.114019 -0.010386
v 0.028751 -0.116920 -0.010010
v 0.021686 -0.115721 -0.018885
v 0.019816 -0.114656 -0.016884
v 0.025891 -0.113199 -0.009243
v 0.028471 -0.114019 -0.010386
v 0.019816 -0.114656 -0.016884
v 0.018878 -0.116899 -0.015233
v 0.024576 -0.115594 -0.008160
v 0.025891 -0.113199 -0.009243
v 0.018878 -0.116899 -0.015233
v 0.020169 -0.119351 -0.016214
v 0.026343 -0.117893 -0.008634
v 0.024576 -0.115594 -0.008160
v 0.026343 -0.117893 -0.008634
v 0.028751 -0.116920 -0.010010
v 0.031244 -0.115188 0.000187
v 0.028586 -0.116423 0.000399
v 0.028751 -0.116920 -0.010010
v 0.028471 -0.114019 -0.010386
v 0.030873 -0.112311 -0.000284
v 0.031244 -0.115188 0.000187
v 0.028471 -0.114019 -0.010386
v 0.025891 -0.113199 -0.009243
v 0.027986 -0.111768 -0.000362
v 0.030873 -0.112311 -0.000284
v 0.025891 -0.113199 -0.009243
v 0.024576 -0.115594 -0.008160
v 0.026572 -0.114310 0.000060
v 0.027986 -0.111768 -0.000362
v 0.024576 -0.115594 -0.008160
v 0.026343 -0.117893 -0.008634
v 0.028586 -0.116423 0.000399
v 0.026572 -0.114310 0.000060
v 0.028586 -0.116423 0.000399
v 0.031244 -0.115188 0.000187
v 0.028863 -0.113463 0.010461
v 0.026484 -0.114932 0.009554
v 0.031244 -0.115188 0.000187
v 0.030873 -0.112311 -0.000284
v 0.028494 -0.110628 0.009778
v 0.028863 -0.113463 0.010461
v 0.030873 -0.112311 -0.000284
v 0.027986 -0.111768 -0.000362
v 0.025888 -0.110346 0.008449
v 0.028494 -0.110628 0.009778
v 0.027986 -0.111768 -0.000362
v 0.026572 -0.114310 0.000060
v 0.024646 -0.113006 0.008310
v 0.025888 -0.110346 0.008449
v 0.026572 -0.114310 0.000060
v 0.028586 -0.116423 0.000399
v 0.026484 -0.114932 0.009554
v 0.024646 -0.113006 0.008310
v 0.026484 -0.114932 0.009554
v 0.028863 -0.113463 0.010461
v 0.022017 -0.111775 0.019110
v 0.020273 -0.113422 0.017412
v 0.028863 -0.113463 0.010461
v 0.028494 -0.110628 0.009778
v 0.021797 -0.108988 0.018204
v 0.022017 -0.111775 0.019110
v 0.028494 -0.110628 0.009778
v 0.025888 -0.110346 0.008449
v 0.019917 -0.108912 0.015946
v 0.021797 -0.108988 0.018204
v 0.025888 -0.110346 0.008449
v 0.024646 -0.113006 0.008310
v 0.018975 -0.111653 0.015457
v 0.019917 -0.108912 0.015946
v 0.024646 -0.113006 0.008310
v 0.026484 -0.114932 0.009554
v 0.020273 -0.113422 0.017412
v 0.018975 -0.111653 0.015457
v 0.020273 -0.113422 0.017412
v 0.022017 -0.111775 0.019110
v 0.011836 -0.110123 0.024808
v 0.010843 -0.111900 0.022688
v 0.022017 -0.111775 0.019110
v 0.021797 -0.108988 0.018204
v 0.011877 -0.107381 0.023749
v 0.011836 -0.110123 0.024808
v 0.021797 -0.108988 0.018204
v 0.019917 -0.108912 0.015946
v 0.010910 -0.107464 0.020975
v 0.011877 -0.107381 0.023749
v 0.019917 -0.108912 0.015946
v 0.018975 -0.111653 0.015457
v 0.010271 -0.110257 0.020319
v 0.010910 -0.107464 0.020975
v 0.018975 -0.111653 0.015457
v 0.020273 -0.113422 0.017412
v 0.010843 -0.111900 0.022688
v 0.010271 -0.110257 0.020319
v 0.010843 -0.111900 0.022688
v 0.011836 -0.110123 0.024808
v -0.000091 -0.108493 0.026743
v -0.000339 -0.110370 0.024495
v 0.011836 -0.110123 0.024808
v 0.011877 -0.107381 0.023749
v 0.000283 -0.105796 0.025636
v -0.000091 -0.108493 0.026743
v 0.011877 -0.107381 0.023749
v 0.010910 -0.107464 0.020975
v 0.000266 -0.106007 0.022704
v 0.000283 -0.105796 0.025636
v 0.010910 -0.107464 0.020975
v 0.010271 -0.110257 0.020319
v -0.000119 -0.108834 0.022000
v 0.000266 -0.106007 0.022704
v 0.010271 -0.110257 0.020319
v 0.010843 -0.111900 0.022688
v -0.000339 -0.110370 0.024495
v -0.000119 -0.108834 0.022000
v -0.000339 -0.110370 0.024495
v -0.000091 -0.108493 0.026743
v -0.011981 -0.106869 0.024710
v -0.011524 -0.108835 0.022573
v -0.000091 -0.108493 0.026743
v 0.000283 -0.105796 0.025636
v -0.011227 -0.104221 0.023684
v -0.011981 -0.106869 0.024710
v 0.000283 -0.105796 0.025636
v 0.000266 -0.106007 0.022704
v -0.010303 -0.104549 0.020913
v -0.011227 -0.104221 0.023684
v 0.000266 -0.106007 0.022704
v -0.000119 -0.108834 0.022000
v -0.010487 -0.107401 0.020227
v -0.010303 -0.104549 0.020913
v -0.000119 -0.108834 0.022000
v -0.000339 -0.110370 0.024495
v -0.011524 -0.108835 0.022573
v -0.010487 -0.107401 0.020227
v -0.011524 -0.108835 0.022573
v -0.011981 -0.106869 0.024710
v -0.022116 -0.105240 0.018976
v -0.021007 -0.107293 0.017188
v -0.011981 -0.106869 0.024710
v -0.011227 -0.104221 0.023684
v -0.020962 -0.102649 0.018210
v -0.022116 -0.105240 0.018976
v -0.011227 -0.104221 0.023684
v -0.010303 -0.104549 0.020913
v -0.019140 -0.103099 0.015948
v -0.020962 -0.102649 0.018210
v -0.010303 -0.104549 0.020913
v -0.010487 -0.107401 0.020227
v -0.019168 -0.105969 0.015316
v -0.019140 -0.103099 0.015948
v -0.010487 -0.107401 0.020227
v -0.011524 -0.108835 0.022573
v -0.021007 -0.107293 0.017188
v -0.019168 -0.105969 0.015316
v -0.021007 -0.107293 0.017188
v -0.022116 -0.105240 0.018976
v -0.028956 -0.103599 0.010303
v -0.027327 -0.105743 0.009125
v -0.022116 -0.105240 0.018976
v -0.020962 -0.102649 0.018210
v -0.027474 -0.101077 0.010028
v -0.028956 -0.103599 0.010303
v -0.020962 -0.102649 0.018210
v -0.019140 -0.103099 0.015948
v -0.024929 -0.101661 0.008680
v -0.027474 -0.101077 0.010028
v -0.019140 -0.103099 0.015948
v -0.019168 -0.105969 0.015316
v -0.024838 -0.104545 0.008122
v -0.024929 -0.101661 0.008680
v -0.019168 -0.105969 0.015316
v -0.021007 -0.107293 0.017188
v -0.027327 -0.105743 0.009125
v -0.024838 -0.104545 0.008122
v -0.027327 -0.105743 0.009125
v -0.028956 -0.103599 0.010303
v -0.031345 -0.101950 -0.000039
v -0.029474 -0.104188 -0.000398
v -0.028956 -0.103599 0.010303
v -0.027474 -0.101077 0.010028
v -0.029767 -0.099505 0.000374
v -0.031345 -0.101950 -0.000039
v -0.027474 -0.101077 0.010028
v -0.024929 -0.101661 0.008680
v -0.026921 -0.100232 0.000270
v -0.029767 -0.099505 0.000374
v -0.024929 -0.101661 0.008680
v -0.024838 -0.104545 0.008122
v -0.026740 -0.103126 -0.000207
v -0.026921 -0.100232 0.000270
v -0.024838 -0.104545 0.008122
v -0.027327 -0.105743 0.009125
v -0.029474 -0.104188 -0.000398
v -0.026740 -0.103126 -0.000207
v -0.029474 -0.104188 -0.000398
v -0.031345 -0.101950 -0.000039
v -0.028834 -0.100307 -0.010341
v -0.027095 -0.102632 -0.009886
v -0.031345 -0.101950 -0.000039
v -0.029767 -0.099505 0.000374
v -0.027487 -0.097937 -0.009241
v -0.028834 -0.100307 -0.010341
v -0.029767 -0.099505 0.000374
v -0.026921 -0.100232 0.000270
v -0.024917 -0.098799 -0.008105
v -0.027487 -0.097937 -0.009241
v -0.026921 -0.100232 0.000270
v -0.026740 -0.103126 -0.000207
v -0.024675 -0.101700 -0.008504
v -0.024917 -0.098799 -0.008105
v -0.026740 -0.103126 -0.000207
v -0.029474 -0.104188 -0.000398
v -0.027095 -0.102632 -0.009886
v -0.024675 -0.101700 -0.008504
v -0.027095 -0.102632 -0.009886
v -0.028834 -0.100307 -0.010341
v -0.021923 -0.098682 -0.018913
v -0.020585 -0.101079 -0.017864
v -0.028834 -0.100307 -0.010341
v -0.027487 -0.097937 -0.009241
v -0.021046 -0.096379 -0.017312
v -0.021923 -0.098682 -0.018913
v -0.027487 -0.097937 -0.009241
v -0.024917 -0.098799 -0.008105
v -0.019167 -0.097352 -0.015273
v -0.021046 -0.096379 -0.017312
v -0.024917 -0.098799 -0.008105
v -0.024675 -0.101700 -0.008504
v -0.018882 -0.100258 -0.015614
v -0.019167 -0.097352 -0.015273
v -0.024675 -0.101700 -0.008504
v -0.027095 -0.102632 -0.009886
v -0.020585 -0.101079 -0.017864
v -0.018882 -0.100258 -0.015614
v -0.020585 -0.101079 -0.017864
v -0.021923 -0.098682 -0.018913
v -0.011803 -0.097077 -0.024517
v -0.010962 -0.099529 -0.023133
v -0.021923 -0.098682 -0.018913
v -0.021046 -0.096379 -0.017312
v -0.011501 -0.094829 -0.022647
v -0.011803 -0.097077 -0.024517
v -0.021046 -0.096379 -0.017312
v -0.019167 -0.097352 -0.015273
v -0.010473 -0.095893 -0.020107
v -0.011501 -0.094829 -0.022647
v -0.019167 -0.097352 -0.015273
v -0.018882 -0.100258 -0.015614
v -0.010140 -0.098797 -0.020408
v -0.010473 -0.095893 -0.020107
v -0.018882 -0.100258 -0.015614
v -0.020585 -0.101079 -0.017864
v -0.010962 -0.099529 -0.023133
v -0.010140 -0.098797 -0.020408
v -0.010962 -0.099529 -0.023133
v -0.011803 -0.097077 -0.024517
v -0.000020 -0.095483 -0.026432
v 0.000321 -0.097979 -0.024918
v -0.011803 -0.097077 -0.024517
v -0.011501 -0.094829 -0.022647
v -0.000334 -0.093287 -0.024504
v -0.000020 -0.095483 -0.026432
v -0.011501 -0.094829 -0.022647
v -0.010473 -0.095893 -0.020107
v -0.000186 -0.094426 -0.021799
v -0.000334 -0.093287 -0.024504
v -0.010473 -0.095893 -0.020107
v -0.010140 -0.098797 -0.020408
v 0.000219 -0.097325 -0.022055
v -0.000186 -0.094426 -0.021799
v -0.010140 -0.098797 -0.020408
v -0.010962 -0.099529 -0.023133
v 0.000321 -0.097979 -0.024918
v 0.000219 -0.097325 -0.022055
v 0.000321 -0.097979 -0.024918
v -0.000020 -0.095483 -0.026432
v 0.011718 -0.093894 -0.024433
v 0.011580 -0.096427 -0.022948
v -0.000020 -0.095483 -0.026432
v -0.000334 -0.093287 -0.024504
v 0.010771 -0.091750 -0.022660
v 0.011718 -0.093894 -0.024433
v -0.000334 -0.093287 -0.024504
v -0.000186 -0.094426 -0.021799
v 0.010048 -0.092957 -0.020080
v 0.010771 -0.091750 -0.022660
v -0.000186 -0.094426 -0.021799
v 0.000219 -0.097325 -0.022055
v 0.010548 -0.095848 -0.020258
v 0.010048 -0.092957 -0.020080
v 0.000219 -0.097325 -0.022055
v 0.000321 -0.097979 -0.024918
v 0.011580 -0.096427 -0.022948
v 0.010548 -0.095848 -0.020258
v 0.011580 -0.096427 -0.022948
v 0.011718 -0.093894 -0.024433
v 0.021719 -0.092303 -0.018788
v 0.021129 -0.094870 -0.017485
v 0.011718 -0.093894 -0.024433
v 0.010771 -0.091750 -0.022660
v 0.020158 -0.090215 -0.017431
v 0.021719 -0.092303 -0.018788
v 0.010771 -0.091750 -0.022660
v 0.010048 -0.092957 -0.020080
v 0.018603 -0.091492 -0.015289
v 0.020158 -0.090215 -0.017431
v 0.010048 -0.092957 -0.020080
v 0.010548 -0.095848 -0.020258
v 0.019203 -0.094369 -0.015322
v 0.018603 -0.091492 -0.015289
v 0.010548 -0.095848 -0.020258
v 0.011580 -0.096427 -0.022948
v 0.021129 -0.094870 -0.017485
v 0.019203 -0.094369 -0.015322
v 0.021129 -0.094870 -0.017485
v 0.021719 -0.092303 -0.018788
v 0.028476 -0.090707 -0.010251
v 0.027493 -0.093309 -0.009300
v 0.021719 -0.092303 -0.018788
v 0.020158 -0.090215 -0.017431
v 0.026440 -0.088683 -0.009622
v 0.028476 -0.090707 -0.010251
v 0.020158 -0.090215 -0.017431
v 0.018603 -0.091492 -0.015289
v 0.024199 -0.090033 -0.008283
v 0.026440 -0.088683 -0.009622
v 0.018603 -0.091492 -0.015289
v 0.019203 -0.094369 -0.015322
v 0.024850 -0.092892 -0.008084
v 0.024199 -0.090033 -0.008283
v 0.019203 -0.094369 -0.015322
v 0.021129 -0.094870 -0.017485
v 0.027493 -0.093309 -0.009300
v 0.024850 -0.092892 -0.008084
v 0.027493 -0.093309 -0.009300
v 0.028476 -0.090707 -0.010251
v 0.030852 -0.089108 -0.000069
v 0.029631 -0.091746 0.000367
v 0.028476 -0.090707 -0.010251
v 0.026440 -0.088683 -0.009622
v 0.028687 -0.087150 -0.000409
v 0.030852 -0.089108 -0.000069
v 0.026440 -0.088683 -0.009622
v 0.024199 -0.090033 -0.008283
v 0.026128 -0.088578 -0.000184
v 0.028687 -0.087150 -0.000409
v 0.024199 -0.090033 -0.008283
v 0.024850 -0.092892 -0.008084
v 0.026712 -0.091418 0.000295
v 0.026128 -0.088578 -0.000184
v 0.024850 -0.092892 -0.008084
v 0.027493 -0.093309 -0.009300
v 0.029631 -0.091746 0.000367
v 0.026712 -0.091418 0.000295
v 0.029631 -0.091746 0.000367
v 0.030852 -0.089108 -0.000069
v 0.028405 -0.087510 0.010082
v 0.027193 -0.090184 0.009961
v 0.030852 -0.089108 -0.000069
v 0.028687 -0.087150 -0.000409
v 0.026553 -0.085616 0.008807
v 0.028405 -0.087510 0.010082
v 0.028687 -0.087150 -0.000409
v 0.026128 -0.088578 -0.000184
v 0.024198 -0.087121 0.007899
v 0.026553 -0.085616 0.008807
v 0.026128 -0.088578 -0.000184
v 0.026712 -0.091418 0.000295
v 0.024593 -0.089944 0.008613
v 0.024198 -0.087121 0.007899
v 0.026712 -0.091418 0.000295
v 0.029631 -0.091746 0.000367
v 0.027193 -0.090184 0.009961
v 0.024593 -0.089944 0.008613
v 0.027193 -0.090184 0.009961
v 0.028405 -0.087510 0.010082
v 0.021620 -0.085917 0.018530
v 0.020625 -0.088627 0.017977
v 0.028405 -0.087510 0.010082
v 0.026553 -0.085616 0.008807
v 0.020382 -0.084082 0.016597
v 0.021620 -0.085917 0.018530
v 0.026553 -0.085616 0.008807
v 0.024198 -0.087121 0.007899
v 0.018622 -0.085658 0.014849
v 0.020382 -0.084082 0.016597
v 0.024198 -0.087121 0.007899
v 0.024593 -0.089944 0.008613
v 0.018772 -0.088466 0.015702
v 0.018622 -0.085658 0.014849
v 0.024593 -0.089944 0.008613
v 0.027193 -0.090184 0.009961
v 0.020625 -0.088627 0.017977
v 0.018772 -0.088466 0.015702
v 0.020625 -0.088627 0.017977
v 0.021620 -0.085917 0.018530
v 0.011675 -0.084334 0.024056
v 0.010980 -0.087071 0.023242
v 0.021620 -0.085917 0.018530
v 0.020382 -0.084082 0.016597
v 0.011168 -0.082552 0.021775
v 0.011675 -0.084334 0.024056
v 0.020382 -0.084082 0.016597
v 0.018622 -0.085658 0.014849
v 0.010158 -0.084188 0.019551
v 0.011168 -0.082552 0.021775
v 0.018622 -0.085658 0.014849
v 0.018772 -0.088466 0.015702
v 0.010042 -0.086981 0.020459
v 0.010158 -0.084188 0.019551
v 0.018772 -0.088466 0.015702
v 0.020625 -0.088627 0.017977
v 0.010980 -0.087071 0.023242
v 0.010042 -0.086981 0.020459
v 0.010980 -0.087071 0.023242
v 0.011675 -0.084334 0.024056
v 0.000096 -0.082757 0.025952
v -0.000291 -0.085516 0.025017
v 0.011675 -0.084334 0.024056
v 0.011168 -0.082552 0.021775
v 0.000350 -0.081025 0.023592
v 0.000096 -0.082757 0.025952
v 0.011168 -0.082552 0.021775
v 0.010158 -0.084188 0.019551
v 0.000121 -0.082713 0.021197
v 0.000350 -0.081025 0.023592
v 0.010158 -0.084188 0.019551
v 0.010042 -0.086981 0.020459
v -0.000275 -0.085489 0.022078
v 0.000121 -0.082713 0.021197
v 0.010042 -0.086981 0.020459
v 0.010980 -0.087071 0.023242
v -0.000291 -0.085516 0.025017
v -0.000275 -0.085489 0.022078
v -0.000291 -0.085516 0.025017
v 0.000096 -0.082757 0.025952
v -0.011438 -0.081183 0.024003
v -0.011528 -0.083959 0.023044
v 0.000096 -0.082757 0.025952
v 0.000350 -0.081025 0.023592
v -0.010414 -0.079501 0.021821
v -0.011438 -0.081183 0.024003
v 0.000350 -0.081025 0.023592
v 0.000121 -0.082713 0.021197
v -0.009870 -0.081238 0.019514
v -0.010414 -0.079501 0.021821
v 0.000121 -0.082713 0.021197
v -0.000275 -0.085489 0.022078
v -0.010559 -0.083994 0.020269
v -0.009870 -0.081238 0.019514
v -0.000275 -0.085489 0.022078
v -0.000291 -0.085516 0.025017
v -0.011528 -0.083959 0.023044
v -0.010559 -0.083994 0.020269
v -0.011528 -0.083959 0.023044
v -0.011438 -0.081183 0.024003
v -0.021263 -0.079607 0.018478
v -0.021067 -0.082399 0.017579
v -0.011438 -0.081183 0.024003
v -0.010414 -0.079501 0.021821
v -0.019500 -0.077981 0.016779
v -0.021263 -0.079607 0.018478
v -0.010414 -0.079501 0.021821
v -0.009870 -0.081238 0.019514
v -0.018215 -0.079767 0.014831
v -0.019500 -0.077981 0.016779
v -0.009870 -0.081238 0.019514
v -0.010559 -0.083994 0.020269
v -0.019184 -0.082497 0.015325
v -0.018215 -0.079767 0.014831
v -0.010559 -0.083994 0.020269
v -0.011528 -0.083959 0.023044
v -0.021067 -0.082399 0.017579
v -0.019184 -0.082497 0.015325
v -0.021067 -0.082399 0.017579
v -0.021263 -0.079607 0.018478
v -0.027906 -0.078029 0.010120
v -0.027440 -0.080834 0.009377
v -0.021263 -0.079607 0.018478
v -0.019500 -0.077981 0.016779
v -0.025570 -0.076462 0.009267
v -0.027906 -0.078029 0.010120
v -0.019500 -0.077981 0.016779
v -0.018215 -0.079767 0.014831
v -0.023660 -0.078299 0.007997
v -0.025570 -0.076462 0.009267
v -0.018215 -0.079767 0.014831
v -0.019184 -0.082497 0.015325
v -0.024815 -0.081001 0.008064
v -0.023660 -0.078299 0.007997
v -0.019184 -0.082497 0.015325
v -0.021067 -0.082399 0.017579
v -0.027440 -0.080834 0.009377
v -0.024815 -0.081001 0.008064
v -0.027440 -0.080834 0.009377
v -0.027906 -0.078029 0.010120
v -0.030262 -0.076448 0.000149
v -0.029584 -0.079268 -0.000328
v -0.027906 -0.078029 0.010120
v -0.025570 -0.076462 0.009267
v -0.027751 -0.074944 0.000420
v -0.030262 -0.076448 0.000149
v -0.025570 -0.076462 0.009267
v -0.023660 -0.078299 0.007997
v -0.025522 -0.076834 0.000111
v -0.027751 -0.074944 0.000420
v -0.023660 -0.078299 0.007997
v -0.024815 -0.081001 0.008064
v -0.026655 -0.079506 -0.000352
v -0.025522 -0.076834 0.000111
v -0.024815 -0.081001 0.008064
v -0.027440 -0.080834 0.009377
v -0.029584 -0.079268 -0.000328
v -0.026655 -0.079506 -0.000352
v -0.029584 -0.079268 -0.000328
v -0.030262 -0.076448 0.000149
v -0.027889 -0.074866 -0.009804
v -0.027139 -0.077704 -0.009953
v -0.030262 -0.076448 0.000149
v -0.027751 -0.074944 0.000420
v -0.025718 -0.073423 -0.008446
v -0.027889 -0.074866 -0.009804
v -0.027751 -0.074944 0.000420
v -0.025522 -0.076834 0.000111
v -0.023626 -0.075368 -0.007757
v -0.025718 -0.073423 -0.008446
v -0.025522 -0.076834 0.000111
v -0.026655 -0.079506 -0.000352
v -0.024504 -0.078014 -0.008687
v -0.023626 -0.075368 -0.007757
v -0.026655 -0.079506 -0.000352
v -0.029584 -0.079268 -0.000328
v -0.027139 -0.077704 -0.009953
v -0.024504 -0.078014 -0.008687
v -0.027139 -0.077704 -0.009953
v -0.027889 -0.074866 -0.009804
v -0.021254 -0.073286 -0.018098
v -0.020572 -0.076142 -0.017969
v -0.027889 -0.074866 -0.009804
v -0.025718 -0.073423 -0.008446
v -0.019772 -0.071901 -0.015972
v -0.021254 -0.073286 -0.018098
v -0.025718 -0.073423 -0.008446
v -0.023626 -0.075368 -0.007757
v -0.018173 -0.073900 -0.014529
v -0.019772 -0.071901 -0.015972
v -0.023626 -0.075368 -0.007757
v -0.024504 -0.078014 -0.008687
v -0.018668 -0.076521 -0.015763
v -0.018173 -0.073900 -0.014529
v -0.024504 -0.078014 -0.008687
v -0.027139 -0.077704 -0.009953
v -0.020572 -0.076142 -0.017969
v -0.018668 -0.076521 -0.015763
v -0.020572 -0.076142 -0.017969
v -0.021254 -0.073286 -0.018098
v -0.011510 -0.071711 -0.023530
v -0.010959 -0.074581 -0.023220
v -0.021254 -0.073286 -0.018098
v -0.019772 -0.071901 -0.015972
v -0.010849 -0.070380 -0.020994
v -0.011510 -0.071711 -0.023530
v -0.019772 -0.071901 -0.015972
v -0.018173 -0.073900 -0.014529
v -0.009891 -0.072428 -0.019117
v -0.010849 -0.070380 -0.020994
v -0.018173 -0.073900 -0.014529
v -0.018668 -0.076521 -0.015763
v -0.009959 -0.075024 -0.020493
v -0.009891 -0.072428 -0.019117
v -0.018668 -0.076521 -0.015763
v -0.020572 -0.076142 -0.017969
v -0.010959 -0.074581 -0.023220
v -0.009959 -0.075024 -0.020493
v -0.010959 -0.074581 -0.023220
v -0.011510 -0.071711 -0.023530
v -0.000158 -0.070140 -0.025402
v 0.000255 -0.073021 -0.024989
v -0.011510 -0.071711 -0.023530
v -0.010849 -0.070380 -0.020994
v -0.000352 -0.068863 -0.022763
v -0.000158 -0.070140 -0.025402
v -0.010849 -0.070380 -0.020994
v -0.009891 -0.072428 -0.019117
v -0.000060 -0.070953 -0.020718
v -0.000352 -0.068863 -0.022763
v -0.009891 -0.072428 -0.019117
v -0.009959 -0.075024 -0.020493
v 0.000315 -0.073523 -0.022094
v -0.000060 -0.070953 -0.020718
v -0.009959 -0.075024 -0.020493
v -0.010959 -0.074581 -0.023220
v 0.000255 -0.073021 -0.024989
v 0.000315 -0.073523 -0.022094
v 0.000255 -0.073021 -0.024989
v -0.000158 -0.070140 -0.025402
v 0.011147 -0.068571 -0.023503
v 0.011432 -0.071457 -0.023031
v -0.000158 -0.070140 -0.025402
v -0.000352 -0.068863 -0.022763
v 0.010093 -0.067348 -0.021047
v 0.011147 -0.068571 -0.023503
v -0.000352 -0.068863 -0.022763
v -0.000060 -0.070953 -0.020718
v 0.009727 -0.069480 -0.019057
v 0.010093 -0.067348 -0.021047
v -0.000060 -0.070953 -0.020718
v 0.000315 -0.073523 -0.022094
v 0.010555 -0.072019 -0.020283
v 0.009727 -0.069480 -0.019057
v 0.000315 -0.073523 -0.022094
v 0.000255 -0.073021 -0.024989
v 0.011432 -0.071457 -0.023031
v 0.010555 -0.072019 -0.020283
v 0.011432 -0.071457 -0.023031
v 0.011147 -0.068571 -0.023503
v 0.020771 -0.066999 -0.018107
v 0.020933 -0.069889 -0.017597
v 0.011147 -0.068571 -0.023503
v 0.010093 -0.067348 -0.021047
v 0.018894 -0.065838 -0.016166
v 0.020771 -0.066999 -0.018107
v 0.010093 -0.067348 -0.021047
v 0.009727 -0.069480 -0.019057
v 0.017896 -0.068010 -0.014457
v 0.018894 -0.065838 -0.016166
v 0.009727 -0.069480 -0.019057
v 0.010555 -0.072019 -0.020283
v 0.019156 -0.070514 -0.015342
v 0.017896 -0.068010 -0.014457
v 0.010555 -0.072019 -0.020283
v 0.011432 -0.071457 -0.023031
v 0.020933 -0.069889 -0.017597
v 0.019156 -0.070514 -0.015342
v 0.020933 -0.069889 -0.017597
v 0.020771 -0.066999 -0.018107
v 0.027277 -0.065423 -0.009950
v 0.027300 -0.068314 -0.009421
v 0.020771 -0.066999 -0.018107
v 0.018894 -0.065838 -0.016166
v 0.024750 -0.064331 -0.008920
v 0.027277 -0.065423 -0.009950
v 0.018894 -0.065838 -0.016166
v 0.017896 -0.068010 -0.014457
v 0.023211 -0.066547 -0.007754
v 0.024750 -0.064331 -0.008920
v 0.017896 -0.068010 -0.014457
v 0.019156 -0.070514 -0.015342
v 0.024787 -0.069009 -0.008064
v 0.023211 -0.066547 -0.007754
v 0.019156 -0.070514 -0.015342
v 0.020933 -0.069889 -0.017597
v 0.027300 -0.068314 -0.009421
v 0.024787 -0.069009 -0.008064
v 0.027300 -0.068314 -0.009421
v 0.027277 -0.065423 -0.009950
v 0.029596 -0.063844 -0.000223
v 0.029460 -0.066737 0.000278
v 0.027277 -0.065423 -0.009950
v 0.024750 -0.064331 -0.008920
v 0.026846 -0.062825 -0.000415
v 0.029596 -0.063844 -0.000223
v 0.024750 -0.064331 -0.008920
v 0.023211 -0.066547 -0.007754
v 0.025010 -0.065088 -0.000034
v 0.026846 -0.062825 -0.000415
v 0.023211 -0.066547 -0.007754
v 0.024787 -0.069009 -0.008064
v 0.026625 -0.067506 0.000394
v 0.025010 -0.065088 -0.000034
v 0.024787 -0.069009 -0.008064
v 0.027300 -0.068314 -0.009421
v 0.029460 -0.066737 0.000278
v 0.026625 -0.067506 0.000394
v 0.029460 -0.066737 0.000278
v 0.029596 -0.063844 -0.000223
v 0.027300 -0.062263 0.009493
v 0.027033 -0.065161 0.009905
v 0.029596 -0.063844 -0.000223
v 0.026846 -0.062825 -0.000415
v 0.024889 -0.061317 0.008105
v 0.027300 -0.062263 0.009493
v 0.026846 -0.062825 -0.000415
v 0.025010 -0.065088 -0.000034
v 0.023131 -0.063630 0.007658
v 0.024889 -0.061317 0.008105
v 0.025010 -0.065088 -0.000034
v 0.026625 -0.067506 0.000394
v 0.024457 -0.066005 0.008770
v 0.023131 -0.063630 0.007658
v 0.026625 -0.067506 0.000394
v 0.029460 -0.066737 0.000278
v 0.027033 -0.065161 0.009905
v 0.024457 -0.066005 0.008770
v 0.027033 -0.065161 0.009905
v 0.027300 -0.062263 0.009493
v 0.020833 -0.060683 0.017603
v 0.020494 -0.063586 0.017912
v 0.027300 -0.062263 0.009493
v 0.024889 -0.061317 0.008105
v 0.019152 -0.059807 0.015357
v 0.020833 -0.060683 0.017603
v 0.024889 -0.061317 0.008105
v 0.023131 -0.063630 0.007658
v 0.017775 -0.062169 0.014278
v 0.019152 -0.059807 0.015357
v 0.023131 -0.063630 0.007658
v 0.024457 -0.066005 0.008770
v 0.018604 -0.064504 0.015857
v 0.017775 -0.062169 0.014278
v 0.024457 -0.066005 0.008770
v 0.027033 -0.065161 0.009905
v 0.020494 -0.063586 0.017912
v 0.018604 -0.064504 0.015857
v 0.020494 -0.063586 0.017912
v 0.020833 -0.060683 0.017603
v 0.011315 -0.059109 0.022921
v 0.010935 -0.062014 0.023149
v 0.020833 -0.060683 0.017603
v 0.019152 -0.059807 0.015357
v 0.010516 -0.058299 0.020211
v 0.011315 -0.059109 0.022921
v 0.019152 -0.059807 0.015357
v 0.017775 -0.062169 0.014278
v 0.009644 -0.060704 0.018764
v 0.010516 -0.058299 0.020211
v 0.017775 -0.062169 0.014278
v 0.018604 -0.064504 0.015857
v 0.009902 -0.063000 0.020581
v 0.009644 -0.060704 0.018764
v 0.018604 -0.064504 0.015857
v 0.020494 -0.063586 0.017912
v 0.010935 -0.062014 0.023149
v 0.009902 -0.063000 0.020581
v 0.010935 -0.062014 0.023149
v 0.011315 -0.059109 0.022921
v 0.000220 -0.057538 0.024758
v -0.000205 -0.060441 0.024919
v 0.011315 -0.059109 0.022921
v 0.010516 -0.058299 0.020211
v 0.000341 -0.056793 0.021918
v 0.000220 -0.057538 0.024758
v 0.010516 -0.058299 0.020211
v 0.009644 -0.060704 0.018764
v -0.000010 -0.059237 0.020323
v 0.000341 -0.056793 0.021918
v 0.009644 -0.060704 0.018764
v 0.009902 -0.063000 0.020581
v -0.000347 -0.061491 0.022178
v -0.000010 -0.059237 0.020323
v 0.009902 -0.063000 0.020581
v 0.010935 -0.062014 0.023149
v -0.000205 -0.060441 0.024919
v -0.000347 -0.061491 0.022178
v -0.000205 -0.060441 0.024919
v 0.000220 -0.057538 0.024758
v -0.010822 -0.055967 0.022910
v -0.011309 -0.058864 0.022988
v 0.000220 -0.057538 0.024758
v 0.000341 -0.056793 0.021918
v -0.009779 -0.055292 0.020247
v -0.010822 -0.055967 0.022910
v 0.000341 -0.056793 0.021918
v -0.000010 -0.059237 0.020323
v -0.009621 -0.057772 0.018678
v -0.009779 -0.055292 0.020247
v -0.000010 -0.059237 0.020323
v -0.000347 -0.061491 0.022178
v -0.010567 -0.059980 0.020372
v -0.009621 -0.057772 0.018678
v -0.000347 -0.061491 0.022178
v -0.000205 -0.060441 0.024919
v -0.011309 -0.058864 0.022988
v -0.010567 -0.059980 0.020372
v -0.011309 -0.058864 0.022988
v -0.010822 -0.055967 0.022910
v -0.020207 -0.054392 0.017655
v -0.020762 -0.057278 0.017600
v -0.010822 -0.055967 0.022910
v -0.009779 -0.055292 0.020247
v -0.018279 -0.053798 0.015519
v -0.020207 -0.054392 0.017655
v -0.009779 -0.055292 0.020247
v -0.009621 -0.057772 0.018678
v -0.017642 -0.056316 0.014143
v -0.018279 -0.053798 0.015519
v -0.009621 -0.057772 0.018678
v -0.010567 -0.059980 0.020372
v -0.019177 -0.058467 0.015430
v -0.017642 -0.056316 0.014143
v -0.010567 -0.059980 0.020372
v -0.011309 -0.058864 0.022988
v -0.020762 -0.057278 0.017600
v -0.019177 -0.058467 0.015430
v -0.020762 -0.057278 0.017600
v -0.020207 -0.054392 0.017655
v -0.026537 -0.052811 0.009730
v -0.027123 -0.055679 0.009471
v -0.020207 -0.054392 0.017655
v -0.018279 -0.053798 0.015519
v -0.023898 -0.052312 0.008536
v -0.026537 -0.052811 0.009730
v -0.018279 -0.053798 0.015519
v -0.017642 -0.056316 0.014143
v -0.022854 -0.054872 0.007540
v -0.023898 -0.052312 0.008536
v -0.017642 -0.056316 0.014143
v -0.019177 -0.058467 0.015430
v -0.024847 -0.056953 0.008118
v -0.022854 -0.054872 0.007540
v -0.019177 -0.058467 0.015430
v -0.020762 -0.057278 0.017600
v -0.027123 -0.055679 0.009471
v -0.024847 -0.056953 0.008118
v -0.027123 -0.055679 0.009471
v -0.026537 -0.052811 0.009730
v -0.028791 -0.051221 0.000303
v -0.029311 -0.054070 -0.000202
v -0.026537 -0.052811 0.009730
v -0.023898 -0.052312 0.008536
v -0.025879 -0.050831 0.000389
v -0.028791 -0.051221 0.000303
v -0.023898 -0.052312 0.008536
v -0.022854 -0.054872 0.007540
v -0.024599 -0.053438 -0.000062
v -0.025879 -0.050831 0.000389
v -0.022854 -0.054872 0.007540
v -0.024847 -0.056953 0.008118
v -0.026720 -0.055440 -0.000428
v -0.024599 -0.053438 -0.000062
v -0.024847 -0.056953 0.008118
v -0.027123 -0.055679 0.009471
v -0.029311 -0.054070 -0.000202
v -0.026720 -0.055440 -0.000428
v -0.029311 -0.054070 -0.000202
v -0.028791 -0.051221 0.000303
v -0.026571 -0.049630 -0.009105
v -0.026922 -0.052458 -0.009822
v -0.028791 -0.051221 0.000303
v -0.025879 -0.050831 0.000389
v -0.023978 -0.049351 -0.007749
v -0.026571 -0.049630 -0.009105
v -0.025879 -0.050831 0.000389
v -0.024599 -0.053438 -0.000062
v -0.022726 -0.052008 -0.007629
v -0.023978 -0.049351 -0.007749
v -0.024599 -0.053438 -0.000062
v -0.026720 -0.055440 -0.000428
v -0.024546 -0.053928 -0.008910
v -0.022726 -0.052008 -0.007629
v -0.026720 -0.055440 -0.000428
v -0.029311 -0.054070 -0.000202
v -0.026922 -0.052458 -0.009822
v -0.024546 -0.053928 -0.008910
v -0.026922 -0.052458 -0.009822
v -0.026571 -0.049630 -0.009105
v -0.020303 -0.048043 -0.016964
v -0.020428 -0.050851 -0.017822
v -0.026571 -0.049630 -0.009105
v -0.023978 -0.049351 -0.007749
v -0.018453 -0.047870 -0.014687
v -0.020303 -0.048043 -0.016964
v -0.023978 -0.049351 -0.007749
v -0.022726 -0.052008 -0.007629
v -0.017435 -0.050572 -0.014137
v -0.018453 -0.047870 -0.014687
v -0.022726 -0.052008 -0.007629
v -0.024546 -0.053928 -0.008910
v -0.018656 -0.052414 -0.016075
v -0.017435 -0.050572 -0.014137
v -0.024546 -0.053928 -0.008910
v -0.026922 -0.052458 -0.009822
v -0.020428 -0.050851 -0.017822
v -0.018656 -0.052414 -0.016075
v -0.020428 -0.050851 -0.017822
v -0.020303 -0.048043 -0.016964
v -0.011064 -0.046463 -0.022123
v -0.010935 -0.049249 -0.023051
v -0.020303 -0.048043 -0.016964
v -0.018453 -0.047870 -0.014687
v -0.010125 -0.046389 -0.019339
v -0.011064 -0.046463 -0.022123
v -0.018453 -0.047870 -0.014687
v -0.017435 -0.050572 -0.014137
v -0.009416 -0.049128 -0.018546
v -0.010125 -0.046389 -0.019339
v -0.017435 -0.050572 -0.014137
v -0.018656 -0.052414 -0.016075
v -0.009916 -0.050896 -0.020840
v -0.009416 -0.049128 -0.018546
v -0.018656 -0.052414 -0.016075
v -0.020428 -0.050851 -0.017822
v -0.010935 -0.049249 -0.023051
v -0.009916 -0.050896 -0.020840
v -0.010935 -0.049249 -0.023051
v -0.011064 -0.046463 -0.022123
v -0.000293 -0.044889 -0.023901
v 0.000121 -0.047647 -0.024828
v -0.011064 -0.046463 -0.022123
v -0.010125 -0.046389 -0.019339
v -0.000302 -0.044910 -0.020962
v -0.000293 -0.044889 -0.023901
v -0.010125 -0.046389 -0.019339
v -0.009416 -0.049128 -0.018546
v 0.000106 -0.047681 -0.020073
v -0.000302 -0.044910 -0.020962
v -0.009416 -0.049128 -0.018546
v -0.009916 -0.050896 -0.020840
v 0.000367 -0.049373 -0.022462
v 0.000106 -0.047681 -0.020073
v -0.009916 -0.050896 -0.020840
v -0.010935 -0.049249 -0.023051
v 0.000121 -0.047647 -0.024828
v 0.000367 -0.049373 -0.022462
v 0.000121 -0.047647 -0.024828
v -0.000293 -0.044889 -0.023901
v 0.010411 -0.043315 -0.022101
v 0.011142 -0.046038 -0.022932
v -0.000293 -0.044889 -0.023901
v -0.000302 -0.044910 -0.020962
v 0.009455 -0.043439 -0.019324
v 0.010411 -0.043315 -0.022101
v -0.000302 -0.044910 -0.020962
v 0.000106 -0.047681 -0.020073
v 0.009596 -0.046238 -0.018440
v 0.009455 -0.043439 -0.019324
v 0.000106 -0.047681 -0.020073
v 0.000367 -0.049373 -0.022462
v 0.010639 -0.047844 -0.020669
v 0.009596 -0.046238 -0.018440
v 0.000367 -0.049373 -0.022462
v 0.000121 -0.047647 -0.024828
v 0.011142 -0.046038 -0.022932
v 0.010639 -0.047844 -0.020669
v 0.011142 -0.046038 -0.022932
v 0.010411 -0.043315 -0.022101
v 0.019469 -0.041737 -0.017012
v 0.020538 -0.044409 -0.017606
v 0.010411 -0.043315 -0.022101
v 0.009455 -0.043439 -0.019324
v 0.017610 -0.041985 -0.014749
v 0.019469 -0.041737 -0.017012
v 0.009455 -0.043439 -0.019324
v 0.009596 -0.046238 -0.018440
v 0.017530 -0.044810 -0.013945
v 0.017610 -0.041985 -0.014749
v 0.009596 -0.046238 -0.018440
v 0.010639 -0.047844 -0.020669
v 0.019339 -0.046309 -0.015711
v 0.017530 -0.044810 -0.013945
v 0.010639 -0.047844 -0.020669
v 0.011142 -0.046038 -0.022932
v 0.020538 -0.044409 -0.017606
v 0.019339 -0.046309 -0.015711
v 0.020538 -0.044409 -0.017606
v 0.019469 -0.041737 -0.017012
v 0.025526 -0.040149 -0.009389
v 0.026884 -0.042751 -0.009549
v 0.019469 -0.041737 -0.017012
v 0.017610 -0.041985 -0.014749
v 0.022942 -0.040554 -0.008049
v 0.025526 -0.040149 -0.009389
v 0.017610 -0.041985 -0.014749
v 0.017530 -0.044810 -0.013945
v 0.022702 -0.043406 -0.007382
v 0.022942 -0.040554 -0.008049
v 0.017530 -0.044810 -0.013945
v 0.019339 -0.046309 -0.015711
v 0.025138 -0.044764 -0.008309
v 0.022702 -0.043406 -0.007382
v 0.019339 -0.046309 -0.015711
v 0.020538 -0.044409 -0.017606
v 0.026884 -0.042751 -0.009549
v 0.025138 -0.044764 -0.008309
v 0.026884 -0.042751 -0.009549
v 0.025526 -0.040149 -0.009389
v 0.027635 -0.038553 -0.000396
v 0.029098 -0.041060 0.000062
v 0.025526 -0.040149 -0.009389
v 0.022942 -0.040554 -0.008049
v 0.024759 -0.039151 -0.000306
v 0.027635 -0.038553 -0.000396
v 0.022942 -0.040554 -0.008049
v 0.022702 -0.043406 -0.007382
v 0.024445 -0.042028 0.000207
v 0.024759 -0.039151 -0.000306
v 0.022702 -0.043406 -0.007382
v 0.025138 -0.044764 -0.008309
v 0.027127 -0.043208 0.000434
v 0.024445 -0.042028 0.000207
v 0.025138 -0.044764 -0.008309
v 0.026884 -0.042751 -0.009549
v 0.029098 -0.041060 0.000062
v 0.027127 -0.043208 0.000434
v 0.029098 -0.041060 0.000062
v 0.027635 -0.038553 -0.000396
v 0.025477 -0.036959 0.008522
v 0.026762 -0.039357 0.009634
v 0.027635 -0.038553 -0.000396
v 0.024759 -0.039151 -0.000306
v 0.022891 -0.037762 0.007379
v 0.025477 -0.036959 0.008522
v 0.024759 -0.039151 -0.000306
v 0.024445 -0.042028 0.000207
v 0.022578 -0.040656 0.007785
v 0.022891 -0.037762 0.007379
v 0.024445 -0.042028 0.000207
v 0.027127 -0.043208 0.000434
v 0.024970 -0.041642 0.009179
v 0.022578 -0.040656 0.007785
v 0.027127 -0.043208 0.000434
v 0.029098 -0.041060 0.000062
v 0.026762 -0.039357 0.009634
v 0.024970 -0.041642 0.009179
v 0.026762 -0.039357 0.009634
v 0.025477 -0.036959 0.008522
v 0.019477 -0.035379 0.015958
v 0.020343 -0.037665 0.017588
v 0.025477 -0.036959 0.008522
v 0.022891 -0.037762 0.007379
v 0.017591 -0.036369 0.013933
v 0.019477 -0.035379 0.015958
v 0.022891 -0.037762 0.007379
v 0.022578 -0.040656 0.007785
v 0.017291 -0.039268 0.014312
v 0.017591 -0.036369 0.013933
v 0.022578 -0.040656 0.007785
v 0.024970 -0.041642 0.009179
v 0.018992 -0.040069 0.016571
v 0.017291 -0.039268 0.014312
v 0.024970 -0.041642 0.009179
v 0.026762 -0.039357 0.009634
v 0.020343 -0.037665 0.017588
v 0.018992 -0.040069 0.016571
v 0.020343 -0.037665 0.017588
v 0.019477 -0.035379 0.015958
v 0.010648 -0.033814 0.020830
v 0.010958 -0.035992 0.022778
v 0.019477 -0.035379 0.015958
v 0.017591 -0.036369 0.013933
v 0.009608 -0.034967 0.018335
v 0.010648 -0.033814 0.020830
v 0.017591 -0.036369 0.013933
v 0.017291 -0.039268 0.014312
v 0.009276 -0.037859 0.018741
v 0.009608 -0.034967 0.018335
v 0.017291 -0.039268 0.014312
v 0.018992 -0.040069 0.016571
v 0.010110 -0.038493 0.021486
v 0.009276 -0.037859 0.018741
v 0.018992 -0.040069 0.016571
v 0.020343 -0.037665 0.017588
v 0.010958 -0.035992 0.022778
v 0.010110 -0.038493 0.021486
v 0.010958 -0.035992 0.022778
v 0.010648 -0.033814 0.020830
v 0.000367 -0.032261 0.022478
v 0.000046 -0.034328 0.024542
v 0.010648 -0.033814 0.020830
v 0.009608 -0.034967 0.018335
v 0.000181 -0.033565 0.019851
v 0.000367 -0.032261 0.022478
v 0.009608 -0.034967 0.018335
v 0.009276 -0.037859 0.018741
v -0.000255 -0.036438 0.020292
v 0.000181 -0.033565 0.019851
v 0.009276 -0.037859 0.018741
v 0.010110 -0.038493 0.021486
v -0.000338 -0.036909 0.023191
v -0.000255 -0.036438 0.020292
v 0.010110 -0.038493 0.021486
v 0.010958 -0.035992 0.022778
v 0.000046 -0.034328 0.024542
v -0.000338 -0.036909 0.023191
v 0.000046 -0.034328 0.024542
v 0.000367 -0.032261 0.022478
v -0.009802 -0.030717 0.020713
v -0.010811 -0.032654 0.022680
v 0.000367 -0.032261 0.022478
v 0.000181 -0.033565 0.019851
v -0.009173 -0.032177 0.018241
v -0.009802 -0.030717 0.020713
v 0.000181 -0.033565 0.019851
v -0.000255 -0.036438 0.020292
v -0.009793 -0.035016 0.018680
v -0.009173 -0.032177 0.018241
v -0.000255 -0.036438 0.020292
v -0.000338 -0.036909 0.023191
v -0.010806 -0.035311 0.021424
v -0.009793 -0.035016 0.018680
v -0.000338 -0.036909 0.023191
v 0.000046 -0.034328 0.024542
v -0.010811 -0.032654 0.022680
v -0.010806 -0.035311 0.021424
v -0.010811 -0.032654 0.022680
v -0.009802 -0.030717 0.020713
v -0.018313 -0.029184 0.015853
v -0.020040 -0.030950 0.017446
v -0.009802 -0.030717 0.020713
v -0.009173 -0.032177 0.018241
v -0.016956 -0.030826 0.013828
v -0.018313 -0.029184 0.015853
v -0.009173 -0.032177 0.018241
v -0.009793 -0.035016 0.018680
v -0.017844 -0.033607 0.014170
v -0.016956 -0.030826 0.013828
v -0.009793 -0.035016 0.018680
v -0.010806 -0.035311 0.021424
v -0.019750 -0.033683 0.016406
v -0.017844 -0.033607 0.014170
v -0.010806 -0.035311 0.021424
v -0.010811 -0.032654 0.022680
v -0.020040 -0.030950 0.017446
v -0.019750 -0.033683 0.016406
v -0.020040 -0.030950 0.017446
v -0.018313 -0.029184 0.015853
v -0.023871 -0.027670 0.008701
v -0.026234 -0.029195 0.009555
v -0.018313 -0.029184 0.015853
v -0.016956 -0.030826 0.013828
v -0.021998 -0.029538 0.007421
v -0.023871 -0.027670 0.008701
v -0.016956 -0.030826 0.013828
v -0.017844 -0.033607 0.014170
v -0.023203 -0.032217 0.007483
v -0.021998 -0.029538 0.007421
v -0.017844 -0.033607 0.014170
v -0.019750 -0.033683 0.016406
v -0.025821 -0.032006 0.008802
v -0.023203 -0.032217 0.007483
v -0.019750 -0.033683 0.016406
v -0.020040 -0.030950 0.017446
v -0.026234 -0.029195 0.009555
v -0.025821 -0.032006 0.008802
v -0.026234 -0.029195 0.009555
v -0.023871 -0.027670 0.008701
v -0.025676 -0.026189 0.000442
v -0.028346 -0.027394 0.000206
v -0.023871 -0.027670 0.008701
v -0.021998 -0.029538 0.007421
v -0.023682 -0.028315 0.000067
v -0.025676 -0.026189 0.000442
v -0.021998 -0.029538 0.007421
v -0.023203 -0.032217 0.007483
v -0.025120 -0.030836 -0.000401
v -0.023682 -0.028315 0.000067
v -0.023203 -0.032217 0.007483
v -0.025821 -0.032006 0.008802
v -0.028002 -0.030266 -0.000315
v -0.025120 -0.030836 -0.000401
v -0.025821 -0.032006 0.008802
v -0.026234 -0.029195 0.009555
v -0.028346 -0.027394 0.000206
v -0.028002 -0.030266 -0.000315
v -0.028346 -0.027394 0.000206
v -0.025676 -0.026189 0.000442
v -0.023586 -0.024745 -0.007626
v -0.026027 -0.025599 -0.009022
v -0.025676 -0.026189 0.000442
v -0.023682 -0.028315 0.000067
v -0.021886 -0.027111 -0.007240
v -0.023586 -0.024745 -0.007626
v -0.023682 -0.028315 0.000067
v -0.025120 -0.030836 -0.000401
v -0.023276 -0.029427 -0.008397
v -0.021886 -0.027111 -0.007240
v -0.025120 -0.030836 -0.000401
v -0.028002 -0.030266 -0.000315
v -0.025835 -0.028493 -0.009498
v -0.023276 -0.029427 -0.008397
v -0.028002 -0.030266 -0.000315
v -0.028346 -0.027394 0.000206
v -0.026027 -0.025599 -0.009022
v -0.025835 -0.028493 -0.009498
v -0.026027 -0.025599 -0.009022
v -0.023586 -0.024745 -0.007626
v -0.018027 -0.023320 -0.014350
v -0.019799 -0.023859 -0.016631
v -0.023586 -0.024745 -0.007626
v -0.021886 -0.027111 -0.007240
v -0.016801 -0.025863 -0.013531
v -0.018027 -0.023320 -0.014350
v -0.021886 -0.027111 -0.007240
v -0.023276 -0.029427 -0.008397
v -0.017817 -0.027973 -0.015306
v -0.016801 -0.025863 -0.013531
v -0.023276 -0.029427 -0.008397
v -0.025835 -0.028493 -0.009498
v -0.019669 -0.026735 -0.017222
v -0.017817 -0.027973 -0.015306
v -0.025835 -0.028493 -0.009498
v -0.026027 -0.025599 -0.009022
v -0.019799 -0.023859 -0.016631
v -0.019669 -0.026735 -0.017222
v -0.019799 -0.023859 -0.016631
v -0.018027 -0.023320 -0.014350
v -0.009855 -0.021897 -0.018780
v -0.010758 -0.022175 -0.021562
v -0.018027 -0.023320 -0.014350
v -0.016801 -0.025863 -0.013531
v -0.009081 -0.024560 -0.017805
v -0.009855 -0.021897 -0.018780
v -0.016801 -0.025863 -0.013531
v -0.017817 -0.027973 -0.015306
v -0.009507 -0.026483 -0.019986
v -0.009081 -0.024560 -0.017805
v -0.017817 -0.027973 -0.015306
v -0.019669 -0.026735 -0.017222
v -0.010543 -0.025010 -0.022308
v -0.009507 -0.026483 -0.019986
v -0.019669 -0.026735 -0.017222
v -0.019799 -0.023859 -0.016631
v -0.010758 -0.022175 -0.021562
v -0.010543 -0.025010 -0.022308
v -0.010758 -0.022175 -0.021562
v -0.009855 -0.021897 -0.018780
v -0.000317 -0.020476 -0.020264
v -0.000297 -0.020526 -0.023202
v -0.009855 -0.021897 -0.018780
v -0.009081 -0.024560 -0.017805
v 0.000101 -0.023223 -0.019306
v -0.000317 -0.020476 -0.020264
v -0.009081 -0.024560 -0.017805
v -0.009507 -0.026483 -0.019986
v 0.000379 -0.024971 -0.021652
v 0.000101 -0.023223 -0.019306
v -0.009507 -0.026483 -0.019986
v -0.010543 -0.025010 -0.022308
v 0.000134 -0.023304 -0.024060
v 0.000379 -0.024971 -0.021652
v -0.010543 -0.025010 -0.022308
v -0.010758 -0.022175 -0.021562
v -0.000297 -0.020526 -0.023202
v 0.000134 -0.023304 -0.024060
v -0.000297 -0.020526 -0.023202
v -0.000317 -0.020476 -0.020264
v 0.009096 -0.019068 -0.018603
v 0.010043 -0.018893 -0.021380
v -0.000317 -0.020476 -0.020264
v 0.000101 -0.023223 -0.019306
v 0.009269 -0.021878 -0.017759
v 0.009096 -0.019068 -0.018603
v 0.000101 -0.023223 -0.019306
v 0.000379 -0.024971 -0.021652
v 0.010322 -0.023440 -0.020015
v 0.009269 -0.021878 -0.017759
v 0.000379 -0.024971 -0.021652
v 0.000134 -0.023304 -0.024060
v 0.010801 -0.021596 -0.022252
v 0.010322 -0.023440 -0.020015
v 0.000134 -0.023304 -0.024060
v -0.000297 -0.020526 -0.023202
v 0.010043 -0.018893 -0.021380
v 0.010801 -0.021596 -0.022252
v 0.010043 -0.018893 -0.021380
v 0.009096 -0.019068 -0.018603
v 0.016912 -0.017688 -0.014131
v 0.018734 -0.017265 -0.016398
v 0.009096 -0.019068 -0.018603
v 0.009269 -0.021878 -0.017759
v 0.016962 -0.020546 -0.013448
v 0.016912 -0.017688 -0.014131
v 0.009269 -0.021878 -0.017759
v 0.010322 -0.023440 -0.020015
v 0.018814 -0.021889 -0.015293
v 0.016962 -0.020546 -0.013448
v 0.010322 -0.023440 -0.020015
v 0.010801 -0.021596 -0.022252
v 0.019909 -0.019861 -0.017116
v 0.018814 -0.021889 -0.015293
v 0.010801 -0.021596 -0.022252
v 0.010043 -0.018893 -0.021380
v 0.018734 -0.017265 -0.016398
v 0.019909 -0.019861 -0.017116
v 0.018734 -0.017265 -0.016398
v 0.016912 -0.017688 -0.014131
v 0.021968 -0.016353 -0.007661
v 0.024471 -0.015639 -0.009027
v 0.016912 -0.017688 -0.014131
v 0.016962 -0.020546 -0.013448
v 0.022025 -0.019240 -0.007112
v 0.021968 -0.016353 -0.007661
v 0.016962 -0.020546 -0.013448
v 0.018814 -0.021889 -0.015293
v 0.024563 -0.020310 -0.008139
v 0.022025 -0.019240 -0.007112
v 0.018814 -0.021889 -0.015293
v 0.019909 -0.019861 -0.017116
v 0.026074 -0.018084 -0.009322
v 0.024563 -0.020310 -0.008139
v 0.019909 -0.019861 -0.017116
v 0.018734 -0.017265 -0.016398
v 0.024471 -0.015639 -0.009027
v 0.026074 -0.018084 -0.009322
v 0.024471 -0.015639 -0.009027
v 0.021968 -0.016353 -0.007661
v 0.023641 -0.015056 -0.000260
v 0.026389 -0.014027 -0.000436
v 0.021968 -0.016353 -0.007661
v 0.022025 -0.019240 -0.007112
v 0.023786 -0.017943 0.000275
v 0.023641 -0.015056 -0.000260
v 0.022025 -0.019240 -0.007112
v 0.024563 -0.020310 -0.008139
v 0.026622 -0.018697 0.000430
v 0.023786 -0.017943 0.000275
v 0.024563 -0.020310 -0.008139
v 0.026074 -0.018084 -0.009322
v 0.028230 -0.016277 -0.000009
v 0.026622 -0.018697 0.000430
v 0.026074 -0.018084 -0.009322
v 0.024471 -0.015639 -0.009027
v 0.026389 -0.014027 -0.000436
v 0.028230 -0.016277 -0.000009
v 0.026389 -0.014027 -0.000436
v 0.023641 -0.015056 -0.000260
v 0.021829 -0.013757 0.007042
v 0.024275 -0.012445 0.008006
v 0.023641 -0.015056 -0.000260
v 0.023786 -0.017943 0.000275
v 0.022008 -0.016614 0.007707
v 0.021829 -0.013757 0.007042
v 0.023786 -0.017943 0.000275
v 0.026622 -0.018697 0.000430
v 0.024566 -0.017068 0.009082
v 0.022008 -0.016614 0.007707
v 0.026622 -0.018697 0.000430
v 0.028230 -0.016277 -0.000009
v 0.025967 -0.014491 0.009266
v 0.024566 -0.017068 0.009082
v 0.028230 -0.016277 -0.000009
v 0.026389 -0.014027 -0.000436
v 0.024275 -0.012445 0.008006
v 0.025967 -0.014491 0.009266
v 0.024275 -0.012445 0.008006
v 0.021829 -0.013757 0.007042
v 0.016771 -0.012418 0.013278
v 0.018563 -0.010891 0.015037
v 0.021829 -0.013757 0.007042
v 0.022008 -0.016614 0.007707
v 0.016853 -0.015233 0.014120
v 0.016771 -0.012418 0.013278
v 0.022008 -0.016614 0.007707
v 0.024566 -0.017068 0.009082
v 0.018695 -0.015445 0.016400
v 0.016853 -0.015233 0.014120
v 0.024566 -0.017068 0.009082
v 0.025967 -0.014491 0.009266
v 0.019752 -0.012762 0.016967
v 0.018695 -0.015445 0.016400
v 0.025967 -0.014491 0.009266
v 0.024275 -0.012445 0.008006
v 0.018563 -0.010891 0.015037
v 0.019752 -0.012762 0.016967
v 0.018563 -0.010891 0.015037
v 0.016771 -0.012418 0.013278
v 0.009143 -0.011039 0.017487
v 0.010171 -0.009356 0.019666
v 0.016771 -0.012418 0.013278
v 0.016853 -0.015233 0.014120
v 0.009011 -0.013808 0.018463
v 0.009143 -0.011039 0.017487
v 0.016853 -0.015233 0.014120
v 0.018695 -0.015445 0.016400
v 0.009957 -0.013837 0.021245
v 0.009011 -0.013808 0.018463
v 0.018695 -0.015445 0.016400
v 0.019752 -0.012762 0.016967
v 0.010674 -0.011085 0.021989
v 0.009957 -0.013837 0.021245
v 0.019752 -0.012762 0.016967
v 0.018563 -0.010891 0.015037
v 0.010171 -0.009356 0.019666
v 0.010674 -0.011085 0.021989
v 0.010171 -0.009356 0.019666
v 0.009143 -0.011039 0.017487
v 0.000113 -0.009636 0.018950
v 0.000386 -0.007832 0.021254
v 0.009143 -0.011039 0.017487
v 0.009011 -0.013808 0.018463
v -0.000316 -0.012358 0.019973
v 0.000113 -0.009636 0.018950
v 0.009011 -0.013808 0.018463
v 0.009957 -0.013837 0.021245
v -0.000308 -0.012235 0.022910
v -0.000316 -0.012358 0.019973
v 0.009957 -0.013837 0.021245
v 0.010674 -0.011085 0.021989
v 0.000125 -0.009438 0.023701
v -0.000308 -0.012235 0.022910
v 0.010674 -0.011085 0.021989
v 0.010171 -0.009356 0.019666
v 0.000386 -0.007832 0.021254
v 0.000125 -0.009438 0.023701
v 0.000386 -0.007832 0.021254
v 0.000113 -0.009636 0.018950
v -0.008863 -0.008227 0.017423
v -0.009307 -0.006316 0.019611
v 0.000113 -0.009636 0.018950
v -0.000316 -0.012358 0.019973
v -0.009649 -0.010895 0.018373
v -0.008863 -0.008227 0.017423
v -0.000316 -0.012358 0.019973
v -0.000308 -0.012235 0.022910
v -0.010579 -0.010633 0.021148
v -0.009649 -0.010895 0.018373
v -0.000308 -0.012235 0.022910
v 0.000125 -0.009438 0.023701
v -0.010368 -0.007803 0.021914
v -0.010579 -0.010633 0.021148
v 0.000125 -0.009438 0.023701
v 0.000386 -0.007832 0.021254
v -0.009307 -0.006316 0.019611
v -0.010368 -0.007803 0.021914
v -0.009307 -0.006316 0.019611
v -0.008863 -0.008227 0.017423
v -0.016343 -0.006825 0.013209
v -0.017443 -0.004810 0.015043
v -0.008863 -0.008227 0.017423
v -0.009649 -0.010895 0.018373
v -0.017515 -0.009428 0.013910
v -0.016343 -0.006825 0.013209
v -0.009649 -0.010895 0.018373
v -0.010579 -0.010633 0.021148
v -0.019339 -0.009021 0.016178
v -0.017515 -0.009428 0.013910
v -0.010579 -0.010633 0.021148
v -0.010368 -0.007803 0.021914
v -0.019295 -0.006167 0.016878
v -0.019339 -0.009021 0.016178
v -0.010368 -0.007803 0.021914
v -0.009307 -0.006316 0.019611
v -0.017443 -0.004810 0.015043
v -0.019295 -0.006167 0.016878
v -0.017443 -0.004810 0.015043
v -0.016343 -0.006825 0.013209
v -0.021202 -0.005439 0.007082
v -0.022822 -0.003313 0.008305
v -0.016343 -0.006825 0.013209
v -0.017515 -0.009428 0.013910
v -0.022696 -0.007960 0.007302
v -0.021202 -0.005439 0.007082
v -0.017515 -0.009428 0.013910
v -0.019339 -0.009021 0.016178
v -0.025240 -0.007393 0.008660
v -0.022696 -0.007960 0.007302
v -0.019339 -0.009021 0.016178
v -0.019295 -0.006167 0.016878
v -0.025318 -0.004521 0.009280
v -0.025240 -0.007393 0.008660
v -0.019295 -0.006167 0.016878
v -0.017443 -0.004810 0.015043
v -0.022822 -0.003313 0.008305
v -0.025318 -0.004521 0.009280
v -0.022822 -0.003313 0.008305
v -0.021202 -0.005439 0.007082
v -0.022843 -0.004063 0.000040
v -0.024703 -0.001824 0.000450
v -0.021202 -0.005439 0.007082
v -0.022696 -0.007960 0.007302
v -0.024432 -0.006491 -0.000426
v -0.022843 -0.004063 0.000040
v -0.022696 -0.007960 0.007302
v -0.025240 -0.007393 0.008660
v -0.027274 -0.005753 -0.000303
v -0.024432 -0.006491 -0.000426
v -0.025240 -0.007393 0.008660
v -0.025318 -0.004521 0.009280
v -0.027442 -0.002869 0.000238
v -0.027274 -0.005753 -0.000303
v -0.025318 -0.004521 0.009280
v -0.022822 -0.003313 0.008305
v -0.024703 -0.001824 0.000450
v -0.027442 -0.002869 0.000238
v -0.024703 -0.001824 0.000450
v -0.022843 -0.004063 0.000040
v -0.021130 -0.002679 -0.006973
v -0.022862 -0.000337 -0.007364
v -0.022843 -0.004063 0.000040
v -0.024432 -0.006491 -0.000426
v -0.022486 -0.005015 -0.008131
v -0.021130 -0.002679 -0.006973
v -0.024432 -0.006491 -0.000426
v -0.027274 -0.005753 -0.000303
v -0.025056 -0.004117 -0.009238
v -0.022486 -0.005015 -0.008131
v -0.027274 -0.005753 -0.000303
v -0.027442 -0.002869 0.000238
v -0.025289 -0.001226 -0.008764
v -0.025056 -0.004117 -0.009238
v -0.027442 -0.002869 0.000238
v -0.024703 -0.001824 0.000450
v -0.022862 -0.000337 -0.007364
v -0.025289 -0.001226 -0.008764
v -0.022862 -0.000337 -0.007364
v -0.021130 -0.002679 -0.006973
v -0.016238 -0.001272 -0.013018
v -0.017583 0.001153 -0.013991
v -0.021130 -0.002679 -0.006973
v -0.022486 -0.005015 -0.008131
v -0.017117 -0.003528 -0.014683
v -0.016238 -0.001272 -0.013018
v -0.022486 -0.005015 -0.008131
v -0.025056 -0.004117 -0.009238
v -0.019005 -0.002498 -0.016686
v -0.017117 -0.003528 -0.014683
v -0.025056 -0.004117 -0.009238
v -0.025289 -0.001226 -0.008764
v -0.019293 0.000396 -0.016258
v -0.019005 -0.002498 -0.016686
v -0.025289 -0.001226 -0.008764
v -0.022862 -0.000337 -0.007364
v -0.017583 0.001153 -0.013991
v -0.019293 0.000396 -0.016258
v -0.017583 0.001153 -0.013991
v -0.016238 -0.001272 -0.013018
v -0.008801 0.000157 -0.017120
v -0.009671 0.002646 -0.018419
v -0.016238 -0.001272 -0.013018
v -0.017117 -0.003528 -0.014683
v -0.009091 -0.002030 -0.019061
v -0.008801 0.000157 -0.017120
v -0.017117 -0.003528 -0.014683
v -0.019005 -0.002498 -0.016686
v -0.010140 -0.000894 -0.021560
v -0.009091 -0.002030 -0.019061
v -0.019005 -0.002498 -0.016686
v -0.019293 0.000396 -0.016258
v -0.010498 0.001996 -0.021164
v -0.010140 -0.000894 -0.021560
v -0.019293 0.000396 -0.016258
v -0.017583 0.001153 -0.013991
v -0.009671 0.002646 -0.018419
v -0.010498 0.001996 -0.021164
v -0.009671 0.002646 -0.018419
v -0.008801 0.000157 -0.017120
v 0.000038 0.001601 -0.018546
v -0.000359 0.004139 -0.019974
v -0.008801 0.000157 -0.017120
v -0.009091 -0.002030 -0.019061
v 0.000382 -0.000523 -0.020547
v 0.000038 0.001601 -0.018546
v -0.009091 -0.002030 -0.019061
v -0.010140 -0.000894 -0.021560
v 0.000199 0.000701 -0.023212
v 0.000382 -0.000523 -0.020547
v -0.010140 -0.000894 -0.021560
v -0.010498 0.001996 -0.021164
v -0.000259 0.003583 -0.022858
v 0.000199 0.000701 -0.023212
v -0.010498 0.001996 -0.021164
v -0.009671 0.002646 -0.018419
v -0.000359 0.004139 -0.019974
v -0.000259 0.003583 -0.022858
v -0.000359 0.004139 -0.019974
v 0.000038 0.001601 -0.018546
v 0.008841 0.003050 -0.017037
v 0.008892 0.005629 -0.018446
v 0.000038 0.001601 -0.018546
v 0.000382 -0.000523 -0.020547
v 0.009843 0.000989 -0.018878
v 0.008841 0.003050 -0.017037
v 0.000382 -0.000523 -0.020547
v 0.000199 0.000701 -0.023212
v 0.010512 0.002295 -0.021425
v 0.009843 0.000989 -0.018878
v 0.000199 0.000701 -0.023212
v -0.000259 0.003583 -0.022858
v 0.009924 0.005162 -0.021157
v 0.010512 0.002295 -0.021425
v -0.000259 0.003583 -0.022858
v -0.000359 0.004139 -0.019974
v 0.008892 0.005629 -0.018446
v 0.009924 0.005162 -0.021157
v 0.008892 0.005629 -0.018446
v 0.008841 0.003050 -0.017037
v 0.016183 0.004496 -0.012882
v 0.016650 0.007112 -0.014136
v 0.008841 0.003050 -0.017037
v 0.009843 0.000989 -0.018878
v 0.017823 0.002507 -0.014293
v 0.016183 0.004496 -0.012882
v 0.009843 0.000989 -0.018878
v 0.010512 0.002295 -0.021425
v 0.019305 0.003894 -0.016418
v 0.017823 0.002507 -0.014293
v 0.010512 0.002295 -0.021425
v 0.009924 0.005162 -0.021157
v 0.018579 0.006741 -0.016322
v 0.019305 0.003894 -0.016418
v 0.009924 0.005162 -0.021157
v 0.008892 0.005629 -0.018446
v 0.016650 0.007112 -0.014136
v 0.018579 0.006741 -0.016322
v 0.016650 0.007112 -0.014136
v 0.016183 0.004496 -0.012882
v 0.020943 0.005935 -0.006839
v 0.021773 0.008589 -0.007791
v 0.016183 0.004496 -0.012882
v 0.017823 0.002507 -0.014293
v 0.023082 0.004027 -0.007491
v 0.020943 0.005935 -0.006839
v 0.017823 0.002507 -0.014293
v 0.019305 0.003894 -0.016418
v 0.025233 0.005502 -0.008846
v 0.023082 0.004027 -0.007491
v 0.019305 0.003894 -0.016418
v 0.018579 0.006741 -0.016322
v 0.024424 0.008321 -0.009031
v 0.025233 0.005502 -0.008846
v 0.018579 0.006741 -0.016322
v 0.016650 0.007112 -0.014136
v 0.021773 0.008589 -0.007791
v 0.024424 0.008321 -0.009031
v 0.021773 0.008589 -0.007791
v 0.020943 0.005935 -0.006839
v 0.022611 0.007388 0.000657
v 0.023551 0.010075 -0.000073
v 0.020943 0.005935 -0.006839
v 0.023082 0.004027 -0.007491
v 0.024895 0.005547 0.000479
v 0.022611 0.007388 0.000657
v 0.023082 0.004027 -0.007491
v 0.025233 0.005502 -0.008846
v 0.027247 0.007096 -0.000361
v 0.024895 0.005547 0.000479
v 0.025233 0.005502 -0.008846
v 0.024424 0.008321 -0.009031
v 0.026416 0.009894 -0.000702
v 0.027247 0.007096 -0.000361
v 0.024424 0.008321 -0.009031
v 0.021773 0.008589 -0.007791
v 0.023551 0.010075 -0.000073
v 0.026416 0.009894 -0.000702
v 0.000000 -0.258000 0.018050
v 0.010450 -0.258000 0.015632
v 0.013750 -0.251000 0.020568
v 0.000000 -0.251000 0.023750
v 0.010450 -0.258000 0.015632
v 0.018100 -0.258000 0.009025
v 0.023816 -0.251000 0.011875
v 0.013750 -0.251000 0.020568
v 0.018100 -0.258000 0.009025
v 0.020900 -0.258000 0.000000
v 0.027500 -0.251000 0.000000
v 0.023816 -0.251000 0.011875
v 0.020900 -0.258000 0.000000
v 0.018100 -0.258000 -0.009025
v 0.023816 -0.251000 -0.011875
v 0.027500 -0.251000 0.000000
v 0.018100 -0.258000 -0.009025
v 0.010450 -0.258000 -0.015632
v 0.013750 -0.251000 -0.020568
v 0.023816 -0.251000 -0.011875
v 0.010450 -0.258000 -0.015632
v 0.000000 -0.258000 -0.018050
v 0.000000 -0.251000 -0.023750
v 0.013750 -0.251000 -0.020568
v 0.000000 -0.258000 -0.018050
v -0.010450 -0.258000 -0.015632
v -0.013750 -0.251000 -0.020568
v 0.000000 -0.251000 -0.023750
v -0.010450 -0.258000 -0.015632
v -0.018100 -0.258000 -0.009025
v -0.023816 -0.251000 -0.011875
v -0.013750 -0.251000 -0.020568
v -0.018100 -0.258000 -0.009025
v -0.020900 -0.258000 -0.000000
v -0.027500 -0.251000 -0.000000
v -0.023816 -0.251000 -0.011875
v -0.020900 -0.258000 -0.000000
v -0.018100 -0.258000 0.009025
v -0.023816 -0.251000 0.011875
v -0.027500 -0.251000 -0.000000
v -0.018100 -0.258000 0.009025
v -0.010450 -0.258000 0.015632
v -0.013750 -0.251000 0.020568
v -0.023816 -0.251000 0.011875
v -0.010450 -0.258000 0.015632
v 0.000000 -0.258000 0.018050
v 0.000000 -0.251000 0.023750
v -0.013750 -0.251000 0.020568
v 0.000000 -0.251000 0.023750
v 0.013750 -0.251000 0.020568
v 0.012650 -0.242000 0.018923
v 0.000000 -0.242000 0.021850
v 0.013750 -0.251000 0.020568
v 0.023816 -0.251000 0.011875
v 0.021910 -0.242000 0.010925
v 0.012650 -0.242000 0.018923
v 0.023816 -0.251000 0.011875
v 0.027500 -0.251000 0.000000
v 0.025300 -0.242000 0.000000
v 0.021910 -0.242000 0.010925
v 0.027500 -0.251000 0.000000
v 0.023816 -0.251000 -0.011875
v 0.021910 -0.242000 -0.010925
v 0.025300 -0.242000 0.000000
v 0.023816 -0.251000 -0.011875
v 0.013750 -0.251000 -0.020568
v 0.012650 -0.242000 -0.018923
v 0.021910 -0.242000 -0.010925
v 0.013750 -0.251000 -0.020568
v 0.000000 -0.251000 -0.023750
v 0.000000 -0.242000 -0.021850
v 0.012650 -0.242000 -0.018923
v 0.000000 -0.251000 -0.023750
v -0.013750 -0.251000 -0.020568
v -0.012650 -0.242000 -0.018923
v 0.000000 -0.242000 -0.021850
v -0.013750 -0.251000 -0.020568
v -0.023816 -0.251000 -0.011875
v -0.021910 -0.242000 -0.010925
v -0.012650 -0.242000 -0.018923
v -0.023816 -0.251000 -0.011875
v -0.027500 -0.251000 -0.000000
v -0.025300 -0.242000 -0.000000
v -0.021910 -0.242000 -0.010925
v -0.027500 -0.251000 -0.000000
v -0.023816 -0.251000 0.011875
v -0.021910 -0.242000 0.010925
v -0.025300 -0.242000 -0.000000
v -0.023816 -0.251000 0.011875
v -0.013750 -0.251000 0.020568
v -0.012650 -0.242000 0.018923
v -0.021910 -0.242000 0.010925
v -0.013750 -0.251000 0.020568
v 0.000000 -0.251000 0.023750
v 0.000000 -0.242000 0.021850
v -0.012650 -0.242000 0.018923
v 0.000000 -0.300000 0.006000
v 0.003527 -0.300000 0.004854
v 0.009405 -0.294000 0.012944
v 0.000000 -0.294000 0.016000
v 0.003527 -0.300000 0.004854
v 0.005706 -0.300000 0.001854
v 0.015217 -0.294000 0.004944
v 0.009405 -0.294000 0.012944
v 0.005706 -0.300000 0.001854
v 0.005706 -0.300000 -0.001854
v 0.015217 -0.294000 -0.004944
v 0.015217 -0.294000 0.004944
v 0.005706 -0.300000 -0.001854
v 0.003527 -0.300000 -0.004854
v 0.009405 -0.294000 -0.012944
v 0.015217 -0.294000 -0.004944
v 0.003527 -0.300000 -0.004854
v 0.000000 -0.300000 -0.006000
v 0.000000 -0.294000 -0.016000
v 0.009405 -0.294000 -0.012944
v 0.000000 -0.300000 -0.006000
v -0.003527 -0.300000 -0.004854
v -0.009405 -0.294000 -0.012944
v 0.000000 -0.294000 -0.016000
v -0.003527 -0.300000 -0.004854
v -0.005706 -0.300000 -0.001854
v -0.015217 -0.294000 -0.004944
v -0.009405 -0.294000 -0.012944
v -0.005706 -0.300000 -0.001854
v -0.005706 -0.300000 0.001854
v -0.015217 -0.294000 0.004944
v -0.015217 -0.294000 -0.004944
v -0.005706 -0.300000 0.001854
v -0.003527 -0.300000 0.004854
v -0.009405 -0.294000 0.012944
v -0.015217 -0.294000 0.004944
v -0.003527 -0.300000 0.004854
v 0.000000 -0.300000 0.006000
v 0.000000 -0.294000 0.016000
v -0.009405 -0.294000 0.012944
v 0.000000 -0.294000 0.016000
v 0.009405 -0.294000 0.012944
v 0.014107 -0.282000 0.019416
v 0.000000 -0.282000 0.024000
v 0.009405 -0.294000 0.012944
v 0.015217 -0.294000 0.004944
v 0.022825 -0.282000 0.007416
v 0.014107 -0.282000 0.019416
v 0.015217 -0.294000 0.004944
v 0.015217 -0.294000 -0.004944
v 0.022825 -0.282000 -0.007416
v 0.022825 -0.282000 0.007416
v 0.015217 -0.294000 -0.004944
v 0.009405 -0.294000 -0.012944
v 0.014107 -0.282000 -0.019416
v 0.022825 -0.282000 -0.007416
v 0.009405 -0.294000 -0.012944
v 0.000000 -0.294000 -0.016000
v 0.000000 -0.282000 -0.024000
v 0.014107 -0.282000 -0.019416
v 0.000000 -0.294000 -0.016000
v -0.009405 -0.294000 -0.012944
v -0.014107 -0.282000 -0.019416
v 0.000000 -0.282000 -0.024000
v -0.009405 -0.294000 -0.012944
v -0.015217 -0.294000 -0.004944
v -0.022825 -0.282000 -0.007416
v -0.014107 -0.282000 -0.019416
v -0.015217 -0.294000 -0.004944
v -0.015217 -0.294000 0.004944
v -0.022825 -0.282000 0.007416
v -0.022825 -0.282000 -0.007416
v -0.015217 -0.294000 0.004944
v -0.009405 -0.294000 0.012944
v -0.014107 -0.282000 0.019416
v -0.022825 -0.282000 0.007416
v -0.009405 -0.294000 0.012944
v 0.000000 -0.294000 0.016000
v 0.000000 -0.282000 0.024000
v -0.014107 -0.282000 0.019416
v 0.000000 -0.282000 0.024000
v 0.014107 -0.282000 0.019416
v 0.012931 -0.268000 0.017798
v 0.000000 -0.268000 0.022000
v 0.014107 -0.282000 0.019416
v 0.022825 -0.282000 0.007416
v 0.020923 -0.268000 0.006798
v 0.012931 -0.268000 0.017798
v 0.022825 -0.282000 0.007416
v 0.022825 -0.282000 -0.007416
v 0.020923 -0.268000 -0.006798
v 0.020923 -0.268000 0.006798
v 0.022825 -0.282000 -0.007416
v 0.014107 -0.282000 -0.019416
v 0.012931 -0.268000 -0.017798
v 0.020923 -0.268000 -0.006798
v 0.014107 -0.282000 -0.019416
v 0.000000 -0.282000 -0.024000
v 0.000000 -0.268000 -0.022000
v 0.012931 -0.268000 -0.017798
v 0.000000 -0.282000 -0.024000
v -0.014107 -0.282000 -0.019416
v -0.012931 -0.268000 -0.017798
v 0.000000 -0.268000 -0.022000
v -0.014107 -0.282000 -0.019416
v -0.022825 -0.282000 -0.007416
v -0.020923 -0.268000 -0.006798
v -0.012931 -0.268000 -0.017798
v -0.022825 -0.282000 -0.007416
v -0.022825 -0.282000 0.007416
v -0.020923 -0.268000 0.006798
v -0.020923 -0.268000 -0.006798
v -0.022825 -0.282000 0.007416
v -0.014107 -0.282000 0.019416
v -0.012931 -0.268000 0.017798
v -0.020923 -0.268000 0.006798
v -0.014107 -0.282000 0.019416
v 0.000000 -0.282000 0.024000
v 0.000000 -0.268000 0.022000
v -0.012931 -0.268000 0.017798
v 0.000000 -0.268000 0.022000
v 0.012931 -0.268000 0.017798
v 0.008229 -0.258000 0.011326
v 0.000000 -0.258000 0.014000
v 0.012931 -0.268000 0.017798
v 0.020923 -0.268000 0.006798
v 0.013315 -0.258000 0.004326
v 0.008229 -0.258000 0.011326
v 0.020923 -0.268000 0.006798
v 0.020923 -0.268000 -0.006798
v 0.013315 -0.258000 -0.004326
v 0.013315 -0.258000 0.004326
v 0.020923 -0.268000 -0.006798
v 0.012931 -0.268000 -0.017798
v 0.008229 -0.258000 -0.011326
v 0.013315 -0.258000 -0.004326
v 0.012931 -0.268000 -0.017798
v 0.000000 -0.268000 -0.022000
v 0.000000 -0.258000 -0.014000
v 0.008229 -0.258000 -0.011326
v 0.000000 -0.268000 -0.022000
v -0.012931 -0.268000 -0.017798
v -0.008229 -0.258000 -0.011326
v 0.000000 -0.258000 -0.014000
v -0.012931 -0.268000 -0.017798
v -0.020923 -0.268000 -0.006798
v -0.013315 -0.258000 -0.004326
v -0.008229 -0.258000 -0.011326
v -0.020923 -0.268000 -0.006798
v -0.020923 -0.268000 0.006798
v -0.013315 -0.258000 0.004326
v -0.013315 -0.258000 -0.004326
v -0.020923 -0.268000 0.006798
v -0.012931 -0.268000 0.017798
v -0.008229 -0.258000 0.011326
v -0.013315 -0.258000 0.004326
v -0.012931 -0.268000 0.017798
v 0.000000 -0.268000 0.022000
v 0.000000 -0.258000 0.014000
v -0.008229 -0.258000 0.011326
v 0.000000 -0.295325 0.000100
v -0.000059 -0.295325 0.000081
v -0.002498 -0.295951 0.003438
v 0.000000 -0.295951 0.004250
v -0.000059 -0.295325 0.000081
v -0.000095 -0.295325 0.000031
v -0.004042 -0.295951 0.001313
v -0.002498 -0.295951 0.003438
v -0.000095 -0.295325 0.000031
v -0.000095 -0.295325 -0.000031
v -0.004042 -0.295951 -0.001313
v -0.004042 -0.295951 0.001313
v -0.000095 -0.295325 -0.000031
v -0.000059 -0.295325 -0.000081
v -0.002498 -0.295951 -0.003438
v -0.004042 -0.295951 -0.001313
v -0.000059 -0.295325 -0.000081
v -0.000000 -0.295325 -0.000100
v -0.000000 -0.295951 -0.004250
v -0.002498 -0.295951 -0.003438
v -0.000000 -0.295325 -0.000100
v 0.000059 -0.295325 -0.000081
v 0.002498 -0.295951 -0.003438
v -0.000000 -0.295951 -0.004250
v 0.000059 -0.295325 -0.000081
v 0.000095 -0.295325 -0.000031
v 0.004042 -0.295951 -0.001313
v 0.002498 -0.295951 -0.003438
v 0.000095 -0.295325 -0.000031
v 0.000095 -0.295325 0.000031
v 0.004042 -0.295951 0.001313
v 0.004042 -0.295951 -0.001313
v 0.000095 -0.295325 0.000031
v 0.000059 -0.295325 0.000081
v 0.002498 -0.295951 0.003438
v 0.004042 -0.295951 0.001313
v 0.000059 -0.295325 0.000081
v 0.000000 -0.295325 0.000100
v 0.000000 -0.295951 0.004250
v 0.002498 -0.295951 0.003438
v 0.000000 -0.295951 0.004250
v -0.002498 -0.295951 0.003438
v -0.004327 -0.297662 0.005955
v 0.000000 -0.297662 0.007361
v -0.002498 -0.295951 0.003438
v -0.004042 -0.295951 0.001313
v -0.007001 -0.297662 0.002275
v -0.004327 -0.297662 0.005955
v -0.004042 -0.295951 0.001313
v -0.004042 -0.295951 -0.001313
v -0.007001 -0.297662 -0.002275
v -0.007001 -0.297662 0.002275
v -0.004042 -0.295951 -0.001313
v -0.002498 -0.295951 -0.003438
v -0.004327 -0.297662 -0.005955
v -0.007001 -0.297662 -0.002275
v -0.002498 -0.295951 -0.003438
v -0.000000 -0.295951 -0.004250
v -0.000000 -0.297662 -0.007361
v -0.004327 -0.297662 -0.005955
v -0.000000 -0.295951 -0.004250
v 0.002498 -0.295951 -0.003438
v 0.004327 -0.297662 -0.005955
v -0.000000 -0.297662 -0.007361
v 0.002498 -0.295951 -0.003438
v 0.004042 -0.295951 -0.001313
v 0.007001 -0.297662 -0.002275
v 0.004327 -0.297662 -0.005955
v 0.004042 -0.295951 -0.001313
v 0.004042 -0.295951 0.001313
v 0.007001 -0.297662 0.002275
v 0.007001 -0.297662 -0.002275
v 0.004042 -0.295951 0.001313
v 0.002498 -0.295951 0.003438
v 0.004327 -0.297662 0.005955
v 0.007001 -0.297662 0.002275
v 0.002498 -0.295951 0.003438
v 0.000000 -0.295951 0.004250
v 0.000000 -0.297662 0.007361
v 0.004327 -0.297662 0.005955
v 0.000000 -0.297662 0.007361
v -0.004327 -0.297662 0.005955
v -0.004996 -0.300000 0.006877
v 0.000000 -0.300000 0.008500
v -0.004327 -0.297662 0.005955
v -0.007001 -0.297662 0.002275
v -0.008084 -0.300000 0.002627
v -0.004996 -0.300000 0.006877
v -0.007001 -0.297662 0.002275
v -0.007001 -0.297662 -0.002275
v -0.008084 -0.300000 -0.002627
v -0.008084 -0.300000 0.002627
v -0.007001 -0.297662 -0.002275
v -0.004327 -0.297662 -0.005955
v -0.004996 -0.300000 -0.006877
v -0.008084 -0.300000 -0.002627
v -0.004327 -0.297662 -0.005955
v -0.000000 -0.297662 -0.007361
v -0.000000 -0.300000 -0.008500
v -0.004996 -0.300000 -0.006877
v -0.000000 -0.297662 -0.007361
v 0.004327 -0.297662 -0.005955
v 0.004996 -0.300000 -0.006877
v -0.000000 -0.300000 -0.008500
v 0.004327 -0.297662 -0.005955
v 0.007001 -0.297662 -0.002275
v 0.008084 -0.300000 -0.002627
v 0.004996 -0.300000 -0.006877
v 0.007001 -0.297662 -0.002275
v 0.007001 -0.297662 0.002275
v 0.008084 -0.300000 0.002627
v 0.008084 -0.300000 -0.002627
v 0.007001 -0.297662 0.002275
v 0.004327 -0.297662 0.005955
v 0.004996 -0.300000 0.006877
v 0.008084 -0.300000 0.002627
v 0.004327 -0.297662 0.005955
v 0.000000 -0.297662 0.007361
v 0.000000 -0.300000 0.008500
v 0.004996 -0.300000 0.006877
v 0.000000 -0.300000 0.008500
v -0.004996 -0.300000 0.006877
v -0.004327 -0.302337 0.005955
v 0.000000 -0.302337 0.007361
v -0.004996 -0.300000 0.006877
v -0.008084 -0.300000 0.002627
v -0.007001 -0.302337 0.002275
v -0.004327 -0.302337 0.005955
v -0.008084 -0.300000 0.002627
v -0.008084 -0.300000 -0.002627
v -0.007001 -0.302337 -0.002275
v -0.007001 -0.302337 0.002275
v -0.008084 -0.300000 -0.002627
v -0.004996 -0.300000 -0.006877
v -0.004327 -0.302337 -0.005955
v -0.007001 -0.302337 -0.002275
v -0.004996 -0.300000 -0.006877
v -0.000000 -0.300000 -0.008500
v -0.000000 -0.302337 -0.007361
v -0.004327 -0.302337 -0.005955
v -0.000000 -0.300000 -0.008500
v 0.004996 -0.300000 -0.006877
v 0.004327 -0.302337 -0.005955
v -0.000000 -0.302337 -0.007361
v 0.004996 -0.300000 -0.006877
v 0.008084 -0.300000 -0.002627
v 0.007001 -0.302337 -0.002275
v 0.004327 -0.302337 -0.005955
v 0.008084 -0.300000 -0.002627
v 0.008084 -0.300000 0.002627
v 0.007001 -0.302337 0.002275
v 0.007001 -0.302337 -0.002275
v 0.008084 -0.300000 0.002627
v 0.004996 -0.300000 0.006877
v 0.004327 -0.302337 0.005955
v 0.007001 -0.302337 0.002275
v 0.004996 -0.300000 0.006877
v 0.000000 -0.300000 0.008500
v 0.000000 -0.302337 0.007361
v 0.004327 -0.302337 0.005955
v 0.000000 -0.302337 0.007361
v -0.004327 -0.302337 0.005955
v -0.002498 -0.304049 0.003438
v 0.000000 -0.304049 0.004250
v -0.004327 -0.302337 0.005955
v -0.007001 -0.302337 0.002275
v -0.004042 -0.304049 0.001313
v -0.002498 -0.304049 0.003438
v -0.007001 -0.302337 0.002275
v -0.007001 -0.302337 -0.002275
v -0.004042 -0.304049 -0.001313
v -0.004042 -0.304049 0.001313
v -0.007001 -0.302337 -0.002275
v -0.004327 -0.302337 -0.005955
v -0.002498 -0.304049 -0.003438
v -0.004042 -0.304049 -0.001313
v -0.004327 -0.302337 -0.005955
v -0.000000 -0.302337 -0.007361
v -0.000000 -0.304049 -0.004250
v -0.002498 -0.304049 -0.003438
v -0.000000 -0.302337 -0.007361
v 0.004327 -0.302337 -0.005955
v 0.002498 -0.304049 -0.003438
v -0.000000 -0.304049 -0.004250
v 0.004327 -0.302337 -0.005955
v 0.007001 -0.302337 -0.002275
v 0.004042 -0.304049 -0.001313
v 0.002498 -0.304049 -0.003438
v 0.007001 -0.302337 -0.002275
v 0.007001 -0.302337 0.002275
v 0.004042 -0.304049 0.001313
v 0.004042 -0.304049 -0.001313
v 0.007001 -0.302337 0.002275
v 0.004327 -0.302337 0.005955
v 0.002498 -0.304049 0.003438
v 0.004042 -0.304049 0.001313
v 0.004327 -0.302337 0.005955
v 0.000000 -0.302337 0.007361
v 0.000000 -0.304049 0.004250
v 0.002498 -0.304049 0.003438
v 0.000000 -0.304049 0.004250
v -0.002498 -0.304049 0.003438
v -0.000059 -0.304675 0.000081
v 0.000000 -0.304675 0.000100
v -0.002498 -0.304049 0.003438
v -0.004042 -0.304049 0.001313
v -0.000095 -0.304675 0.000031
v -0.000059 -0.304675 0.000081
v -0.004042 -0.304049 0.001313
v -0.004042 -0.304049 -0.001313
v -0.000095 -0.304675 -0.000031
v -0.000095 -0.304675 0.000031
v -0.004042 -0.304049 -0.001313
v -0.002498 -0.304049 -0.003438
v -0.000059 -0.304675 -0.000081
v -0.000095 -0.304675 -0.000031
v -0.002498 -0.304049 -0.003438
v -0.000000 -0.304049 -0.004250
v -0.000000 -0.304675 -0.000100
v -0.000059 -0.304675 -0.000081
v -0.000000 -0.304049 -0.004250
v 0.002498 -0.304049 -0.003438
v 0.000059 -0.304675 -0.000081
v -0.000000 -0.304675 -0.000100
v 0.002498 -0.304049 -0.003438
v 0.004042 -0.304049 -0.001313
v 0.000095 -0.304675 -0.000031
v 0.000059 -0.304675 -0.000081
v 0.004042 -0.304049 -0.001313
v 0.004042 -0.304049 0.001313
v 0.000095 -0.304675 0.000031
v 0.000095 -0.304675 -0.000031
v 0.004042 -0.304049 0.001313
v 0.002498 -0.304049 0.003438
v 0.000059 -0.304675 0.000081
v 0.000095 -0.304675 0.000031
v 0.002498 -0.304049 0.003438
v 0.000000 -0.304049 0.004250
v 0.000000 -0.304675 0.000100
v 0.000059 -0.304675 0.000081
vt 0.129000 0.000000
vt 0.246000 0.000000
vt 0.246000 0.050000
vt 0.129000 0.050000
vt 0.254000 0.000000
vt 0.371000 0.000000
vt 0.371000 0.050000
vt 0.254000 0.050000
vt 0.004000 0.000000
vt 0.121000 0.000000
vt 0.121000 0.050000
vt 0.004000 0.050000
vt 0.129000 0.000000
vt 0.246000 0.000000
vt 0.246000 0.050000
vt 0.129000 0.050000
vt 0.254000 0.000000
vt 0.371000 0.000000
vt 0.371000 0.050000
vt 0.254000 0.050000
vt 0.004000 0.000000
vt 0.121000 0.000000
vt 0.121000 0.050000
vt 0.004000 0.050000
vt 0.129000 0.050000
vt 0.246000 0.050000
vt 0.246000 0.100000
vt 0.129000 0.100000
vt 0.254000 0.050000
vt 0.371000 0.050000
vt 0.371000 0.100000
vt 0.254000 0.100000
vt 0.004000 0.050000
vt 0.121000 0.050000
vt 0.121000 0.100000
vt 0.004000 0.100000
vt 0.129000 0.050000
vt 0.246000 0.050000
vt 0.246000 0.100000
vt 0.129000 0.100000
vt 0.254000 0.050000
vt 0.371000 0.050000
vt 0.371000 0.100000
vt 0.254000 0.100000
vt 0.004000 0.050000
vt 0.121000 0.050000
vt 0.121000 0.100000
vt 0.004000 0.100000
vt 0.129000 0.100000
vt 0.246000 0.100000
vt 0.246000 0.150000
vt 0.129000 0.150000
vt 0.254000 0.100000
vt 0.371000 0.100000
vt 0.371000 0.150000
vt 0.254000 0.150000
vt 0.004000 0.100000
vt 0.121000 0.100000
vt 0.121000 0.150000
vt 0.004000 0.150000
vt 0.129000 0.100000
vt 0.246000 0.100000
vt 0.246000 0.150000
vt 0.129000 0.150000
vt 0.254000 0.100000
vt 0.371000 0.100000
vt 0.371000 0.150000
vt 0.254000 0.150000
vt 0.004000 0.100000
vt 0.121000 0.100000
vt 0.121000 0.150000
vt 0.004000 0.150000
vt 0.129000 0.150000
vt 0.246000 0.150000
vt 0.246000 0.200000
vt 0.129000 0.200000
vt 0.254000 0.150000
vt 0.371000 0.150000
vt 0.371000 0.200000
vt 0.254000 0.200000
vt 0.004000 0.150000
vt 0.121000 0.150000
vt 0.121000 0.200000
vt 0.004000 0.200000
vt 0.129000 0.150000
vt 0.246000 0.150000
vt 0.246000 0.200000
vt 0.129000 0.200000
vt 0.254000 0.150000
vt 0.371000 0.150000
vt 0.371000 0.200000
vt 0.254000 0.200000
vt 0.004000 0.150000
vt 0.121000 0.150000
vt 0.121000 0.200000
vt 0.004000 0.200000
vt 0.129000 0.200000
vt 0.246000 0.200000
vt 0.246000 0.250000
vt 0.129000 0.250000
vt 0.254000 0.200000
vt 0.371000 0.200000
vt 0.371000 0.250000
vt 0.254000 0.250000
vt 0.004000 0.200000
vt 0.121000 0.200000
vt 0.121000 0.250000
vt 0.004000 0.250000
vt 0.129000 0.200000
vt 0.246000 0.200000
vt 0.246000 0.250000
vt 0.129000 0.250000
vt 0.254000 0.200000
vt 0.371000 0.200000
vt 0.371000 0.250000
vt 0.254000 0.250000
vt 0.004000 0.200000
vt 0.121000 0.200000
vt 0.121000 0.250000
vt 0.004000 0.250000
vt 0.129000 0.250000
vt 0.246000 0.250000
vt 0.246000 0.300000
vt 0.129000 0.300000
vt 0.254000 0.250000
vt 0.371000 0.250000
vt 0.371000 0.300000
vt 0.254000 0.300000
vt 0.004000 0.250000
vt 0.121000 0.250000
vt 0.121000 0.300000
vt 0.004000 0.300000
vt 0.129000 0.250000
vt 0.246000 0.250000
vt 0.246000 0.300000
vt 0.129000 0.300000
vt 0.254000 0.250000
vt 0.371000 0.250000
vt 0.371000 0.300000
vt 0.254000 0.300000
vt 0.004000 0.250000
vt 0.121000 0.250000
vt 0.121000 0.300000
vt 0.004000 0.300000
vt 0.129000 0.300000
vt 0.246000 0.300000
vt 0.246000 0.350000
vt 0.129000 0.350000
vt 0.254000 0.300000
vt 0.371000 0.300000
vt 0.371000 0.350000
vt 0.254000 0.350000
vt 0.004000 0.300000
vt 0.121000 0.300000
vt 0.121000 0.350000
vt 0.004000 0.350000
vt 0.129000 0.300000
vt 0.246000 0.300000
vt 0.246000 0.350000
vt 0.129000 0.350000
vt 0.254000 0.300000
vt 0.371000 0.300000
vt 0.371000 0.350000
vt 0.254000 0.350000
vt 0.004000 0.300000
vt 0.121000 0.300000
vt 0.121000 0.350000
vt 0.004000 0.350000
vt 0.129000 0.350000
vt 0.246000 0.350000
vt 0.246000 0.400000
vt 0.129000 0.400000
vt 0.254000 0.350000
vt 0.371000 0.350000
vt 0.371000 0.400000
vt 0.254000 0.400000
vt 0.004000 0.350000
vt 0.121000 0.350000
vt 0.121000 0.400000
vt 0.004000 0.400000
vt 0.129000 0.350000
vt 0.246000 0.350000
vt 0.246000 0.400000
vt 0.129000 0.400000
vt 0.254000 0.350000
vt 0.371000 0.350000
vt 0.371000 0.400000
vt 0.254000 0.400000
vt 0.004000 0.350000
vt 0.121000 0.350000
vt 0.121000 0.400000
vt 0.004000 0.400000
vt 0.129000 0.400000
vt 0.246000 0.400000
vt 0.246000 0.450000
vt 0.129000 0.450000
vt 0.254000 0.400000
vt 0.371000 0.400000
vt 0.371000 0.450000
vt 0.254000 0.450000
vt 0.004000 0.400000
vt 0.121000 0.400000
vt 0.121000 0.450000
vt 0.004000 0.450000
vt 0.129000 0.400000
vt 0.246000 0.400000
vt 0.246000 0.450000
vt 0.129000 0.450000
vt 0.254000 0.400000
vt 0.371000 0.400000
vt 0.371000 0.450000
vt 0.254000 0.450000
vt 0.004000 0.400000
vt 0.121000 0.400000
vt 0.121000 0.450000
vt 0.004000 0.450000
vt 0.129000 0.450000
vt 0.246000 0.450000
vt 0.246000 0.500000
vt 0.129000 0.500000
vt 0.254000 0.450000
vt 0.371000 0.450000
vt 0.371000 0.500000
vt 0.254000 0.500000
vt 0.004000 0.450000
vt 0.121000 0.450000
vt 0.121000 0.500000
vt 0.004000 0.500000
vt 0.129000 0.450000
vt 0.246000 0.450000
vt 0.246000 0.500000
vt 0.129000 0.500000
vt 0.254000 0.450000
vt 0.371000 0.450000
vt 0.371000 0.500000
vt 0.254000 0.500000
vt 0.004000 0.450000
vt 0.121000 0.450000
vt 0.121000 0.500000
vt 0.004000 0.500000
vt 0.129000 0.500000
vt 0.246000 0.500000
vt 0.246000 0.550000
vt 0.129000 0.550000
vt 0.254000 0.500000
vt 0.371000 0.500000
vt 0.371000 0.550000
vt 0.254000 0.550000
vt 0.004000 0.500000
vt 0.121000 0.500000
vt 0.121000 0.550000
vt 0.004000 0.550000
vt 0.129000 0.500000
vt 0.246000 0.500000
vt 0.246000 0.550000
vt 0.129000 0.550000
vt 0.254000 0.500000
vt 0.371000 0.500000
vt 0.371000 0.550000
vt 0.254000 0.550000
vt 0.004000 0.500000
vt 0.121000 0.500000
vt 0.121000 0.550000
vt 0.004000 0.550000
vt 0.129000 0.550000
vt 0.246000 0.550000
vt 0.246000 0.600000
vt 0.129000 0.600000
vt 0.254000 0.550000
vt 0.371000 0.550000
vt 0.371000 0.600000
vt 0.254000 0.600000
vt 0.004000 0.550000
vt 0.121000 0.550000
vt 0.121000 0.600000
vt 0.004000 0.600000
vt 0.129000 0.550000
vt 0.246000 0.550000
vt 0.246000 0.600000
vt 0.129000 0.600000
vt 0.254000 0.550000
vt 0.371000 0.550000
vt 0.371000 0.600000
vt 0.254000 0.600000
vt 0.004000 0.550000
vt 0.121000 0.550000
vt 0.121000 0.600000
vt 0.004000 0.600000
vt 0.129000 0.600000
vt 0.246000 0.600000
vt 0.246000 0.650000
vt 0.129000 0.650000
vt 0.254000 0.600000
vt 0.371000 0.600000
vt 0.371000 0.650000
vt 0.254000 0.650000
vt 0.004000 0.600000
vt 0.121000 0.600000
vt 0.121000 0.650000
vt 0.004000 0.650000
vt 0.129000 0.600000
vt 0.246000 0.600000
vt 0.246000 0.650000
vt 0.129000 0.650000
vt 0.254000 0.600000
vt 0.371000 0.600000
vt 0.371000 0.650000
vt 0.254000 0.650000
vt 0.004000 0.600000
vt 0.121000 0.600000
vt 0.121000 0.650000
vt 0.004000 0.650000
vt 0.129000 0.650000
vt 0.246000 0.650000
vt 0.246000 0.700000
vt 0.129000 0.700000
vt 0.254000 0.650000
vt 0.371000 0.650000
vt 0.371000 0.700000
vt 0.254000 0.700000
vt 0.004000 0.650000
vt 0.121000 0.650000
vt 0.121000 0.700000
vt 0.004000 0.700000
vt 0.129000 0.650000
vt 0.246000 0.650000
vt 0.246000 0.700000
vt 0.129000 0.700000
vt 0.254000 0.650000
vt 0.371000 0.650000
vt 0.371000 0.700000
vt 0.254000 0.700000
vt 0.004000 0.650000
vt 0.121000 0.650000
vt 0.121000 0.700000
vt 0.004000 0.700000
vt 0.129000 0.700000
vt 0.246000 0.700000
vt 0.246000 0.750000
vt 0.129000 0.750000
vt 0.254000 0.700000
vt 0.371000 0.700000
vt 0.371000 0.750000
vt 0.254000 0.750000
vt 0.004000 0.700000
vt 0.121000 0.700000
vt 0.121000 0.750000
vt 0.004000 0.750000
vt 0.129000 0.700000
vt 0.246000 0.700000
vt 0.246000 0.750000
vt 0.129000 0.750000
vt 0.254000 0.700000
vt 0.371000 0.700000
vt 0.371000 0.750000
vt 0.254000 0.750000
vt 0.004000 0.700000
vt 0.121000 0.700000
vt 0.121000 0.750000
vt 0.004000 0.750000
vt 0.129000 0.750000
vt 0.246000 0.750000
vt 0.246000 0.800000
vt 0.129000 0.800000
vt 0.254000 0.750000
vt 0.371000 0.750000
vt 0.371000 0.800000
vt 0.254000 0.800000
vt 0.004000 0.750000
vt 0.121000 0.750000
vt 0.121000 0.800000
vt 0.004000 0.800000
vt 0.129000 0.750000
vt 0.246000 0.750000
vt 0.246000 0.800000
vt 0.129000 0.800000
vt 0.254000 0.750000
vt 0.371000 0.750000
vt 0.371000 0.800000
vt 0.254000 0.800000
vt 0.004000 0.750000
vt 0.121000 0.750000
vt 0.121000 0.800000
vt 0.004000 0.800000
vt 0.129000 0.800000
vt 0.246000 0.800000
vt 0.246000 0.850000
vt 0.129000 0.850000
vt 0.254000 0.800000
vt 0.371000 0.800000
vt 0.371000 0.850000
vt 0.254000 0.850000
vt 0.004000 0.800000
vt 0.121000 0.800000
vt 0.121000 0.850000
vt 0.004000 0.850000
vt 0.129000 0.800000
vt 0.246000 0.800000
vt 0.246000 0.850000
vt 0.129000 0.850000
vt 0.254000 0.800000
vt 0.371000 0.800000
vt 0.371000 0.850000
vt 0.254000 0.850000
vt 0.004000 0.800000
vt 0.121000 0.800000
vt 0.121000 0.850000
vt 0.004000 0.850000
vt 0.129000 0.850000
vt 0.246000 0.850000
vt 0.246000 0.900000
vt 0.129000 0.900000
vt 0.254000 0.850000
vt 0.371000 0.850000
vt 0.371000 0.900000
vt 0.254000 0.900000
vt 0.004000 0.850000
vt 0.121000 0.850000
vt 0.121000 0.900000
vt 0.004000 0.900000
vt 0.129000 0.850000
vt 0.246000 0.850000
vt 0.246000 0.900000
vt 0.129000 0.900000
vt 0.254000 0.850000
vt 0.371000 0.850000
vt 0.371000 0.900000
vt 0.254000 0.900000
vt 0.004000 0.850000
vt 0.121000 0.850000
vt 0.121000 0.900000
vt 0.004000 0.900000
vt 0.129000 0.900000
vt 0.246000 0.900000
vt 0.246000 0.950000
vt 0.129000 0.950000
vt 0.254000 0.900000
vt 0.371000 0.900000
vt 0.371000 0.950000
vt 0.254000 0.950000
vt 0.004000 0.900000
vt 0.121000 0.900000
vt 0.121000 0.950000
vt 0.004000 0.950000
vt 0.129000 0.900000
vt 0.246000 0.900000
vt 0.246000 0.950000
vt 0.129000 0.950000
vt 0.254000 0.900000
vt 0.371000 0.900000
vt 0.371000 0.950000
vt 0.254000 0.950000
vt 0.004000 0.900000
vt 0.121000 0.900000
vt 0.121000 0.950000
vt 0.004000 0.950000
vt 0.129000 0.950000
vt 0.246000 0.950000
vt 0.246000 1.000000
vt 0.129000 1.000000
vt 0.254000 0.950000
vt 0.371000 0.950000
vt 0.371000 1.000000
vt 0.254000 1.000000
vt 0.004000 0.950000
vt 0.121000 0.950000
vt 0.121000 1.000000
vt 0.004000 1.000000
vt 0.129000 0.950000
vt 0.246000 0.950000
vt 0.246000 1.000000
vt 0.129000 1.000000
vt 0.254000 0.950000
vt 0.371000 0.950000
vt 0.371000 1.000000
vt 0.254000 1.000000
vt 0.004000 0.950000
vt 0.121000 0.950000
vt 0.121000 1.000000
vt 0.004000 1.000000
vt 0.129000 0.000000
vt 0.246000 0.000000
vt 0.246000 1.000000
vt 0.129000 1.000000
vt 0.004000 0.000000
vt 0.121000 0.000000
vt 0.121000 1.000000
vt 0.004000 1.000000
vt 0.004000 0.000000
vt 0.121000 0.000000
vt 0.121000 1.000000
vt 0.004000 1.000000
vt 0.129000 0.000000
vt 0.246000 0.000000
vt 0.246000 1.000000
vt 0.129000 1.000000
vt 0.004000 0.000000
vt 0.121000 0.000000
vt 0.121000 1.000000
vt 0.004000 1.000000
vt 0.004000 0.000000
vt 0.121000 0.000000
vt 0.121000 1.000000
vt 0.004000 1.000000
vt 0.879000 0.050000
vt 0.996000 0.050000
vt 0.996000 0.112500
vt 0.879000 0.112500
vt 0.879000 0.112500
vt 0.996000 0.112500
vt 0.996000 0.175000
vt 0.879000 0.175000
vt 0.879000 0.175000
vt 0.996000 0.175000
vt 0.996000 0.237500
vt 0.879000 0.237500
vt 0.879000 0.237500
vt 0.996000 0.237500
vt 0.996000 0.300000
vt 0.879000 0.300000
vt 0.879000 0.300000
vt 0.996000 0.300000
vt 0.996000 0.362500
vt 0.879000 0.362500
vt 0.879000 0.362500
vt 0.996000 0.362500
vt 0.996000 0.425000
vt 0.879000 0.425000
vt 0.879000 0.425000
vt 0.996000 0.425000
vt 0.996000 0.487500
vt 0.879000 0.487500
vt 0.879000 0.487500
vt 0.996000 0.487500
vt 0.996000 0.550000
vt 0.879000 0.550000
vt 0.879000 0.550000
vt 0.996000 0.550000
vt 0.996000 0.612500
vt 0.879000 0.612500
vt 0.879000 0.612500
vt 0.996000 0.612500
vt 0.996000 0.675000
vt 0.879000 0.675000
vt 0.879000 0.675000
vt 0.996000 0.675000
vt 0.996000 0.737500
vt 0.879000 0.737500
vt 0.879000 0.737500
vt 0.996000 0.737500
vt 0.996000 0.800000
vt 0.879000 0.800000
vt 0.996000 0.050000
vt 0.879000 0.050000
vt 0.879000 0.112500
vt 0.996000 0.112500
vt 0.996000 0.112500
vt 0.879000 0.112500
vt 0.879000 0.175000
vt 0.996000 0.175000
vt 0.996000 0.175000
vt 0.879000 0.175000
vt 0.879000 0.237500
vt 0.996000 0.237500
vt 0.996000 0.237500
vt 0.879000 0.237500
vt 0.879000 0.300000
vt 0.996000 0.300000
vt 0.996000 0.300000
vt 0.879000 0.300000
vt 0.879000 0.362500
vt 0.996000 0.362500
vt 0.996000 0.362500
vt 0.879000 0.362500
vt 0.879000 0.425000
vt 0.996000 0.425000
vt 0.996000 0.425000
vt 0.879000 0.425000
vt 0.879000 0.487500
vt 0.996000 0.487500
vt 0.996000 0.487500
vt 0.879000 0.487500
vt 0.879000 0.550000
vt 0.996000 0.550000
vt 0.996000 0.550000
vt 0.879000 0.550000
vt 0.879000 0.612500
vt 0.996000 0.612500
vt 0.996000 0.612500
vt 0.879000 0.612500
vt 0.879000 0.675000
vt 0.996000 0.675000
vt 0.996000 0.675000
vt 0.879000 0.675000
vt 0.879000 0.737500
vt 0.996000 0.737500
vt 0.996000 0.737500
vt 0.879000 0.737500
vt 0.879000 0.800000
vt 0.996000 0.800000
vt 0.379000 0.000000
vt 0.390700 0.000000
vt 0.390700 0.166667
vt 0.379000 0.166667
vt 0.390700 0.000000
vt 0.402400 0.000000
vt 0.402400 0.166667
vt 0.390700 0.166667
vt 0.402400 0.000000
vt 0.414100 0.000000
vt 0.414100 0.166667
vt 0.402400 0.166667
vt 0.414100 0.000000
vt 0.425800 0.000000
vt 0.425800 0.166667
vt 0.414100 0.166667
vt 0.425800 0.000000
vt 0.437500 0.000000
vt 0.437500 0.166667
vt 0.425800 0.166667
vt 0.437500 0.000000
vt 0.449200 0.000000
vt 0.449200 0.166667
vt 0.437500 0.166667
vt 0.449200 0.000000
vt 0.460900 0.000000
vt 0.460900 0.166667
vt 0.449200 0.166667
vt 0.460900 0.000000
vt 0.472600 0.000000
vt 0.472600 0.166667
vt 0.460900 0.166667
vt 0.472600 0.000000
vt 0.484300 0.000000
vt 0.484300 0.166667
vt 0.472600 0.166667
vt 0.484300 0.000000
vt 0.496000 0.000000
vt 0.496000 0.166667
vt 0.484300 0.166667
vt 0.379000 0.166667
vt 0.390700 0.166667
vt 0.390700 0.555556
vt 0.379000 0.555556
vt 0.390700 0.166667
vt 0.402400 0.166667
vt 0.402400 0.555556
vt 0.390700 0.555556
vt 0.402400 0.166667
vt 0.414100 0.166667
vt 0.414100 0.555556
vt 0.402400 0.555556
vt 0.414100 0.166667
vt 0.425800 0.166667
vt 0.425800 0.555556
vt 0.414100 0.555556
vt 0.425800 0.166667
vt 0.437500 0.166667
vt 0.437500 0.555556
vt 0.425800 0.555556
vt 0.437500 0.166667
vt 0.449200 0.166667
vt 0.449200 0.555556
vt 0.437500 0.555556
vt 0.449200 0.166667
vt 0.460900 0.166667
vt 0.460900 0.555556
vt 0.449200 0.555556
vt 0.460900 0.166667
vt 0.472600 0.166667
vt 0.472600 0.555556
vt 0.460900 0.555556
vt 0.472600 0.166667
vt 0.484300 0.166667
vt 0.484300 0.555556
vt 0.472600 0.555556
vt 0.484300 0.166667
vt 0.496000 0.166667
vt 0.496000 0.555556
vt 0.484300 0.555556
vt 0.379000 0.555556
vt 0.390700 0.555556
vt 0.390700 0.888889
vt 0.379000 0.888889
vt 0.390700 0.555556
vt 0.402400 0.555556
vt 0.402400 0.888889
vt 0.390700 0.888889
vt 0.402400 0.555556
vt 0.414100 0.555556
vt 0.414100 0.888889
vt 0.402400 0.888889
vt 0.414100 0.555556
vt 0.425800 0.555556
vt 0.425800 0.888889
vt 0.414100 0.888889
vt 0.425800 0.555556
vt 0.437500 0.555556
vt 0.437500 0.888889
vt 0.425800 0.888889
vt 0.437500 0.555556
vt 0.449200 0.555556
vt 0.449200 0.888889
vt 0.437500 0.888889
vt 0.449200 0.555556
vt 0.460900 0.555556
vt 0.460900 0.888889
vt 0.449200 0.888889
vt 0.460900 0.555556
vt 0.472600 0.555556
vt 0.472600 0.888889
vt 0.460900 0.888889
vt 0.472600 0.555556
vt 0.484300 0.555556
vt 0.484300 0.888889
vt 0.472600 0.888889
vt 0.484300 0.555556
vt 0.496000 0.555556
vt 0.496000 0.888889
vt 0.484300 0.888889
vt 0.379000 0.888889
vt 0.390700 0.888889
vt 0.390700 1.000000
vt 0.379000 1.000000
vt 0.390700 0.888889
vt 0.402400 0.888889
vt 0.402400 1.000000
vt 0.390700 1.000000
vt 0.402400 0.888889
vt 0.414100 0.888889
vt 0.414100 1.000000
vt 0.402400 1.000000
vt 0.414100 0.888889
vt 0.425800 0.888889
vt 0.425800 1.000000
vt 0.414100 1.000000
vt 0.425800 0.888889
vt 0.437500 0.888889
vt 0.437500 1.000000
vt 0.425800 1.000000
vt 0.437500 0.888889
vt 0.449200 0.888889
vt 0.449200 1.000000
vt 0.437500 1.000000
vt 0.449200 0.888889
vt 0.460900 0.888889
vt 0.460900 1.000000
vt 0.449200 1.000000
vt 0.460900 0.888889
vt 0.472600 0.888889
vt 0.472600 1.000000
vt 0.460900 1.000000
vt 0.472600 0.888889
vt 0.484300 0.888889
vt 0.484300 1.000000
vt 0.472600 1.000000
vt 0.484300 0.888889
vt 0.496000 0.888889
vt 0.496000 1.000000
vt 0.484300 1.000000
vt 0.379000 0.000000
vt 0.393625 0.000000
vt 0.393625 0.058821
vt 0.379000 0.058821
vt 0.393625 0.000000
vt 0.408250 0.000000
vt 0.408250 0.058821
vt 0.393625 0.058821
vt 0.408250 0.000000
vt 0.422875 0.000000
vt 0.422875 0.058821
vt 0.408250 0.058821
vt 0.422875 0.000000
vt 0.437500 0.000000
vt 0.437500 0.058821
vt 0.422875 0.058821
vt 0.437500 0.000000
vt 0.452125 0.000000
vt 0.452125 0.058821
vt 0.437500 0.058821
vt 0.452125 0.000000
vt 0.466750 0.000000
vt 0.466750 0.058821
vt 0.452125 0.058821
vt 0.466750 0.000000
vt 0.481375 0.000000
vt 0.481375 0.058821
vt 0.466750 0.058821
vt 0.481375 0.000000
vt 0.496000 0.000000
vt 0.496000 0.058821
vt 0.481375 0.058821
vt 0.379000 0.058821
vt 0.393625 0.058821
vt 0.393625 0.117363
vt 0.379000 0.117363
vt 0.393625 0.058821
vt 0.408250 0.058821
vt 0.408250 0.117363
vt 0.393625 0.117363
vt 0.408250 0.058821
vt 0.422875 0.058821
vt 0.422875 0.117363
vt 0.408250 0.117363
vt 0.422875 0.058821
vt 0.437500 0.058821
vt 0.437500 0.117363
vt 0.422875 0.117363
vt 0.437500 0.058821
vt 0.452125 0.058821
vt 0.452125 0.117363
vt 0.437500 0.117363
vt 0.452125 0.058821
vt 0.466750 0.058821
vt 0.466750 0.117363
vt 0.452125 0.117363
vt 0.466750 0.058821
vt 0.481375 0.058821
vt 0.481375 0.117363
vt 0.466750 0.117363
vt 0.481375 0.058821
vt 0.496000 0.058821
vt 0.496000 0.117363
vt 0.481375 0.117363
vt 0.379000 0.117363
vt 0.393625 0.117363
vt 0.393625 0.175386
vt 0.379000 0.175386
vt 0.393625 0.117363
vt 0.408250 0.117363
vt 0.408250 0.175386
vt 0.393625 0.175386
vt 0.408250 0.117363
vt 0.422875 0.117363
vt 0.422875 0.175386
vt 0.408250 0.175386
vt 0.422875 0.117363
vt 0.437500 0.117363
vt 0.437500 0.175386
vt 0.422875 0.175386
vt 0.437500 0.117363
vt 0.452125 0.117363
vt 0.452125 0.175386
vt 0.437500 0.175386
vt 0.452125 0.117363
vt 0.466750 0.117363
vt 0.466750 0.175386
vt 0.452125 0.175386
vt 0.466750 0.117363
vt 0.481375 0.117363
vt 0.481375 0.175386
vt 0.466750 0.175386
vt 0.481375 0.117363
vt 0.496000 0.117363
vt 0.496000 0.175386
vt 0.481375 0.175386
vt 0.379000 0.175386
vt 0.393625 0.175386
vt 0.393625 0.232728
vt 0.379000 0.232728
vt 0.393625 0.175386
vt 0.408250 0.175386
vt 0.408250 0.232728
vt 0.393625 0.232728
vt 0.408250 0.175386
vt 0.422875 0.175386
vt 0.422875 0.232728
vt 0.408250 0.232728
vt 0.422875 0.175386
vt 0.437500 0.175386
vt 0.437500 0.232728
vt 0.422875 0.232728
vt 0.437500 0.175386
vt 0.452125 0.175386
vt 0.452125 0.232728
vt 0.437500 0.232728
vt 0.452125 0.175386
vt 0.466750 0.175386
vt 0.466750 0.232728
vt 0.452125 0.232728
vt 0.466750 0.175386
vt 0.481375 0.175386
vt 0.481375 0.232728
vt 0.466750 0.232728
vt 0.481375 0.175386
vt 0.496000 0.175386
vt 0.496000 0.232728
vt 0.481375 0.232728
vt 0.379000 0.232728
vt 0.393625 0.232728
vt 0.393625 0.289343
vt 0.379000 0.289343
vt 0.393625 0.232728
vt 0.408250 0.232728
vt 0.408250 0.289343
vt 0.393625 0.289343
vt 0.408250 0.232728
vt 0.422875 0.232728
vt 0.422875 0.289343
vt 0.408250 0.289343
vt 0.422875 0.232728
vt 0.437500 0.232728
vt 0.437500 0.289343
vt 0.422875 0.289343
vt 0.437500 0.232728
vt 0.452125 0.232728
vt 0.452125 0.289343
vt 0.437500 0.289343
vt 0.452125 0.232728
vt 0.466750 0.232728
vt 0.466750 0.289343
vt 0.452125 0.289343
vt 0.466750 0.232728
vt 0.481375 0.232728
vt 0.481375 0.289343
vt 0.466750 0.289343
vt 0.481375 0.232728
vt 0.496000 0.232728
vt 0.496000 0.289343
vt 0.481375 0.289343
vt 0.379000 0.289343
vt 0.393625 0.289343
vt 0.393625 0.345339
vt 0.379000 0.345339
vt 0.393625 0.289343
vt 0.408250 0.289343
vt 0.408250 0.345339
vt 0.393625 0.345339
vt 0.408250 0.289343
vt 0.422875 0.289343
vt 0.422875 0.345339
vt 0.408250 0.345339
vt 0.422875 0.289343
vt 0.437500 0.289343
vt 0.437500 0.345339
vt 0.422875 0.345339
vt 0.437500 0.289343
vt 0.452125 0.289343
vt 0.452125 0.345339
vt 0.437500 0.345339
vt 0.452125 0.289343
vt 0.466750 0.289343
vt 0.466750 0.345339
vt 0.452125 0.345339
vt 0.466750 0.289343
vt 0.481375 0.289343
vt 0.481375 0.345339
vt 0.466750 0.345339
vt 0.481375 0.289343
vt 0.496000 0.289343
vt 0.496000 0.345339
vt 0.481375 0.345339
vt 0.379000 0.345339
vt 0.393625 0.345339
vt 0.393625 0.400997
vt 0.379000 0.400997
vt 0.393625 0.345339
vt 0.408250 0.345339
vt 0.408250 0.400997
vt 0.393625 0.400997
vt 0.408250 0.345339
vt 0.422875 0.345339
vt 0.422875 0.400997
vt 0.408250 0.400997
vt 0.422875 0.345339
vt 0.437500 0.345339
vt 0.437500 0.400997
vt 0.422875 0.400997
vt 0.437500 0.345339
vt 0.452125 0.345339
vt 0.452125 0.400997
vt 0.437500 0.400997
vt 0.452125 0.345339
vt 0.466750 0.345339
vt 0.466750 0.400997
vt 0.452125 0.400997
vt 0.466750 0.345339
vt 0.481375 0.345339
vt 0.481375 0.400997
vt 0.466750 0.400997
vt 0.481375 0.345339
vt 0.496000 0.345339
vt 0.496000 0.400997
vt 0.481375 0.400997
vt 0.379000 0.400997
vt 0.393625 0.400997
vt 0.393625 0.456790
vt 0.379000 0.456790
vt 0.393625 0.400997
vt 0.408250 0.400997
vt 0.408250 0.456790
vt 0.393625 0.456790
vt 0.408250 0.400997
vt 0.422875 0.400997
vt 0.422875 0.456790
vt 0.408250 0.456790
vt 0.422875 0.400997
vt 0.437500 0.400997
vt 0.437500 0.456790
vt 0.422875 0.456790
vt 0.437500 0.400997
vt 0.452125 0.400997
vt 0.452125 0.456790
vt 0.437500 0.456790
vt 0.452125 0.400997
vt 0.466750 0.400997
vt 0.466750 0.456790
vt 0.452125 0.456790
vt 0.466750 0.400997
vt 0.481375 0.400997
vt 0.481375 0.456790
vt 0.466750 0.456790
vt 0.481375 0.400997
vt 0.496000 0.400997
vt 0.496000 0.456790
vt 0.481375 0.456790
vt 0.379000 0.456790
vt 0.393625 0.456790
vt 0.393625 0.513368
vt 0.379000 0.513368
vt 0.393625 0.456790
vt 0.408250 0.456790
vt 0.408250 0.513368
vt 0.393625 0.513368
vt 0.408250 0.456790
vt 0.422875 0.456790
vt 0.422875 0.513368
vt 0.408250 0.513368
vt 0.422875 0.456790
vt 0.437500 0.456790
vt 0.437500 0.513368
vt 0.422875 0.513368
vt 0.437500 0.456790
vt 0.452125 0.456790
vt 0.452125 0.513368
vt 0.437500 0.513368
vt 0.452125 0.456790
vt 0.466750 0.456790
vt 0.466750 0.513368
vt 0.452125 0.513368
vt 0.466750 0.456790
vt 0.481375 0.456790
vt 0.481375 0.513368
vt 0.466750 0.513368
vt 0.481375 0.456790
vt 0.496000 0.456790
vt 0.496000 0.513368
vt 0.481375 0.513368
vt 0.379000 0.513368
vt 0.393625 0.513368
vt 0.393625 0.571518
vt 0.379000 0.571518
vt 0.393625 0.513368
vt 0.408250 0.513368
vt 0.408250 0.571518
vt 0.393625 0.571518
vt 0.408250 0.513368
vt 0.422875 0.513368
vt 0.422875 0.571518
vt 0.408250 0.571518
vt 0.422875 0.513368
vt 0.437500 0.513368
vt 0.437500 0.571518
vt 0.422875 0.571518
vt 0.437500 0.513368
vt 0.452125 0.513368
vt 0.452125 0.571518
vt 0.437500 0.571518
vt 0.452125 0.513368
vt 0.466750 0.513368
vt 0.466750 0.571518
vt 0.452125 0.571518
vt 0.466750 0.513368
vt 0.481375 0.513368
vt 0.481375 0.571518
vt 0.466750 0.571518
vt 0.481375 0.513368
vt 0.496000 0.513368
vt 0.496000 0.571518
vt 0.481375 0.571518
vt 0.379000 0.571518
vt 0.393625 0.571518
vt 0.393625 0.632109
vt 0.379000 0.632109
vt 0.393625 0.571518
vt 0.408250 0.571518
vt 0.408250 0.632109
vt 0.393625 0.632109
vt 0.408250 0.571518
vt 0.422875 0.571518
vt 0.422875 0.632109
vt 0.408250 0.632109
vt 0.422875 0.571518
vt 0.437500 0.571518
vt 0.437500 0.632109
vt 0.422875 0.632109
vt 0.437500 0.571518
vt 0.452125 0.571518
vt 0.452125 0.632109
vt 0.437500 0.632109
vt 0.452125 0.571518
vt 0.466750 0.571518
vt 0.466750 0.632109
vt 0.452125 0.632109
vt 0.466750 0.571518
vt 0.481375 0.571518
vt 0.481375 0.632109
vt 0.466750 0.632109
vt 0.481375 0.571518
vt 0.496000 0.571518
vt 0.496000 0.632109
vt 0.481375 0.632109
vt 0.379000 0.632109
vt 0.393625 0.632109
vt 0.393625 0.696022
vt 0.379000 0.696022
vt 0.393625 0.632109
vt 0.408250 0.632109
vt 0.408250 0.696022
vt 0.393625 0.696022
vt 0.408250 0.632109
vt 0.422875 0.632109
vt 0.422875 0.696022
vt 0.408250 0.696022
vt 0.422875 0.632109
vt 0.437500 0.632109
vt 0.437500 0.696022
vt 0.422875 0.696022
vt 0.437500 0.632109
vt 0.452125 0.632109
vt 0.452125 0.696022
vt 0.437500 0.696022
vt 0.452125 0.632109
vt 0.466750 0.632109
vt 0.466750 0.696022
vt 0.452125 0.696022
vt 0.466750 0.632109
vt 0.481375 0.632109
vt 0.481375 0.696022
vt 0.466750 0.696022
vt 0.481375 0.632109
vt 0.496000 0.632109
vt 0.496000 0.696022
vt 0.481375 0.696022
vt 0.379000 0.696022
vt 0.393625 0.696022
vt 0.393625 0.764088
vt 0.379000 0.764088
vt 0.393625 0.696022
vt 0.408250 0.696022
vt 0.408250 0.764088
vt 0.393625 0.764088
vt 0.408250 0.696022
vt 0.422875 0.696022
vt 0.422875 0.764088
vt 0.408250 0.764088
vt 0.422875 0.696022
vt 0.437500 0.696022
vt 0.437500 0.764088
vt 0.422875 0.764088
vt 0.437500 0.696022
vt 0.452125 0.696022
vt 0.452125 0.764088
vt 0.437500 0.764088
vt 0.452125 0.696022
vt 0.466750 0.696022
vt 0.466750 0.764088
vt 0.452125 0.764088
vt 0.466750 0.696022
vt 0.481375 0.696022
vt 0.481375 0.764088
vt 0.466750 0.764088
vt 0.481375 0.696022
vt 0.496000 0.696022
vt 0.496000 0.764088
vt 0.481375 0.764088
vt 0.379000 0.764088
vt 0.393625 0.764088
vt 0.393625 0.837044
vt 0.379000 0.837044
vt 0.393625 0.764088
vt 0.408250 0.764088
vt 0.408250 0.837044
vt 0.393625 0.837044
vt 0.408250 0.764088
vt 0.422875 0.764088
vt 0.422875 0.837044
vt 0.408250 0.837044
vt 0.422875 0.764088
vt 0.437500 0.764088
vt 0.437500 0.837044
vt 0.422875 0.837044
vt 0.437500 0.764088
vt 0.452125 0.764088
vt 0.452125 0.837044
vt 0.437500 0.837044
vt 0.452125 0.764088
vt 0.466750 0.764088
vt 0.466750 0.837044
vt 0.452125 0.837044
vt 0.466750 0.764088
vt 0.481375 0.764088
vt 0.481375 0.837044
vt 0.466750 0.837044
vt 0.481375 0.764088
vt 0.496000 0.764088
vt 0.496000 0.837044
vt 0.481375 0.837044
vt 0.379000 0.837044
vt 0.393625 0.837044
vt 0.393625 0.915514
vt 0.379000 0.915514
vt 0.393625 0.837044
vt 0.408250 0.837044
vt 0.408250 0.915514
vt 0.393625 0.915514
vt 0.408250 0.837044
vt 0.422875 0.837044
vt 0.422875 0.915514
vt 0.408250 0.915514
vt 0.422875 0.837044
vt 0.437500 0.837044
vt 0.437500 0.915514
vt 0.422875 0.915514
vt 0.437500 0.837044
vt 0.452125 0.837044
vt 0.452125 0.915514
vt 0.437500 0.915514
vt 0.452125 0.837044
vt 0.466750 0.837044
vt 0.466750 0.915514
vt 0.452125 0.915514
vt 0.466750 0.837044
vt 0.481375 0.837044
vt 0.481375 0.915514
vt 0.466750 0.915514
vt 0.481375 0.837044
vt 0.496000 0.837044
vt 0.496000 0.915514
vt 0.481375 0.915514
vt 0.379000 0.915514
vt 0.393625 0.915514
vt 0.393625 1.000000
vt 0.379000 1.000000
vt 0.393625 0.915514
vt 0.408250 0.915514
vt 0.408250 1.000000
vt 0.393625 1.000000
vt 0.408250 0.915514
vt 0.422875 0.915514
vt 0.422875 1.000000
vt 0.408250 1.000000
vt 0.422875 0.915514
vt 0.437500 0.915514
vt 0.437500 1.000000
vt 0.422875 1.000000
vt 0.437500 0.915514
vt 0.452125 0.915514
vt 0.452125 1.000000
vt 0.437500 1.000000
vt 0.452125 0.915514
vt 0.466750 0.915514
vt 0.466750 1.000000
vt 0.452125 1.000000
vt 0.466750 0.915514
vt 0.481375 0.915514
vt 0.481375 1.000000
vt 0.466750 1.000000
vt 0.481375 0.915514
vt 0.496000 0.915514
vt 0.496000 1.000000
vt 0.481375 1.000000
vt 0.754000 0.000000
vt 0.765700 0.000000
vt 0.765700 0.066987
vt 0.754000 0.066987
vt 0.765700 0.000000
vt 0.777400 0.000000
vt 0.777400 0.066987
vt 0.765700 0.066987
vt 0.777400 0.000000
vt 0.789100 0.000000
vt 0.789100 0.066987
vt 0.777400 0.066987
vt 0.789100 0.000000
vt 0.800800 0.000000
vt 0.800800 0.066987
vt 0.789100 0.066987
vt 0.800800 0.000000
vt 0.812500 0.000000
vt 0.812500 0.066987
vt 0.800800 0.066987
vt 0.812500 0.000000
vt 0.824200 0.000000
vt 0.824200 0.066987
vt 0.812500 0.066987
vt 0.824200 0.000000
vt 0.835900 0.000000
vt 0.835900 0.066987
vt 0.824200 0.066987
vt 0.835900 0.000000
vt 0.847600 0.000000
vt 0.847600 0.066987
vt 0.835900 0.066987
vt 0.847600 0.000000
vt 0.859300 0.000000
vt 0.859300 0.066987
vt 0.847600 0.066987
vt 0.859300 0.000000
vt 0.871000 0.000000
vt 0.871000 0.066987
vt 0.859300 0.066987
vt 0.754000 0.066987
vt 0.765700 0.066987
vt 0.765700 0.250000
vt 0.754000 0.250000
vt 0.765700 0.066987
vt 0.777400 0.066987
vt 0.777400 0.250000
vt 0.765700 0.250000
vt 0.777400 0.066987
vt 0.789100 0.066987
vt 0.789100 0.250000
vt 0.777400 0.250000
vt 0.789100 0.066987
vt 0.800800 0.066987
vt 0.800800 0.250000
vt 0.789100 0.250000
vt 0.800800 0.066987
vt 0.812500 0.066987
vt 0.812500 0.250000
vt 0.800800 0.250000
vt 0.812500 0.066987
vt 0.824200 0.066987
vt 0.824200 0.250000
vt 0.812500 0.250000
vt 0.824200 0.066987
vt 0.835900 0.066987
vt 0.835900 0.250000
vt 0.824200 0.250000
vt 0.835900 0.066987
vt 0.847600 0.066987
vt 0.847600 0.250000
vt 0.835900 0.250000
vt 0.847600 0.066987
vt 0.859300 0.066987
vt 0.859300 0.250000
vt 0.847600 0.250000
vt 0.859300 0.066987
vt 0.871000 0.066987
vt 0.871000 0.250000
vt 0.859300 0.250000
vt 0.754000 0.250000
vt 0.765700 0.250000
vt 0.765700 0.500000
vt 0.754000 0.500000
vt 0.765700 0.250000
vt 0.777400 0.250000
vt 0.777400 0.500000
vt 0.765700 0.500000
vt 0.777400 0.250000
vt 0.789100 0.250000
vt 0.789100 0.500000
vt 0.777400 0.500000
vt 0.789100 0.250000
vt 0.800800 0.250000
vt 0.800800 0.500000
vt 0.789100 0.500000
vt 0.800800 0.250000
vt 0.812500 0.250000
vt 0.812500 0.500000
vt 0.800800 0.500000
vt 0.812500 0.250000
vt 0.824200 0.250000
vt 0.824200 0.500000
vt 0.812500 0.500000
vt 0.824200 0.250000
vt 0.835900 0.250000
vt 0.835900 0.500000
vt 0.824200 0.500000
vt 0.835900 0.250000
vt 0.847600 0.250000
vt 0.847600 0.500000
vt 0.835900 0.500000
vt 0.847600 0.250000
vt 0.859300 0.250000
vt 0.859300 0.500000
vt 0.847600 0.500000
vt 0.859300 0.250000
vt 0.871000 0.250000
vt 0.871000 0.500000
vt 0.859300 0.500000
vt 0.754000 0.500000
vt 0.765700 0.500000
vt 0.765700 0.750000
vt 0.754000 0.750000
vt 0.765700 0.500000
vt 0.777400 0.500000
vt 0.777400 0.750000
vt 0.765700 0.750000
vt 0.777400 0.500000
vt 0.789100 0.500000
vt 0.789100 0.750000
vt 0.777400 0.750000
vt 0.789100 0.500000
vt 0.800800 0.500000
vt 0.800800 0.750000
vt 0.789100 0.750000
vt 0.800800 0.500000
vt 0.812500 0.500000
vt 0.812500 0.750000
vt 0.800800 0.750000
vt 0.812500 0.500000
vt 0.824200 0.500000
vt 0.824200 0.750000
vt 0.812500 0.750000
vt 0.824200 0.500000
vt 0.835900 0.500000
vt 0.835900 0.750000
vt 0.824200 0.750000
vt 0.835900 0.500000
vt 0.847600 0.500000
vt 0.847600 0.750000
vt 0.835900 0.750000
vt 0.847600 0.500000
vt 0.859300 0.500000
vt 0.859300 0.750000
vt 0.847600 0.750000
vt 0.859300 0.500000
vt 0.871000 0.500000
vt 0.871000 0.750000
vt 0.859300 0.750000
vt 0.754000 0.750000
vt 0.765700 0.750000
vt 0.765700 0.933013
vt 0.754000 0.933013
vt 0.765700 0.750000
vt 0.777400 0.750000
vt 0.777400 0.933013
vt 0.765700 0.933013
vt 0.777400 0.750000
vt 0.789100 0.750000
vt 0.789100 0.933013
vt 0.777400 0.933013
vt 0.789100 0.750000
vt 0.800800 0.750000
vt 0.800800 0.933013
vt 0.789100 0.933013
vt 0.800800 0.750000
vt 0.812500 0.750000
vt 0.812500 0.933013
vt 0.800800 0.933013
vt 0.812500 0.750000
vt 0.824200 0.750000
vt 0.824200 0.933013
vt 0.812500 0.933013
vt 0.824200 0.750000
vt 0.835900 0.750000
vt 0.835900 0.933013
vt 0.824200 0.933013
vt 0.835900 0.750000
vt 0.847600 0.750000
vt 0.847600 0.933013
vt 0.835900 0.933013
vt 0.847600 0.750000
vt 0.859300 0.750000
vt 0.859300 0.933013
vt 0.847600 0.933013
vt 0.859300 0.750000
vt 0.871000 0.750000
vt 0.871000 0.933013
vt 0.859300 0.933013
vt 0.754000 0.933013
vt 0.765700 0.933013
vt 0.765700 1.000000
vt 0.754000 1.000000
vt 0.765700 0.933013
vt 0.777400 0.933013
vt 0.777400 1.000000
vt 0.765700 1.000000
vt 0.777400 0.933013
vt 0.789100 0.933013
vt 0.789100 1.000000
vt 0.777400 1.000000
vt 0.789100 0.933013
vt 0.800800 0.933013
vt 0.800800 1.000000
vt 0.789100 1.000000
vt 0.800800 0.933013
vt 0.812500 0.933013
vt 0.812500 1.000000
vt 0.800800 1.000000
vt 0.812500 0.933013
vt 0.824200 0.933013
vt 0.824200 1.000000
vt 0.812500 1.000000
vt 0.824200 0.933013
vt 0.835900 0.933013
vt 0.835900 1.000000
vt 0.824200 1.000000
vt 0.835900 0.933013
vt 0.847600 0.933013
vt 0.847600 1.000000
vt 0.835900 1.000000
vt 0.847600 0.933013
vt 0.859300 0.933013
vt 0.859300 1.000000
vt 0.847600 1.000000
vt 0.859300 0.933013
vt 0.871000 0.933013
vt 0.871000 1.000000
vt 0.859300 1.000000
vt 0.379000 0.000000
vt 0.393625 0.000000
vt 0.393625 0.058821
vt 0.379000 0.058821
vt 0.393625 0.000000
vt 0.408250 0.000000
vt 0.408250 0.058821
vt 0.393625 0.058821
vt 0.408250 0.000000
vt 0.422875 0.000000
vt 0.422875 0.058821
vt 0.408250 0.058821
vt 0.422875 0.000000
vt 0.437500 0.000000
vt 0.437500 0.058821
vt 0.422875 0.058821
vt 0.437500 0.000000
vt 0.452125 0.000000
vt 0.452125 0.058821
vt 0.437500 0.058821
vt 0.452125 0.000000
vt 0.466750 0.000000
vt 0.466750 0.058821
vt 0.452125 0.058821
vt 0.466750 0.000000
vt 0.481375 0.000000
vt 0.481375 0.058821
vt 0.466750 0.058821
vt 0.481375 0.000000
vt 0.496000 0.000000
vt 0.496000 0.058821
vt 0.481375 0.058821
vt 0.379000 0.058821
vt 0.393625 0.058821
vt 0.393625 0.117363
vt 0.379000 0.117363
vt 0.393625 0.058821
vt 0.408250 0.058821
vt 0.408250 0.117363
vt 0.393625 0.117363
vt 0.408250 0.058821
vt 0.422875 0.058821
vt 0.422875 0.117363
vt 0.408250 0.117363
vt 0.422875 0.058821
vt 0.437500 0.058821
vt 0.437500 0.117363
vt 0.422875 0.117363
vt 0.437500 0.058821
vt 0.452125 0.058821
vt 0.452125 0.117363
vt 0.437500 0.117363
vt 0.452125 0.058821
vt 0.466750 0.058821
vt 0.466750 0.117363
vt 0.452125 0.117363
vt 0.466750 0.058821
vt 0.481375 0.058821
vt 0.481375 0.117363
vt 0.466750 0.117363
vt 0.481375 0.058821
vt 0.496000 0.058821
vt 0.496000 0.117363
vt 0.481375 0.117363
vt 0.379000 0.117363
vt 0.393625 0.117363
vt 0.393625 0.175386
vt 0.379000 0.175386
vt 0.393625 0.117363
vt 0.408250 0.117363
vt 0.408250 0.175386
vt 0.393625 0.175386
vt 0.408250 0.117363
vt 0.422875 0.117363
vt 0.422875 0.175386
vt 0.408250 0.175386
vt 0.422875 0.117363
vt 0.437500 0.117363
vt 0.437500 0.175386
vt 0.422875 0.175386
vt 0.437500 0.117363
vt 0.452125 0.117363
vt 0.452125 0.175386
vt 0.437500 0.175386
vt 0.452125 0.117363
vt 0.466750 0.117363
vt 0.466750 0.175386
vt 0.452125 0.175386
vt 0.466750 0.117363
vt 0.481375 0.117363
vt 0.481375 0.175386
vt 0.466750 0.175386
vt 0.481375 0.117363
vt 0.496000 0.117363
vt 0.496000 0.175386
vt 0.481375 0.175386
vt 0.379000 0.175386
vt 0.393625 0.175386
vt 0.393625 0.232728
vt 0.379000 0.232728
vt 0.393625 0.175386
vt 0.408250 0.175386
vt 0.408250 0.232728
vt 0.393625 0.232728
vt 0.408250 0.175386
vt 0.422875 0.175386
vt 0.422875 0.232728
vt 0.408250 0.232728
vt 0.422875 0.175386
vt 0.437500 0.175386
vt 0.437500 0.232728
vt 0.422875 0.232728
vt 0.437500 0.175386
vt 0.452125 0.175386
vt 0.452125 0.232728
vt 0.437500 0.232728
vt 0.452125 0.175386
vt 0.466750 0.175386
vt 0.466750 0.232728
vt 0.452125 0.232728
vt 0.466750 0.175386
vt 0.481375 0.175386
vt 0.481375 0.232728
vt 0.466750 0.232728
vt 0.481375 0.175386
vt 0.496000 0.175386
vt 0.496000 0.232728
vt 0.481375 0.232728
vt 0.379000 0.232728
vt 0.393625 0.232728
vt 0.393625 0.289343
vt 0.379000 0.289343
vt 0.393625 0.232728
vt 0.408250 0.232728
vt 0.408250 0.289343
vt 0.393625 0.289343
vt 0.408250 0.232728
vt 0.422875 0.232728
vt 0.422875 0.289343
vt 0.408250 0.289343
vt 0.422875 0.232728
vt 0.437500 0.232728
vt 0.437500 0.289343
vt 0.422875 0.289343
vt 0.437500 0.232728
vt 0.452125 0.232728
vt 0.452125 0.289343
vt 0.437500 0.289343
vt 0.452125 0.232728
vt 0.466750 0.232728
vt 0.466750 0.289343
vt 0.452125 0.289343
vt 0.466750 0.232728
vt 0.481375 0.232728
vt 0.481375 0.289343
vt 0.466750 0.289343
vt 0.481375 0.232728
vt 0.496000 0.232728
vt 0.496000 0.289343
vt 0.481375 0.289343
vt 0.379000 0.289343
vt 0.393625 0.289343
vt 0.393625 0.345339
vt 0.379000 0.345339
vt 0.393625 0.289343
vt 0.408250 0.289343
vt 0.408250 0.345339
vt 0.393625 0.345339
vt 0.408250 0.289343
vt 0.422875 0.289343
vt 0.422875 0.345339
vt 0.408250 0.345339
vt 0.422875 0.289343
vt 0.437500 0.289343
vt 0.437500 0.345339
vt 0.422875 0.345339
vt 0.437500 0.289343
vt 0.452125 0.289343
vt 0.452125 0.345339
vt 0.437500 0.345339
vt 0.452125 0.289343
vt 0.466750 0.289343
vt 0.466750 0.345339
vt 0.452125 0.345339
vt 0.466750 0.289343
vt 0.481375 0.289343
vt 0.481375 0.345339
vt 0.466750 0.345339
vt 0.481375 0.289343
vt 0.496000 0.289343
vt 0.496000 0.345339
vt 0.481375 0.345339
vt 0.379000 0.345339
vt 0.393625 0.345339
vt 0.393625 0.400997
vt 0.379000 0.400997
vt 0.393625 0.345339
vt 0.408250 0.345339
vt 0.408250 0.400997
vt 0.393625 0.400997
vt 0.408250 0.345339
vt 0.422875 0.345339
vt 0.422875 0.400997
vt 0.408250 0.400997
vt 0.422875 0.345339
vt 0.437500 0.345339
vt 0.437500 0.400997
vt 0.422875 0.400997
vt 0.437500 0.345339
vt 0.452125 0.345339
vt 0.452125 0.400997
vt 0.437500 0.400997
vt 0.452125 0.345339
vt 0.466750 0.345339
vt 0.466750 0.400997
vt 0.452125 0.400997
vt 0.466750 0.345339
vt 0.481375 0.345339
vt 0.481375 0.400997
vt 0.466750 0.400997
vt 0.481375 0.345339
vt 0.496000 0.345339
vt 0.496000 0.400997
vt 0.481375 0.400997
vt 0.379000 0.400997
vt 0.393625 0.400997
vt 0.393625 0.456790
vt 0.379000 0.456790
vt 0.393625 0.400997
vt 0.408250 0.400997
vt 0.408250 0.456790
vt 0.393625 0.456790
vt 0.408250 0.400997
vt 0.422875 0.400997
vt 0.422875 0.456790
vt 0.408250 0.456790
vt 0.422875 0.400997
vt 0.437500 0.400997
vt 0.437500 0.456790
vt 0.422875 0.456790
vt 0.437500 0.400997
vt 0.452125 0.400997
vt 0.452125 0.456790
vt 0.437500 0.456790
vt 0.452125 0.400997
vt 0.466750 0.400997
vt 0.466750 0.456790
vt 0.452125 0.456790
vt 0.466750 0.400997
vt 0.481375 0.400997
vt 0.481375 0.456790
vt 0.466750 0.456790
vt 0.481375 0.400997
vt 0.496000 0.400997
vt 0.496000 0.456790
vt 0.481375 0.456790
vt 0.379000 0.456790
vt 0.393625 0.456790
vt 0.393625 0.513368
vt 0.379000 0.513368
vt 0.393625 0.456790
vt 0.408250 0.456790
vt 0.408250 0.513368
vt 0.393625 0.513368
vt 0.408250 0.456790
vt 0.422875 0.456790
vt 0.422875 0.513368
vt 0.408250 0.513368
vt 0.422875 0.456790
vt 0.437500 0.456790
vt 0.437500 0.513368
vt 0.422875 0.513368
vt 0.437500 0.456790
vt 0.452125 0.456790
vt 0.452125 0.513368
vt 0.437500 0.513368
vt 0.452125 0.456790
vt 0.466750 0.456790
vt 0.466750 0.513368
vt 0.452125 0.513368
vt 0.466750 0.456790
vt 0.481375 0.456790
vt 0.481375 0.513368
vt 0.466750 0.513368
vt 0.481375 0.456790
vt 0.496000 0.456790
vt 0.496000 0.513368
vt 0.481375 0.513368
vt 0.379000 0.513368
vt 0.393625 0.513368
vt 0.393625 0.571518
vt 0.379000 0.571518
vt 0.393625 0.513368
vt 0.408250 0.513368
vt 0.408250 0.571518
vt 0.393625 0.571518
vt 0.408250 0.513368
vt 0.422875 0.513368
vt 0.422875 0.571518
vt 0.408250 0.571518
vt 0.422875 0.513368
vt 0.437500 0.513368
vt 0.437500 0.571518
vt 0.422875 0.571518
vt 0.437500 0.513368
vt 0.452125 0.513368
vt 0.452125 0.571518
vt 0.437500 0.571518
vt 0.452125 0.513368
vt 0.466750 0.513368
vt 0.466750 0.571518
vt 0.452125 0.571518
vt 0.466750 0.513368
vt 0.481375 0.513368
vt 0.481375 0.571518
vt 0.466750 0.571518
vt 0.481375 0.513368
vt 0.496000 0.513368
vt 0.496000 0.571518
vt 0.481375 0.571518
vt 0.379000 0.571518
vt 0.393625 0.571518
vt 0.393625 0.632109
vt 0.379000 0.632109
vt 0.393625 0.571518
vt 0.408250 0.571518
vt 0.408250 0.632109
vt 0.393625 0.632109
vt 0.408250 0.571518
vt 0.422875 0.571518
vt 0.422875 0.632109
vt 0.408250 0.632109
vt 0.422875 0.571518
vt 0.437500 0.571518
vt 0.437500 0.632109
vt 0.422875 0.632109
vt 0.437500 0.571518
vt 0.452125 0.571518
vt 0.452125 0.632109
vt 0.437500 0.632109
vt 0.452125 0.571518
vt 0.466750 0.571518
vt 0.466750 0.632109
vt 0.452125 0.632109
vt 0.466750 0.571518
vt 0.481375 0.571518
vt 0.481375 0.632109
vt 0.466750 0.632109
vt 0.481375 0.571518
vt 0.496000 0.571518
vt 0.496000 0.632109
vt 0.481375 0.632109
vt 0.379000 0.632109
vt 0.393625 0.632109
vt 0.393625 0.696022
vt 0.379000 0.696022
vt 0.393625 0.632109
vt 0.408250 0.632109
vt 0.408250 0.696022
vt 0.393625 0.696022
vt 0.408250 0.632109
vt 0.422875 0.632109
vt 0.422875 0.696022
vt 0.408250 0.696022
vt 0.422875 0.632109
vt 0.437500 0.632109
vt 0.437500 0.696022
vt 0.422875 0.696022
vt 0.437500 0.632109
vt 0.452125 0.632109
vt 0.452125 0.696022
vt 0.437500 0.696022
vt 0.452125 0.632109
vt 0.466750 0.632109
vt 0.466750 0.696022
vt 0.452125 0.696022
vt 0.466750 0.632109
vt 0.481375 0.632109
vt 0.481375 0.696022
vt 0.466750 0.696022
vt 0.481375 0.632109
vt 0.496000 0.632109
vt 0.496000 0.696022
vt 0.481375 0.696022
vt 0.379000 0.696022
vt 0.393625 0.696022
vt 0.393625 0.764088
vt 0.379000 0.764088
vt 0.393625 0.696022
vt 0.408250 0.696022
vt 0.408250 0.764088
vt 0.393625 0.764088
vt 0.408250 0.696022
vt 0.422875 0.696022
vt 0.422875 0.764088
vt 0.408250 0.764088
vt 0.422875 0.696022
vt 0.437500 0.696022
vt 0.437500 0.764088
vt 0.422875 0.764088
vt 0.437500 0.696022
vt 0.452125 0.696022
vt 0.452125 0.764088
vt 0.437500 0.764088
vt 0.452125 0.696022
vt 0.466750 0.696022
vt 0.466750 0.764088
vt 0.452125 0.764088
vt 0.466750 0.696022
vt 0.481375 0.696022
vt 0.481375 0.764088
vt 0.466750 0.764088
vt 0.481375 0.696022
vt 0.496000 0.696022
vt 0.496000 0.764088
vt 0.481375 0.764088
vt 0.379000 0.764088
vt 0.393625 0.764088
vt 0.393625 0.837044
vt 0.379000 0.837044
vt 0.393625 0.764088
vt 0.408250 0.764088
vt 0.408250 0.837044
vt 0.393625 0.837044
vt 0.408250 0.764088
vt 0.422875 0.764088
vt 0.422875 0.837044
vt 0.408250 0.837044
vt 0.422875 0.764088
vt 0.437500 0.764088
vt 0.437500 0.837044
vt 0.422875 0.837044
vt 0.437500 0.764088
vt 0.452125 0.764088
vt 0.452125 0.837044
vt 0.437500 0.837044
vt 0.452125 0.764088
vt 0.466750 0.764088
vt 0.466750 0.837044
vt 0.452125 0.837044
vt 0.466750 0.764088
vt 0.481375 0.764088
vt 0.481375 0.837044
vt 0.466750 0.837044
vt 0.481375 0.764088
vt 0.496000 0.764088
vt 0.496000 0.837044
vt 0.481375 0.837044
vt 0.379000 0.837044
vt 0.393625 0.837044
vt 0.393625 0.915514
vt 0.379000 0.915514
vt 0.393625 0.837044
vt 0.408250 0.837044
vt 0.408250 0.915514
vt 0.393625 0.915514
vt 0.408250 0.837044
vt 0.422875 0.837044
vt 0.422875 0.915514
vt 0.408250 0.915514
vt 0.422875 0.837044
vt 0.437500 0.837044
vt 0.437500 0.915514
vt 0.422875 0.915514
vt 0.437500 0.837044
vt 0.452125 0.837044
vt 0.452125 0.915514
vt 0.437500 0.915514
vt 0.452125 0.837044
vt 0.466750 0.837044
vt 0.466750 0.915514
vt 0.452125 0.915514
vt 0.466750 0.837044
vt 0.481375 0.837044
vt 0.481375 0.915514
vt 0.466750 0.915514
vt 0.481375 0.837044
vt 0.496000 0.837044
vt 0.496000 0.915514
vt 0.481375 0.915514
vt 0.379000 0.915514
vt 0.393625 0.915514
vt 0.393625 1.000000
vt 0.379000 1.000000
vt 0.393625 0.915514
vt 0.408250 0.915514
vt 0.408250 1.000000
vt 0.393625 1.000000
vt 0.408250 0.915514
vt 0.422875 0.915514
vt 0.422875 1.000000
vt 0.408250 1.000000
vt 0.422875 0.915514
vt 0.437500 0.915514
vt 0.437500 1.000000
vt 0.422875 1.000000
vt 0.437500 0.915514
vt 0.452125 0.915514
vt 0.452125 1.000000
vt 0.437500 1.000000
vt 0.452125 0.915514
vt 0.466750 0.915514
vt 0.466750 1.000000
vt 0.452125 1.000000
vt 0.466750 0.915514
vt 0.481375 0.915514
vt 0.481375 1.000000
vt 0.466750 1.000000
vt 0.481375 0.915514
vt 0.496000 0.915514
vt 0.496000 1.000000
vt 0.481375 1.000000
vt 0.754000 0.000000
vt 0.765700 0.000000
vt 0.765700 0.066987
vt 0.754000 0.066987
vt 0.765700 0.000000
vt 0.777400 0.000000
vt 0.777400 0.066987
vt 0.765700 0.066987
vt 0.777400 0.000000
vt 0.789100 0.000000
vt 0.789100 0.066987
vt 0.777400 0.066987
vt 0.789100 0.000000
vt 0.800800 0.000000
vt 0.800800 0.066987
vt 0.789100 0.066987
vt 0.800800 0.000000
vt 0.812500 0.000000
vt 0.812500 0.066987
vt 0.800800 0.066987
vt 0.812500 0.000000
vt 0.824200 0.000000
vt 0.824200 0.066987
vt 0.812500 0.066987
vt 0.824200 0.000000
vt 0.835900 0.000000
vt 0.835900 0.066987
vt 0.824200 0.066987
vt 0.835900 0.000000
vt 0.847600 0.000000
vt 0.847600 0.066987
vt 0.835900 0.066987
vt 0.847600 0.000000
vt 0.859300 0.000000
vt 0.859300 0.066987
vt 0.847600 0.066987
vt 0.859300 0.000000
vt 0.871000 0.000000
vt 0.871000 0.066987
vt 0.859300 0.066987
vt 0.754000 0.066987
vt 0.765700 0.066987
vt 0.765700 0.250000
vt 0.754000 0.250000
vt 0.765700 0.066987
vt 0.777400 0.066987
vt 0.777400 0.250000
vt 0.765700 0.250000
vt 0.777400 0.066987
vt 0.789100 0.066987
vt 0.789100 0.250000
vt 0.777400 0.250000
vt 0.789100 0.066987
vt 0.800800 0.066987
vt 0.800800 0.250000
vt 0.789100 0.250000
vt 0.800800 0.066987
vt 0.812500 0.066987
vt 0.812500 0.250000
vt 0.800800 0.250000
vt 0.812500 0.066987
vt 0.824200 0.066987
vt 0.824200 0.250000
vt 0.812500 0.250000
vt 0.824200 0.066987
vt 0.835900 0.066987
vt 0.835900 0.250000
vt 0.824200 0.250000
vt 0.835900 0.066987
vt 0.847600 0.066987
vt 0.847600 0.250000
vt 0.835900 0.250000
vt 0.847600 0.066987
vt 0.859300 0.066987
vt 0.859300 0.250000
vt 0.847600 0.250000
vt 0.859300 0.066987
vt 0.871000 0.066987
vt 0.871000 0.250000
vt 0.859300 0.250000
vt 0.754000 0.250000
vt 0.765700 0.250000
vt 0.765700 0.500000
vt 0.754000 0.500000
vt 0.765700 0.250000
vt 0.777400 0.250000
vt 0.777400 0.500000
vt 0.765700 0.500000
vt 0.777400 0.250000
vt 0.789100 0.250000
vt 0.789100 0.500000
vt 0.777400 0.500000
vt 0.789100 0.250000
vt 0.800800 0.250000
vt 0.800800 0.500000
vt 0.789100 0.500000
vt 0.800800 0.250000
vt 0.812500 0.250000
vt 0.812500 0.500000
vt 0.800800 0.500000
vt 0.812500 0.250000
vt 0.824200 0.250000
vt 0.824200 0.500000
vt 0.812500 0.500000
vt 0.824200 0.250000
vt 0.835900 0.250000
vt 0.835900 0.500000
vt 0.824200 0.500000
vt 0.835900 0.250000
vt 0.847600 0.250000
vt 0.847600 0.500000
vt 0.835900 0.500000
vt 0.847600 0.250000
vt 0.859300 0.250000
vt 0.859300 0.500000
vt 0.847600 0.500000
vt 0.859300 0.250000
vt 0.871000 0.250000
vt 0.871000 0.500000
vt 0.859300 0.500000
vt 0.754000 0.500000
vt 0.765700 0.500000
vt 0.765700 0.750000
vt 0.754000 0.750000
vt 0.765700 0.500000
vt 0.777400 0.500000
vt 0.777400 0.750000
vt 0.765700 0.750000
vt 0.777400 0.500000
vt 0.789100 0.500000
vt 0.789100 0.750000
vt 0.777400 0.750000
vt 0.789100 0.500000
vt 0.800800 0.500000
vt 0.800800 0.750000
vt 0.789100 0.750000
vt 0.800800 0.500000
vt 0.812500 0.500000
vt 0.812500 0.750000
vt 0.800800 0.750000
vt 0.812500 0.500000
vt 0.824200 0.500000
vt 0.824200 0.750000
vt 0.812500 0.750000
vt 0.824200 0.500000
vt 0.835900 0.500000
vt 0.835900 0.750000
vt 0.824200 0.750000
vt 0.835900 0.500000
vt 0.847600 0.500000
vt 0.847600 0.750000
vt 0.835900 0.750000
vt 0.847600 0.500000
vt 0.859300 0.500000
vt 0.859300 0.750000
vt 0.847600 0.750000
vt 0.859300 0.500000
vt 0.871000 0.500000
vt 0.871000 0.750000
vt 0.859300 0.750000
vt 0.754000 0.750000
vt 0.765700 0.750000
vt 0.765700 0.933013
vt 0.754000 0.933013
vt 0.765700 0.750000
vt 0.777400 0.750000
vt 0.777400 0.933013
vt 0.765700 0.933013
vt 0.777400 0.750000
vt 0.789100 0.750000
vt 0.789100 0.933013
vt 0.777400 0.933013
vt 0.789100 0.750000
vt 0.800800 0.750000
vt 0.800800 0.933013
vt 0.789100 0.933013
vt 0.800800 0.750000
vt 0.812500 0.750000
vt 0.812500 0.933013
vt 0.800800 0.933013
vt 0.812500 0.750000
vt 0.824200 0.750000
vt 0.824200 0.933013
vt 0.812500 0.933013
vt 0.824200 0.750000
vt 0.835900 0.750000
vt 0.835900 0.933013
vt 0.824200 0.933013
vt 0.835900 0.750000
vt 0.847600 0.750000
vt 0.847600 0.933013
vt 0.835900 0.933013
vt 0.847600 0.750000
vt 0.859300 0.750000
vt 0.859300 0.933013
vt 0.847600 0.933013
vt 0.859300 0.750000
vt 0.871000 0.750000
vt 0.871000 0.933013
vt 0.859300 0.933013
vt 0.754000 0.933013
vt 0.765700 0.933013
vt 0.765700 1.000000
vt 0.754000 1.000000
vt 0.765700 0.933013
vt 0.777400 0.933013
vt 0.777400 1.000000
vt 0.765700 1.000000
vt 0.777400 0.933013
vt 0.789100 0.933013
vt 0.789100 1.000000
vt 0.777400 1.000000
vt 0.789100 0.933013
vt 0.800800 0.933013
vt 0.800800 1.000000
vt 0.789100 1.000000
vt 0.800800 0.933013
vt 0.812500 0.933013
vt 0.812500 1.000000
vt 0.800800 1.000000
vt 0.812500 0.933013
vt 0.824200 0.933013
vt 0.824200 1.000000
vt 0.812500 1.000000
vt 0.824200 0.933013
vt 0.835900 0.933013
vt 0.835900 1.000000
vt 0.824200 1.000000
vt 0.835900 0.933013
vt 0.847600 0.933013
vt 0.847600 1.000000
vt 0.835900 1.000000
vt 0.847600 0.933013
vt 0.859300 0.933013
vt 0.859300 1.000000
vt 0.847600 1.000000
vt 0.859300 0.933013
vt 0.871000 0.933013
vt 0.871000 1.000000
vt 0.859300 1.000000
vt 0.629000 0.000000
vt 0.640700 0.000000
vt 0.640700 0.066987
vt 0.629000 0.066987
vt 0.640700 0.000000
vt 0.652400 0.000000
vt 0.652400 0.066987
vt 0.640700 0.066987
vt 0.652400 0.000000
vt 0.664100 0.000000
vt 0.664100 0.066987
vt 0.652400 0.066987
vt 0.664100 0.000000
vt 0.675800 0.000000
vt 0.675800 0.066987
vt 0.664100 0.066987
vt 0.675800 0.000000
vt 0.687500 0.000000
vt 0.687500 0.066987
vt 0.675800 0.066987
vt 0.687500 0.000000
vt 0.699200 0.000000
vt 0.699200 0.066987
vt 0.687500 0.066987
vt 0.699200 0.000000
vt 0.710900 0.000000
vt 0.710900 0.066987
vt 0.699200 0.066987
vt 0.710900 0.000000
vt 0.722600 0.000000
vt 0.722600 0.066987
vt 0.710900 0.066987
vt 0.722600 0.000000
vt 0.734300 0.000000
vt 0.734300 0.066987
vt 0.722600 0.066987
vt 0.734300 0.000000
vt 0.746000 0.000000
vt 0.746000 0.066987
vt 0.734300 0.066987
vt 0.629000 0.066987
vt 0.640700 0.066987
vt 0.640700 0.250000
vt 0.629000 0.250000
vt 0.640700 0.066987
vt 0.652400 0.066987
vt 0.652400 0.250000
vt 0.640700 0.250000
vt 0.652400 0.066987
vt 0.664100 0.066987
vt 0.664100 0.250000
vt 0.652400 0.250000
vt 0.664100 0.066987
vt 0.675800 0.066987
vt 0.675800 0.250000
vt 0.664100 0.250000
vt 0.675800 0.066987
vt 0.687500 0.066987
vt 0.687500 0.250000
vt 0.675800 0.250000
vt 0.687500 0.066987
vt 0.699200 0.066987
vt 0.699200 0.250000
vt 0.687500 0.250000
vt 0.699200 0.066987
vt 0.710900 0.066987
vt 0.710900 0.250000
vt 0.699200 0.250000
vt 0.710900 0.066987
vt 0.722600 0.066987
vt 0.722600 0.250000
vt 0.710900 0.250000
vt 0.722600 0.066987
vt 0.734300 0.066987
vt 0.734300 0.250000
vt 0.722600 0.250000
vt 0.734300 0.066987
vt 0.746000 0.066987
vt 0.746000 0.250000
vt 0.734300 0.250000
vt 0.629000 0.250000
vt 0.640700 0.250000
vt 0.640700 0.500000
vt 0.629000 0.500000
vt 0.640700 0.250000
vt 0.652400 0.250000
vt 0.652400 0.500000
vt 0.640700 0.500000
vt 0.652400 0.250000
vt 0.664100 0.250000
vt 0.664100 0.500000
vt 0.652400 0.500000
vt 0.664100 0.250000
vt 0.675800 0.250000
vt 0.675800 0.500000
vt 0.664100 0.500000
vt 0.675800 0.250000
vt 0.687500 0.250000
vt 0.687500 0.500000
vt 0.675800 0.500000
vt 0.687500 0.250000
vt 0.699200 0.250000
vt 0.699200 0.500000
vt 0.687500 0.500000
vt 0.699200 0.250000
vt 0.710900 0.250000
vt 0.710900 0.500000
vt 0.699200 0.500000
vt 0.710900 0.250000
vt 0.722600 0.250000
vt 0.722600 0.500000
vt 0.710900 0.500000
vt 0.722600 0.250000
vt 0.734300 0.250000
vt 0.734300 0.500000
vt 0.722600 0.500000
vt 0.734300 0.250000
vt 0.746000 0.250000
vt 0.746000 0.500000
vt 0.734300 0.500000
vt 0.629000 0.500000
vt 0.640700 0.500000
vt 0.640700 0.750000
vt 0.629000 0.750000
vt 0.640700 0.500000
vt 0.652400 0.500000
vt 0.652400 0.750000
vt 0.640700 0.750000
vt 0.652400 0.500000
vt 0.664100 0.500000
vt 0.664100 0.750000
vt 0.652400 0.750000
vt 0.664100 0.500000
vt 0.675800 0.500000
vt 0.675800 0.750000
vt 0.664100 0.750000
vt 0.675800 0.500000
vt 0.687500 0.500000
vt 0.687500 0.750000
vt 0.675800 0.750000
vt 0.687500 0.500000
vt 0.699200 0.500000
vt 0.699200 0.750000
vt 0.687500 0.750000
vt 0.699200 0.500000
vt 0.710900 0.500000
vt 0.710900 0.750000
vt 0.699200 0.750000
vt 0.710900 0.500000
vt 0.722600 0.500000
vt 0.722600 0.750000
vt 0.710900 0.750000
vt 0.722600 0.500000
vt 0.734300 0.500000
vt 0.734300 0.750000
vt 0.722600 0.750000
vt 0.734300 0.500000
vt 0.746000 0.500000
vt 0.746000 0.750000
vt 0.734300 0.750000
vt 0.629000 0.750000
vt 0.640700 0.750000
vt 0.640700 0.933013
vt 0.629000 0.933013
vt 0.640700 0.750000
vt 0.652400 0.750000
vt 0.652400 0.933013
vt 0.640700 0.933013
vt 0.652400 0.750000
vt 0.664100 0.750000
vt 0.664100 0.933013
vt 0.652400 0.933013
vt 0.664100 0.750000
vt 0.675800 0.750000
vt 0.675800 0.933013
vt 0.664100 0.933013
vt 0.675800 0.750000
vt 0.687500 0.750000
vt 0.687500 0.933013
vt 0.675800 0.933013
vt 0.687500 0.750000
vt 0.699200 0.750000
vt 0.699200 0.933013
vt 0.687500 0.933013
vt 0.699200 0.750000
vt 0.710900 0.750000
vt 0.710900 0.933013
vt 0.699200 0.933013
vt 0.710900 0.750000
vt 0.722600 0.750000
vt 0.722600 0.933013
vt 0.710900 0.933013
vt 0.722600 0.750000
vt 0.734300 0.750000
vt 0.734300 0.933013
vt 0.722600 0.933013
vt 0.734300 0.750000
vt 0.746000 0.750000
vt 0.746000 0.933013
vt 0.734300 0.933013
vt 0.629000 0.933013
vt 0.640700 0.933013
vt 0.640700 1.000000
vt 0.629000 1.000000
vt 0.640700 0.933013
vt 0.652400 0.933013
vt 0.652400 1.000000
vt 0.640700 1.000000
vt 0.652400 0.933013
vt 0.664100 0.933013
vt 0.664100 1.000000
vt 0.652400 1.000000
vt 0.664100 0.933013
vt 0.675800 0.933013
vt 0.675800 1.000000
vt 0.664100 1.000000
vt 0.675800 0.933013
vt 0.687500 0.933013
vt 0.687500 1.000000
vt 0.675800 1.000000
vt 0.687500 0.933013
vt 0.699200 0.933013
vt 0.699200 1.000000
vt 0.687500 1.000000
vt 0.699200 0.933013
vt 0.710900 0.933013
vt 0.710900 1.000000
vt 0.699200 1.000000
vt 0.710900 0.933013
vt 0.722600 0.933013
vt 0.722600 1.000000
vt 0.710900 1.000000
vt 0.722600 0.933013
vt 0.734300 0.933013
vt 0.734300 1.000000
vt 0.722600 1.000000
vt 0.734300 0.933013
vt 0.746000 0.933013
vt 0.746000 1.000000
vt 0.734300 1.000000
vt 0.629000 0.000000
vt 0.640700 0.000000
vt 0.640700 0.066987
vt 0.629000 0.066987
vt 0.640700 0.000000
vt 0.652400 0.000000
vt 0.652400 0.066987
vt 0.640700 0.066987
vt 0.652400 0.000000
vt 0.664100 0.000000
vt 0.664100 0.066987
vt 0.652400 0.066987
vt 0.664100 0.000000
vt 0.675800 0.000000
vt 0.675800 0.066987
vt 0.664100 0.066987
vt 0.675800 0.000000
vt 0.687500 0.000000
vt 0.687500 0.066987
vt 0.675800 0.066987
vt 0.687500 0.000000
vt 0.699200 0.000000
vt 0.699200 0.066987
vt 0.687500 0.066987
vt 0.699200 0.000000
vt 0.710900 0.000000
vt 0.710900 0.066987
vt 0.699200 0.066987
vt 0.710900 0.000000
vt 0.722600 0.000000
vt 0.722600 0.066987
vt 0.710900 0.066987
vt 0.722600 0.000000
vt 0.734300 0.000000
vt 0.734300 0.066987
vt 0.722600 0.066987
vt 0.734300 0.000000
vt 0.746000 0.000000
vt 0.746000 0.066987
vt 0.734300 0.066987
vt 0.629000 0.066987
vt 0.640700 0.066987
vt 0.640700 0.250000
vt 0.629000 0.250000
vt 0.640700 0.066987
vt 0.652400 0.066987
vt 0.652400 0.250000
vt 0.640700 0.250000
vt 0.652400 0.066987
vt 0.664100 0.066987
vt 0.664100 0.250000
vt 0.652400 0.250000
vt 0.664100 0.066987
vt 0.675800 0.066987
vt 0.675800 0.250000
vt 0.664100 0.250000
vt 0.675800 0.066987
vt 0.687500 0.066987
vt 0.687500 0.250000
vt 0.675800 0.250000
vt 0.687500 0.066987
vt 0.699200 0.066987
vt 0.699200 0.250000
vt 0.687500 0.250000
vt 0.699200 0.066987
vt 0.710900 0.066987
vt 0.710900 0.250000
vt 0.699200 0.250000
vt 0.710900 0.066987
vt 0.722600 0.066987
vt 0.722600 0.250000
vt 0.710900 0.250000
vt 0.722600 0.066987
vt 0.734300 0.066987
vt 0.734300 0.250000
vt 0.722600 0.250000
vt 0.734300 0.066987
vt 0.746000 0.066987
vt 0.746000 0.250000
vt 0.734300 0.250000
vt 0.629000 0.250000
vt 0.640700 0.250000
vt 0.640700 0.500000
vt 0.629000 0.500000
vt 0.640700 0.250000
vt 0.652400 0.250000
vt 0.652400 0.500000
vt 0.640700 0.500000
vt 0.652400 0.250000
vt 0.664100 0.250000
vt 0.664100 0.500000
vt 0.652400 0.500000
vt 0.664100 0.250000
vt 0.675800 0.250000
vt 0.675800 0.500000
vt 0.664100 0.500000
vt 0.675800 0.250000
vt 0.687500 0.250000
vt 0.687500 0.500000
vt 0.675800 0.500000
vt 0.687500 0.250000
vt 0.699200 0.250000
vt 0.699200 0.500000
vt 0.687500 0.500000
vt 0.699200 0.250000
vt 0.710900 0.250000
vt 0.710900 0.500000
vt 0.699200 0.500000
vt 0.710900 0.250000
vt 0.722600 0.250000
vt 0.722600 0.500000
vt 0.710900 0.500000
vt 0.722600 0.250000
vt 0.734300 0.250000
vt 0.734300 0.500000
vt 0.722600 0.500000
vt 0.734300 0.250000
vt 0.746000 0.250000
vt 0.746000 0.500000
vt 0.734300 0.500000
vt 0.629000 0.500000
vt 0.640700 0.500000
vt 0.640700 0.750000
vt 0.629000 0.750000
vt 0.640700 0.500000
vt 0.652400 0.500000
vt 0.652400 0.750000
vt 0.640700 0.750000
vt 0.652400 0.500000
vt 0.664100 0.500000
vt 0.664100 0.750000
vt 0.652400 0.750000
vt 0.664100 0.500000
vt 0.675800 0.500000
vt 0.675800 0.750000
vt 0.664100 0.750000
vt 0.675800 0.500000
vt 0.687500 0.500000
vt 0.687500 0.750000
vt 0.675800 0.750000
vt 0.687500 0.500000
vt 0.699200 0.500000
vt 0.699200 0.750000
vt 0.687500 0.750000
vt 0.699200 0.500000
vt 0.710900 0.500000
vt 0.710900 0.750000
vt 0.699200 0.750000
vt 0.710900 0.500000
vt 0.722600 0.500000
vt 0.722600 0.750000
vt 0.710900 0.750000
vt 0.722600 0.500000
vt 0.734300 0.500000
vt 0.734300 0.750000
vt 0.722600 0.750000
vt 0.734300 0.500000
vt 0.746000 0.500000
vt 0.746000 0.750000
vt 0.734300 0.750000
vt 0.629000 0.750000
vt 0.640700 0.750000
vt 0.640700 0.933013
vt 0.629000 0.933013
vt 0.640700 0.750000
vt 0.652400 0.750000
vt 0.652400 0.933013
vt 0.640700 0.933013
vt 0.652400 0.750000
vt 0.664100 0.750000
vt 0.664100 0.933013
vt 0.652400 0.933013
vt 0.664100 0.750000
vt 0.675800 0.750000
vt 0.675800 0.933013
vt 0.664100 0.933013
vt 0.675800 0.750000
vt 0.687500 0.750000
vt 0.687500 0.933013
vt 0.675800 0.933013
vt 0.687500 0.750000
vt 0.699200 0.750000
vt 0.699200 0.933013
vt 0.687500 0.933013
vt 0.699200 0.750000
vt 0.710900 0.750000
vt 0.710900 0.933013
vt 0.699200 0.933013
vt 0.710900 0.750000
vt 0.722600 0.750000
vt 0.722600 0.933013
vt 0.710900 0.933013
vt 0.722600 0.750000
vt 0.734300 0.750000
vt 0.734300 0.933013
vt 0.722600 0.933013
vt 0.734300 0.750000
vt 0.746000 0.750000
vt 0.746000 0.933013
vt 0.734300 0.933013
vt 0.629000 0.933013
vt 0.640700 0.933013
vt 0.640700 1.000000
vt 0.629000 1.000000
vt 0.640700 0.933013
vt 0.652400 0.933013
vt 0.652400 1.000000
vt 0.640700 1.000000
vt 0.652400 0.933013
vt 0.664100 0.933013
vt 0.664100 1.000000
vt 0.652400 1.000000
vt 0.664100 0.933013
vt 0.675800 0.933013
vt 0.675800 1.000000
vt 0.664100 1.000000
vt 0.675800 0.933013
vt 0.687500 0.933013
vt 0.687500 1.000000
vt 0.675800 1.000000
vt 0.687500 0.933013
vt 0.699200 0.933013
vt 0.699200 1.000000
vt 0.687500 1.000000
vt 0.699200 0.933013
vt 0.710900 0.933013
vt 0.710900 1.000000
vt 0.699200 1.000000
vt 0.710900 0.933013
vt 0.722600 0.933013
vt 0.722600 1.000000
vt 0.710900 1.000000
vt 0.722600 0.933013
vt 0.734300 0.933013
vt 0.734300 1.000000
vt 0.722600 1.000000
vt 0.734300 0.933013
vt 0.746000 0.933013
vt 0.746000 1.000000
vt 0.734300 1.000000
vt 0.379000 0.000000
vt 0.388750 0.000000
vt 0.388750 0.333333
vt 0.379000 0.333333
vt 0.388750 0.000000
vt 0.398500 0.000000
vt 0.398500 0.333333
vt 0.388750 0.333333
vt 0.398500 0.000000
vt 0.408250 0.000000
vt 0.408250 0.333333
vt 0.398500 0.333333
vt 0.408250 0.000000
vt 0.418000 0.000000
vt 0.418000 0.333333
vt 0.408250 0.333333
vt 0.418000 0.000000
vt 0.427750 0.000000
vt 0.427750 0.333333
vt 0.418000 0.333333
vt 0.427750 0.000000
vt 0.437500 0.000000
vt 0.437500 0.333333
vt 0.427750 0.333333
vt 0.437500 0.000000
vt 0.447250 0.000000
vt 0.447250 0.333333
vt 0.437500 0.333333
vt 0.447250 0.000000
vt 0.457000 0.000000
vt 0.457000 0.333333
vt 0.447250 0.333333
vt 0.457000 0.000000
vt 0.466750 0.000000
vt 0.466750 0.333333
vt 0.457000 0.333333
vt 0.466750 0.000000
vt 0.476500 0.000000
vt 0.476500 0.333333
vt 0.466750 0.333333
vt 0.476500 0.000000
vt 0.486250 0.000000
vt 0.486250 0.333333
vt 0.476500 0.333333
vt 0.486250 0.000000
vt 0.496000 0.000000
vt 0.496000 0.333333
vt 0.486250 0.333333
vt 0.379000 0.333333
vt 0.388750 0.333333
vt 0.388750 1.000000
vt 0.379000 1.000000
vt 0.388750 0.333333
vt 0.398500 0.333333
vt 0.398500 1.000000
vt 0.388750 1.000000
vt 0.398500 0.333333
vt 0.408250 0.333333
vt 0.408250 1.000000
vt 0.398500 1.000000
vt 0.408250 0.333333
vt 0.418000 0.333333
vt 0.418000 1.000000
vt 0.408250 1.000000
vt 0.418000 0.333333
vt 0.427750 0.333333
vt 0.427750 1.000000
vt 0.418000 1.000000
vt 0.427750 0.333333
vt 0.437500 0.333333
vt 0.437500 1.000000
vt 0.427750 1.000000
vt 0.437500 0.333333
vt 0.447250 0.333333
vt 0.447250 1.000000
vt 0.437500 1.000000
vt 0.447250 0.333333
vt 0.457000 0.333333
vt 0.457000 1.000000
vt 0.447250 1.000000
vt 0.457000 0.333333
vt 0.466750 0.333333
vt 0.466750 1.000000
vt 0.457000 1.000000
vt 0.466750 0.333333
vt 0.476500 0.333333
vt 0.476500 1.000000
vt 0.466750 1.000000
vt 0.476500 0.333333
vt 0.486250 0.333333
vt 0.486250 1.000000
vt 0.476500 1.000000
vt 0.486250 0.333333
vt 0.496000 0.333333
vt 0.496000 1.000000
vt 0.486250 1.000000
vt 0.504000 0.000000
vt 0.513750 0.000000
vt 0.513750 0.173745
vt 0.504000 0.173745
vt 0.513750 0.000000
vt 0.523500 0.000000
vt 0.523500 0.173745
vt 0.513750 0.173745
vt 0.523500 0.000000
vt 0.533250 0.000000
vt 0.533250 0.173745
vt 0.523500 0.173745
vt 0.533250 0.000000
vt 0.543000 0.000000
vt 0.543000 0.173745
vt 0.533250 0.173745
vt 0.543000 0.000000
vt 0.552750 0.000000
vt 0.552750 0.173745
vt 0.543000 0.173745
vt 0.552750 0.000000
vt 0.562500 0.000000
vt 0.562500 0.173745
vt 0.552750 0.173745
vt 0.562500 0.000000
vt 0.572250 0.000000
vt 0.572250 0.173745
vt 0.562500 0.173745
vt 0.572250 0.000000
vt 0.582000 0.000000
vt 0.582000 0.173745
vt 0.572250 0.173745
vt 0.582000 0.000000
vt 0.591750 0.000000
vt 0.591750 0.173745
vt 0.582000 0.173745
vt 0.591750 0.000000
vt 0.601500 0.000000
vt 0.601500 0.173745
vt 0.591750 0.173745
vt 0.601500 0.000000
vt 0.611250 0.000000
vt 0.611250 0.173745
vt 0.601500 0.173745
vt 0.611250 0.000000
vt 0.621000 0.000000
vt 0.621000 0.173745
vt 0.611250 0.173745
vt 0.504000 0.173745
vt 0.513750 0.173745
vt 0.513750 0.521236
vt 0.504000 0.521236
vt 0.513750 0.173745
vt 0.523500 0.173745
vt 0.523500 0.521236
vt 0.513750 0.521236
vt 0.523500 0.173745
vt 0.533250 0.173745
vt 0.533250 0.521236
vt 0.523500 0.521236
vt 0.533250 0.173745
vt 0.543000 0.173745
vt 0.543000 0.521236
vt 0.533250 0.521236
vt 0.543000 0.173745
vt 0.552750 0.173745
vt 0.552750 0.521236
vt 0.543000 0.521236
vt 0.552750 0.173745
vt 0.562500 0.173745
vt 0.562500 0.521236
vt 0.552750 0.521236
vt 0.562500 0.173745
vt 0.572250 0.173745
vt 0.572250 0.521236
vt 0.562500 0.521236
vt 0.572250 0.173745
vt 0.582000 0.173745
vt 0.582000 0.521236
vt 0.572250 0.521236
vt 0.582000 0.173745
vt 0.591750 0.173745
vt 0.591750 0.521236
vt 0.582000 0.521236
vt 0.591750 0.173745
vt 0.601500 0.173745
vt 0.601500 0.521236
vt 0.591750 0.521236
vt 0.601500 0.173745
vt 0.611250 0.173745
vt 0.611250 0.521236
vt 0.601500 0.521236
vt 0.611250 0.173745
vt 0.621000 0.173745
vt 0.621000 0.521236
vt 0.611250 0.521236
vt 0.504000 0.521236
vt 0.513750 0.521236
vt 0.513750 0.868726
vt 0.504000 0.868726
vt 0.513750 0.521236
vt 0.523500 0.521236
vt 0.523500 0.868726
vt 0.513750 0.868726
vt 0.523500 0.521236
vt 0.533250 0.521236
vt 0.533250 0.868726
vt 0.523500 0.868726
vt 0.533250 0.521236
vt 0.543000 0.521236
vt 0.543000 0.868726
vt 0.533250 0.868726
vt 0.543000 0.521236
vt 0.552750 0.521236
vt 0.552750 0.868726
vt 0.543000 0.868726
vt 0.552750 0.521236
vt 0.562500 0.521236
vt 0.562500 0.868726
vt 0.552750 0.868726
vt 0.562500 0.521236
vt 0.572250 0.521236
vt 0.572250 0.868726
vt 0.562500 0.868726
vt 0.572250 0.521236
vt 0.582000 0.521236
vt 0.582000 0.868726
vt 0.572250 0.868726
vt 0.582000 0.521236
vt 0.591750 0.521236
vt 0.591750 0.868726
vt 0.582000 0.868726
vt 0.591750 0.521236
vt 0.601500 0.521236
vt 0.601500 0.868726
vt 0.591750 0.868726
vt 0.601500 0.521236
vt 0.611250 0.521236
vt 0.611250 0.868726
vt 0.601500 0.868726
vt 0.611250 0.521236
vt 0.621000 0.521236
vt 0.621000 0.868726
vt 0.611250 0.868726
vt 0.504000 0.868726
vt 0.513750 0.868726
vt 0.513750 1.000000
vt 0.504000 1.000000
vt 0.513750 0.868726
vt 0.523500 0.868726
vt 0.523500 1.000000
vt 0.513750 1.000000
vt 0.523500 0.868726
vt 0.533250 0.868726
vt 0.533250 1.000000
vt 0.523500 1.000000
vt 0.533250 0.868726
vt 0.543000 0.868726
vt 0.543000 1.000000
vt 0.533250 1.000000
vt 0.543000 0.868726
vt 0.552750 0.868726
vt 0.552750 1.000000
vt 0.543000 1.000000
vt 0.552750 0.868726
vt 0.562500 0.868726
vt 0.562500 1.000000
vt 0.552750 1.000000
vt 0.562500 0.868726
vt 0.572250 0.868726
vt 0.572250 1.000000
vt 0.562500 1.000000
vt 0.572250 0.868726
vt 0.582000 0.868726
vt 0.582000 1.000000
vt 0.572250 1.000000
vt 0.582000 0.868726
vt 0.591750 0.868726
vt 0.591750 1.000000
vt 0.582000 1.000000
vt 0.591750 0.868726
vt 0.601500 0.868726
vt 0.601500 1.000000
vt 0.591750 1.000000
vt 0.601500 0.868726
vt 0.611250 0.868726
vt 0.611250 1.000000
vt 0.601500 1.000000
vt 0.611250 0.868726
vt 0.621000 0.868726
vt 0.621000 1.000000
vt 0.611250 1.000000
vt 0.379000 0.000000
vt 0.402400 0.000000
vt 0.402400 0.005324
vt 0.379000 0.005324
vt 0.402400 0.000000
vt 0.425800 0.000000
vt 0.425800 0.005324
vt 0.402400 0.005324
vt 0.425800 0.000000
vt 0.449200 0.000000
vt 0.449200 0.005324
vt 0.425800 0.005324
vt 0.449200 0.000000
vt 0.472600 0.000000
vt 0.472600 0.005324
vt 0.449200 0.005324
vt 0.472600 0.000000
vt 0.496000 0.000000
vt 0.496000 0.005324
vt 0.472600 0.005324
vt 0.379000 0.005324
vt 0.402400 0.005324
vt 0.402400 0.010947
vt 0.379000 0.010947
vt 0.402400 0.005324
vt 0.425800 0.005324
vt 0.425800 0.010947
vt 0.402400 0.010947
vt 0.425800 0.005324
vt 0.449200 0.005324
vt 0.449200 0.010947
vt 0.425800 0.010947
vt 0.449200 0.005324
vt 0.472600 0.005324
vt 0.472600 0.010947
vt 0.449200 0.010947
vt 0.472600 0.005324
vt 0.496000 0.005324
vt 0.496000 0.010947
vt 0.472600 0.010947
vt 0.379000 0.010947
vt 0.402400 0.010947
vt 0.402400 0.016971
vt 0.379000 0.016971
vt 0.402400 0.010947
vt 0.425800 0.010947
vt 0.425800 0.016971
vt 0.402400 0.016971
vt 0.425800 0.010947
vt 0.449200 0.010947
vt 0.449200 0.016971
vt 0.425800 0.016971
vt 0.449200 0.010947
vt 0.472600 0.010947
vt 0.472600 0.016971
vt 0.449200 0.016971
vt 0.472600 0.010947
vt 0.496000 0.010947
vt 0.496000 0.016971
vt 0.472600 0.016971
vt 0.379000 0.016971
vt 0.402400 0.016971
vt 0.402400 0.023275
vt 0.379000 0.023275
vt 0.402400 0.016971
vt 0.425800 0.016971
vt 0.425800 0.023275
vt 0.402400 0.023275
vt 0.425800 0.016971
vt 0.449200 0.016971
vt 0.449200 0.023275
vt 0.425800 0.023275
vt 0.449200 0.016971
vt 0.472600 0.016971
vt 0.472600 0.023275
vt 0.449200 0.023275
vt 0.472600 0.016971
vt 0.496000 0.016971
vt 0.496000 0.023275
vt 0.472600 0.023275
vt 0.379000 0.023275
vt 0.402400 0.023275
vt 0.402400 0.029603
vt 0.379000 0.029603
vt 0.402400 0.023275
vt 0.425800 0.023275
vt 0.425800 0.029603
vt 0.402400 0.029603
vt 0.425800 0.023275
vt 0.449200 0.023275
vt 0.449200 0.029603
vt 0.425800 0.029603
vt 0.449200 0.023275
vt 0.472600 0.023275
vt 0.472600 0.029603
vt 0.449200 0.029603
vt 0.472600 0.023275
vt 0.496000 0.023275
vt 0.496000 0.029603
vt 0.472600 0.029603
vt 0.379000 0.029603
vt 0.402400 0.029603
vt 0.402400 0.035692
vt 0.379000 0.035692
vt 0.402400 0.029603
vt 0.425800 0.029603
vt 0.425800 0.035692
vt 0.402400 0.035692
vt 0.425800 0.029603
vt 0.449200 0.029603
vt 0.449200 0.035692
vt 0.425800 0.035692
vt 0.449200 0.029603
vt 0.472600 0.029603
vt 0.472600 0.035692
vt 0.449200 0.035692
vt 0.472600 0.029603
vt 0.496000 0.029603
vt 0.496000 0.035692
vt 0.472600 0.035692
vt 0.379000 0.035692
vt 0.402400 0.035692
vt 0.402400 0.041410
vt 0.379000 0.041410
vt 0.402400 0.035692
vt 0.425800 0.035692
vt 0.425800 0.041410
vt 0.402400 0.041410
vt 0.425800 0.035692
vt 0.449200 0.035692
vt 0.449200 0.041410
vt 0.425800 0.041410
vt 0.449200 0.035692
vt 0.472600 0.035692
vt 0.472600 0.041410
vt 0.449200 0.041410
vt 0.472600 0.035692
vt 0.496000 0.035692
vt 0.496000 0.041410
vt 0.472600 0.041410
vt 0.379000 0.041410
vt 0.402400 0.041410
vt 0.402400 0.046846
vt 0.379000 0.046846
vt 0.402400 0.041410
vt 0.425800 0.041410
vt 0.425800 0.046846
vt 0.402400 0.046846
vt 0.425800 0.041410
vt 0.449200 0.041410
vt 0.449200 0.046846
vt 0.425800 0.046846
vt 0.449200 0.041410
vt 0.472600 0.041410
vt 0.472600 0.046846
vt 0.449200 0.046846
vt 0.472600 0.041410
vt 0.496000 0.041410
vt 0.496000 0.046846
vt 0.472600 0.046846
vt 0.379000 0.046846
vt 0.402400 0.046846
vt 0.402400 0.052292
vt 0.379000 0.052292
vt 0.402400 0.046846
vt 0.425800 0.046846
vt 0.425800 0.052292
vt 0.402400 0.052292
vt 0.425800 0.046846
vt 0.449200 0.046846
vt 0.449200 0.052292
vt 0.425800 0.052292
vt 0.449200 0.046846
vt 0.472600 0.046846
vt 0.472600 0.052292
vt 0.449200 0.052292
vt 0.472600 0.046846
vt 0.496000 0.046846
vt 0.496000 0.052292
vt 0.472600 0.052292
vt 0.379000 0.052292
vt 0.402400 0.052292
vt 0.402400 0.058044
vt 0.379000 0.058044
vt 0.402400 0.052292
vt 0.425800 0.052292
vt 0.425800 0.058044
vt 0.402400 0.058044
vt 0.425800 0.052292
vt 0.449200 0.052292
vt 0.449200 0.058044
vt 0.425800 0.058044
vt 0.449200 0.052292
vt 0.472600 0.052292
vt 0.472600 0.058044
vt 0.449200 0.058044
vt 0.472600 0.052292
vt 0.496000 0.052292
vt 0.496000 0.058044
vt 0.472600 0.058044
vt 0.379000 0.058044
vt 0.402400 0.058044
vt 0.402400 0.064207
vt 0.379000 0.064207
vt 0.402400 0.058044
vt 0.425800 0.058044
vt 0.425800 0.064207
vt 0.402400 0.064207
vt 0.425800 0.058044
vt 0.449200 0.058044
vt 0.449200 0.064207
vt 0.425800 0.064207
vt 0.449200 0.058044
vt 0.472600 0.058044
vt 0.472600 0.064207
vt 0.449200 0.064207
vt 0.472600 0.058044
vt 0.496000 0.058044
vt 0.496000 0.064207
vt 0.472600 0.064207
vt 0.379000 0.064207
vt 0.402400 0.064207
vt 0.402400 0.070655
vt 0.379000 0.070655
vt 0.402400 0.064207
vt 0.425800 0.064207
vt 0.425800 0.070655
vt 0.402400 0.070655
vt 0.425800 0.064207
vt 0.449200 0.064207
vt 0.449200 0.070655
vt 0.425800 0.070655
vt 0.449200 0.064207
vt 0.472600 0.064207
vt 0.472600 0.070655
vt 0.449200 0.070655
vt 0.472600 0.064207
vt 0.496000 0.064207
vt 0.496000 0.070655
vt 0.472600 0.070655
vt 0.379000 0.070655
vt 0.402400 0.070655
vt 0.402400 0.077127
vt 0.379000 0.077127
vt 0.402400 0.070655
vt 0.425800 0.070655
vt 0.425800 0.077127
vt 0.402400 0.077127
vt 0.425800 0.070655
vt 0.449200 0.070655
vt 0.449200 0.077127
vt 0.425800 0.077127
vt 0.449200 0.070655
vt 0.472600 0.070655
vt 0.472600 0.077127
vt 0.449200 0.077127
vt 0.472600 0.070655
vt 0.496000 0.070655
vt 0.496000 0.077127
vt 0.472600 0.077127
vt 0.379000 0.077127
vt 0.402400 0.077127
vt 0.402400 0.083354
vt 0.379000 0.083354
vt 0.402400 0.077127
vt 0.425800 0.077127
vt 0.425800 0.083354
vt 0.402400 0.083354
vt 0.425800 0.077127
vt 0.449200 0.077127
vt 0.449200 0.083354
vt 0.425800 0.083354
vt 0.449200 0.077127
vt 0.472600 0.077127
vt 0.472600 0.083354
vt 0.449200 0.083354
vt 0.472600 0.077127
vt 0.496000 0.077127
vt 0.496000 0.083354
vt 0.472600 0.083354
vt 0.379000 0.083354
vt 0.402400 0.083354
vt 0.402400 0.089201
vt 0.379000 0.089201
vt 0.402400 0.083354
vt 0.425800 0.083354
vt 0.425800 0.089201
vt 0.402400 0.089201
vt 0.425800 0.083354
vt 0.449200 0.083354
vt 0.449200 0.089201
vt 0.425800 0.089201
vt 0.449200 0.083354
vt 0.472600 0.083354
vt 0.472600 0.089201
vt 0.449200 0.089201
vt 0.472600 0.083354
vt 0.496000 0.083354
vt 0.496000 0.089201
vt 0.472600 0.089201
vt 0.379000 0.089201
vt 0.402400 0.089201
vt 0.402400 0.094760
vt 0.379000 0.094760
vt 0.402400 0.089201
vt 0.425800 0.089201
vt 0.425800 0.094760
vt 0.402400 0.094760
vt 0.425800 0.089201
vt 0.449200 0.089201
vt 0.449200 0.094760
vt 0.425800 0.094760
vt 0.449200 0.089201
vt 0.472600 0.089201
vt 0.472600 0.094760
vt 0.449200 0.094760
vt 0.472600 0.089201
vt 0.496000 0.089201
vt 0.496000 0.094760
vt 0.472600 0.094760
vt 0.379000 0.094760
vt 0.402400 0.094760
vt 0.402400 0.100328
vt 0.379000 0.100328
vt 0.402400 0.094760
vt 0.425800 0.094760
vt 0.425800 0.100328
vt 0.402400 0.100328
vt 0.425800 0.094760
vt 0.449200 0.094760
vt 0.449200 0.100328
vt 0.425800 0.100328
vt 0.449200 0.094760
vt 0.472600 0.094760
vt 0.472600 0.100328
vt 0.449200 0.100328
vt 0.472600 0.094760
vt 0.496000 0.094760
vt 0.496000 0.100328
vt 0.472600 0.100328
vt 0.379000 0.100328
vt 0.402400 0.100328
vt 0.402400 0.106208
vt 0.379000 0.106208
vt 0.402400 0.100328
vt 0.425800 0.100328
vt 0.425800 0.106208
vt 0.402400 0.106208
vt 0.425800 0.100328
vt 0.449200 0.100328
vt 0.449200 0.106208
vt 0.425800 0.106208
vt 0.449200 0.100328
vt 0.472600 0.100328
vt 0.472600 0.106208
vt 0.449200 0.106208
vt 0.472600 0.100328
vt 0.496000 0.100328
vt 0.496000 0.106208
vt 0.472600 0.106208
vt 0.379000 0.106208
vt 0.402400 0.106208
vt 0.402400 0.112509
vt 0.379000 0.112509
vt 0.402400 0.106208
vt 0.425800 0.106208
vt 0.425800 0.112509
vt 0.402400 0.112509
vt 0.425800 0.106208
vt 0.449200 0.106208
vt 0.449200 0.112509
vt 0.425800 0.112509
vt 0.449200 0.106208
vt 0.472600 0.106208
vt 0.472600 0.112509
vt 0.449200 0.112509
vt 0.472600 0.106208
vt 0.496000 0.106208
vt 0.496000 0.112509
vt 0.472600 0.112509
vt 0.379000 0.112509
vt 0.402400 0.112509
vt 0.402400 0.119102
vt 0.379000 0.119102
vt 0.402400 0.112509
vt 0.425800 0.112509
vt 0.425800 0.119102
vt 0.402400 0.119102
vt 0.425800 0.112509
vt 0.449200 0.112509
vt 0.449200 0.119102
vt 0.425800 0.119102
vt 0.449200 0.112509
vt 0.472600 0.112509
vt 0.472600 0.119102
vt 0.449200 0.119102
vt 0.472600 0.112509
vt 0.496000 0.112509
vt 0.496000 0.119102
vt 0.472600 0.119102
vt 0.379000 0.119102
vt 0.402400 0.119102
vt 0.402400 0.125718
vt 0.379000 0.125718
vt 0.402400 0.119102
vt 0.425800 0.119102
vt 0.425800 0.125718
vt 0.402400 0.125718
vt 0.425800 0.119102
vt 0.449200 0.119102
vt 0.449200 0.125718
vt 0.425800 0.125718
vt 0.449200 0.119102
vt 0.472600 0.119102
vt 0.472600 0.125718
vt 0.449200 0.125718
vt 0.472600 0.119102
vt 0.496000 0.119102
vt 0.496000 0.125718
vt 0.472600 0.125718
vt 0.379000 0.125718
vt 0.402400 0.125718
vt 0.402400 0.132084
vt 0.379000 0.132084
vt 0.402400 0.125718
vt 0.425800 0.125718
vt 0.425800 0.132084
vt 0.402400 0.132084
vt 0.425800 0.125718
vt 0.449200 0.125718
vt 0.449200 0.132084
vt 0.425800 0.132084
vt 0.449200 0.125718
vt 0.472600 0.125718
vt 0.472600 0.132084
vt 0.449200 0.132084
vt 0.472600 0.125718
vt 0.496000 0.125718
vt 0.496000 0.132084
vt 0.472600 0.132084
vt 0.379000 0.132084
vt 0.402400 0.132084
vt 0.402400 0.138060
vt 0.379000 0.138060
vt 0.402400 0.132084
vt 0.425800 0.132084
vt 0.425800 0.138060
vt 0.402400 0.138060
vt 0.425800 0.132084
vt 0.449200 0.132084
vt 0.449200 0.138060
vt 0.425800 0.138060
vt 0.449200 0.132084
vt 0.472600 0.132084
vt 0.472600 0.138060
vt 0.449200 0.138060
vt 0.472600 0.132084
vt 0.496000 0.132084
vt 0.496000 0.138060
vt 0.472600 0.138060
vt 0.379000 0.138060
vt 0.402400 0.138060
vt 0.402400 0.143738
vt 0.379000 0.143738
vt 0.402400 0.138060
vt 0.425800 0.138060
vt 0.425800 0.143738
vt 0.402400 0.143738
vt 0.425800 0.138060
vt 0.449200 0.138060
vt 0.449200 0.143738
vt 0.425800 0.143738
vt 0.449200 0.138060
vt 0.472600 0.138060
vt 0.472600 0.143738
vt 0.449200 0.143738
vt 0.472600 0.138060
vt 0.496000 0.138060
vt 0.496000 0.143738
vt 0.472600 0.143738
vt 0.379000 0.143738
vt 0.402400 0.143738
vt 0.402400 0.149423
vt 0.379000 0.149423
vt 0.402400 0.143738
vt 0.425800 0.143738
vt 0.425800 0.149423
vt 0.402400 0.149423
vt 0.425800 0.143738
vt 0.449200 0.143738
vt 0.449200 0.149423
vt 0.425800 0.149423
vt 0.449200 0.143738
vt 0.472600 0.143738
vt 0.472600 0.149423
vt 0.449200 0.149423
vt 0.472600 0.143738
vt 0.496000 0.143738
vt 0.496000 0.149423
vt 0.472600 0.149423
vt 0.379000 0.149423
vt 0.402400 0.149423
vt 0.402400 0.155421
vt 0.379000 0.155421
vt 0.402400 0.149423
vt 0.425800 0.149423
vt 0.425800 0.155421
vt 0.402400 0.155421
vt 0.425800 0.149423
vt 0.449200 0.149423
vt 0.449200 0.155421
vt 0.425800 0.155421
vt 0.449200 0.149423
vt 0.472600 0.149423
vt 0.472600 0.155421
vt 0.449200 0.155421
vt 0.472600 0.149423
vt 0.496000 0.149423
vt 0.496000 0.155421
vt 0.472600 0.155421
vt 0.379000 0.155421
vt 0.402400 0.155421
vt 0.402400 0.161838
vt 0.379000 0.161838
vt 0.402400 0.155421
vt 0.425800 0.155421
vt 0.425800 0.161838
vt 0.402400 0.161838
vt 0.425800 0.155421
vt 0.449200 0.155421
vt 0.449200 0.161838
vt 0.425800 0.161838
vt 0.449200 0.155421
vt 0.472600 0.155421
vt 0.472600 0.161838
vt 0.449200 0.161838
vt 0.472600 0.155421
vt 0.496000 0.155421
vt 0.496000 0.161838
vt 0.472600 0.161838
vt 0.379000 0.161838
vt 0.402400 0.161838
vt 0.402400 0.168541
vt 0.379000 0.168541
vt 0.402400 0.161838
vt 0.425800 0.161838
vt 0.425800 0.168541
vt 0.402400 0.168541
vt 0.425800 0.161838
vt 0.449200 0.161838
vt 0.449200 0.168541
vt 0.425800 0.168541
vt 0.449200 0.161838
vt 0.472600 0.161838
vt 0.472600 0.168541
vt 0.449200 0.168541
vt 0.472600 0.161838
vt 0.496000 0.161838
vt 0.496000 0.168541
vt 0.472600 0.168541
vt 0.379000 0.168541
vt 0.402400 0.168541
vt 0.402400 0.175257
vt 0.379000 0.175257
vt 0.402400 0.168541
vt 0.425800 0.168541
vt 0.425800 0.175257
vt 0.402400 0.175257
vt 0.425800 0.168541
vt 0.449200 0.168541
vt 0.449200 0.175257
vt 0.425800 0.175257
vt 0.449200 0.168541
vt 0.472600 0.168541
vt 0.472600 0.175257
vt 0.449200 0.175257
vt 0.472600 0.168541
vt 0.496000 0.168541
vt 0.496000 0.175257
vt 0.472600 0.175257
vt 0.379000 0.175257
vt 0.402400 0.175257
vt 0.402400 0.181706
vt 0.379000 0.181706
vt 0.402400 0.175257
vt 0.425800 0.175257
vt 0.425800 0.181706
vt 0.402400 0.181706
vt 0.425800 0.175257
vt 0.449200 0.175257
vt 0.449200 0.181706
vt 0.425800 0.181706
vt 0.449200 0.175257
vt 0.472600 0.175257
vt 0.472600 0.181706
vt 0.449200 0.181706
vt 0.472600 0.175257
vt 0.496000 0.175257
vt 0.496000 0.181706
vt 0.472600 0.181706
vt 0.379000 0.181706
vt 0.402400 0.181706
vt 0.402400 0.187752
vt 0.379000 0.187752
vt 0.402400 0.181706
vt 0.425800 0.181706
vt 0.425800 0.187752
vt 0.402400 0.187752
vt 0.425800 0.181706
vt 0.449200 0.181706
vt 0.449200 0.187752
vt 0.425800 0.187752
vt 0.449200 0.181706
vt 0.472600 0.181706
vt 0.472600 0.187752
vt 0.449200 0.187752
vt 0.472600 0.181706
vt 0.496000 0.181706
vt 0.496000 0.187752
vt 0.472600 0.187752
vt 0.379000 0.187752
vt 0.402400 0.187752
vt 0.402400 0.193493
vt 0.379000 0.193493
vt 0.402400 0.187752
vt 0.425800 0.187752
vt 0.425800 0.193493
vt 0.402400 0.193493
vt 0.425800 0.187752
vt 0.449200 0.187752
vt 0.449200 0.193493
vt 0.425800 0.193493
vt 0.449200 0.187752
vt 0.472600 0.187752
vt 0.472600 0.193493
vt 0.449200 0.193493
vt 0.472600 0.187752
vt 0.496000 0.187752
vt 0.496000 0.193493
vt 0.472600 0.193493
vt 0.379000 0.193493
vt 0.402400 0.193493
vt 0.402400 0.199238
vt 0.379000 0.199238
vt 0.402400 0.193493
vt 0.425800 0.193493
vt 0.425800 0.199238
vt 0.402400 0.199238
vt 0.425800 0.193493
vt 0.449200 0.193493
vt 0.449200 0.199238
vt 0.425800 0.199238
vt 0.449200 0.193493
vt 0.472600 0.193493
vt 0.472600 0.199238
vt 0.449200 0.199238
vt 0.472600 0.193493
vt 0.496000 0.193493
vt 0.496000 0.199238
vt 0.472600 0.199238
vt 0.379000 0.199238
vt 0.402400 0.199238
vt 0.402400 0.205301
vt 0.379000 0.205301
vt 0.402400 0.199238
vt 0.425800 0.199238
vt 0.425800 0.205301
vt 0.402400 0.205301
vt 0.425800 0.199238
vt 0.449200 0.199238
vt 0.449200 0.205301
vt 0.425800 0.205301
vt 0.449200 0.199238
vt 0.472600 0.199238
vt 0.472600 0.205301
vt 0.449200 0.205301
vt 0.472600 0.199238
vt 0.496000 0.199238
vt 0.496000 0.205301
vt 0.472600 0.205301
vt 0.379000 0.205301
vt 0.402400 0.205301
vt 0.402400 0.211787
vt 0.379000 0.211787
vt 0.402400 0.205301
vt 0.425800 0.205301
vt 0.425800 0.211787
vt 0.402400 0.211787
vt 0.425800 0.205301
vt 0.449200 0.205301
vt 0.449200 0.211787
vt 0.425800 0.211787
vt 0.449200 0.205301
vt 0.472600 0.205301
vt 0.472600 0.211787
vt 0.449200 0.211787
vt 0.472600 0.205301
vt 0.496000 0.205301
vt 0.496000 0.211787
vt 0.472600 0.211787
vt 0.379000 0.211787
vt 0.402400 0.211787
vt 0.402400 0.218563
vt 0.379000 0.218563
vt 0.402400 0.211787
vt 0.425800 0.211787
vt 0.425800 0.218563
vt 0.402400 0.218563
vt 0.425800 0.211787
vt 0.449200 0.211787
vt 0.449200 0.218563
vt 0.425800 0.218563
vt 0.449200 0.211787
vt 0.472600 0.211787
vt 0.472600 0.218563
vt 0.449200 0.218563
vt 0.472600 0.211787
vt 0.496000 0.211787
vt 0.496000 0.218563
vt 0.472600 0.218563
vt 0.379000 0.218563
vt 0.402400 0.218563
vt 0.402400 0.225350
vt 0.379000 0.225350
vt 0.402400 0.218563
vt 0.425800 0.218563
vt 0.425800 0.225350
vt 0.402400 0.225350
vt 0.425800 0.218563
vt 0.449200 0.218563
vt 0.449200 0.225350
vt 0.425800 0.225350
vt 0.449200 0.218563
vt 0.472600 0.218563
vt 0.472600 0.225350
vt 0.449200 0.225350
vt 0.472600 0.218563
vt 0.496000 0.218563
vt 0.496000 0.225350
vt 0.472600 0.225350
vt 0.379000 0.225350
vt 0.402400 0.225350
vt 0.402400 0.231869
vt 0.379000 0.231869
vt 0.402400 0.225350
vt 0.425800 0.225350
vt 0.425800 0.231869
vt 0.402400 0.231869
vt 0.425800 0.225350
vt 0.449200 0.225350
vt 0.449200 0.231869
vt 0.425800 0.231869
vt 0.449200 0.225350
vt 0.472600 0.225350
vt 0.472600 0.231869
vt 0.449200 0.231869
vt 0.472600 0.225350
vt 0.496000 0.225350
vt 0.496000 0.231869
vt 0.472600 0.231869
vt 0.379000 0.231869
vt 0.402400 0.231869
vt 0.402400 0.237979
vt 0.379000 0.237979
vt 0.402400 0.231869
vt 0.425800 0.231869
vt 0.425800 0.237979
vt 0.402400 0.237979
vt 0.425800 0.231869
vt 0.449200 0.231869
vt 0.449200 0.237979
vt 0.425800 0.237979
vt 0.449200 0.231869
vt 0.472600 0.231869
vt 0.472600 0.237979
vt 0.449200 0.237979
vt 0.472600 0.231869
vt 0.496000 0.231869
vt 0.496000 0.237979
vt 0.472600 0.237979
vt 0.379000 0.237979
vt 0.402400 0.237979
vt 0.402400 0.243781
vt 0.379000 0.243781
vt 0.402400 0.237979
vt 0.425800 0.237979
vt 0.425800 0.243781
vt 0.402400 0.243781
vt 0.425800 0.237979
vt 0.449200 0.237979
vt 0.449200 0.243781
vt 0.425800 0.243781
vt 0.449200 0.237979
vt 0.472600 0.237979
vt 0.472600 0.243781
vt 0.449200 0.243781
vt 0.472600 0.237979
vt 0.496000 0.237979
vt 0.496000 0.243781
vt 0.472600 0.243781
vt 0.379000 0.243781
vt 0.402400 0.243781
vt 0.402400 0.249588
vt 0.379000 0.249588
vt 0.402400 0.243781
vt 0.425800 0.243781
vt 0.425800 0.249588
vt 0.402400 0.249588
vt 0.425800 0.243781
vt 0.449200 0.243781
vt 0.449200 0.249588
vt 0.425800 0.249588
vt 0.449200 0.243781
vt 0.472600 0.243781
vt 0.472600 0.249588
vt 0.449200 0.249588
vt 0.472600 0.243781
vt 0.496000 0.243781
vt 0.496000 0.249588
vt 0.472600 0.249588
vt 0.379000 0.249588
vt 0.402400 0.249588
vt 0.402400 0.255715
vt 0.379000 0.255715
vt 0.402400 0.249588
vt 0.425800 0.249588
vt 0.425800 0.255715
vt 0.402400 0.255715
vt 0.425800 0.249588
vt 0.449200 0.249588
vt 0.449200 0.255715
vt 0.425800 0.255715
vt 0.449200 0.249588
vt 0.472600 0.249588
vt 0.472600 0.255715
vt 0.449200 0.255715
vt 0.472600 0.249588
vt 0.496000 0.249588
vt 0.496000 0.255715
vt 0.472600 0.255715
vt 0.379000 0.255715
vt 0.402400 0.255715
vt 0.402400 0.262270
vt 0.379000 0.262270
vt 0.402400 0.255715
vt 0.425800 0.255715
vt 0.425800 0.262270
vt 0.402400 0.262270
vt 0.425800 0.255715
vt 0.449200 0.255715
vt 0.449200 0.262270
vt 0.425800 0.262270
vt 0.449200 0.255715
vt 0.472600 0.255715
vt 0.472600 0.262270
vt 0.449200 0.262270
vt 0.472600 0.255715
vt 0.496000 0.255715
vt 0.496000 0.262270
vt 0.472600 0.262270
vt 0.379000 0.262270
vt 0.402400 0.262270
vt 0.402400 0.269119
vt 0.379000 0.269119
vt 0.402400 0.262270
vt 0.425800 0.262270
vt 0.425800 0.269119
vt 0.402400 0.269119
vt 0.425800 0.262270
vt 0.449200 0.262270
vt 0.449200 0.269119
vt 0.425800 0.269119
vt 0.449200 0.262270
vt 0.472600 0.262270
vt 0.472600 0.269119
vt 0.449200 0.269119
vt 0.472600 0.262270
vt 0.496000 0.262270
vt 0.496000 0.269119
vt 0.472600 0.269119
vt 0.379000 0.269119
vt 0.402400 0.269119
vt 0.402400 0.275978
vt 0.379000 0.275978
vt 0.402400 0.269119
vt 0.425800 0.269119
vt 0.425800 0.275978
vt 0.402400 0.275978
vt 0.425800 0.269119
vt 0.449200 0.269119
vt 0.449200 0.275978
vt 0.425800 0.275978
vt 0.449200 0.269119
vt 0.472600 0.269119
vt 0.472600 0.275978
vt 0.449200 0.275978
vt 0.472600 0.269119
vt 0.496000 0.269119
vt 0.496000 0.275978
vt 0.472600 0.275978
vt 0.379000 0.275978
vt 0.402400 0.275978
vt 0.402400 0.282567
vt 0.379000 0.282567
vt 0.402400 0.275978
vt 0.425800 0.275978
vt 0.425800 0.282567
vt 0.402400 0.282567
vt 0.425800 0.275978
vt 0.449200 0.275978
vt 0.449200 0.282567
vt 0.425800 0.282567
vt 0.449200 0.275978
vt 0.472600 0.275978
vt 0.472600 0.282567
vt 0.449200 0.282567
vt 0.472600 0.275978
vt 0.496000 0.275978
vt 0.496000 0.282567
vt 0.472600 0.282567
vt 0.379000 0.282567
vt 0.402400 0.282567
vt 0.402400 0.288741
vt 0.379000 0.288741
vt 0.402400 0.282567
vt 0.425800 0.282567
vt 0.425800 0.288741
vt 0.402400 0.288741
vt 0.425800 0.282567
vt 0.449200 0.282567
vt 0.449200 0.288741
vt 0.425800 0.288741
vt 0.449200 0.282567
vt 0.472600 0.282567
vt 0.472600 0.288741
vt 0.449200 0.288741
vt 0.472600 0.282567
vt 0.496000 0.282567
vt 0.496000 0.288741
vt 0.472600 0.288741
vt 0.379000 0.288741
vt 0.402400 0.288741
vt 0.402400 0.294604
vt 0.379000 0.294604
vt 0.402400 0.288741
vt 0.425800 0.288741
vt 0.425800 0.294604
vt 0.402400 0.294604
vt 0.425800 0.288741
vt 0.449200 0.288741
vt 0.449200 0.294604
vt 0.425800 0.294604
vt 0.449200 0.288741
vt 0.472600 0.288741
vt 0.472600 0.294604
vt 0.449200 0.294604
vt 0.472600 0.288741
vt 0.496000 0.288741
vt 0.496000 0.294604
vt 0.472600 0.294604
vt 0.379000 0.294604
vt 0.402400 0.294604
vt 0.402400 0.300472
vt 0.379000 0.300472
vt 0.402400 0.294604
vt 0.425800 0.294604
vt 0.425800 0.300472
vt 0.402400 0.300472
vt 0.425800 0.294604
vt 0.449200 0.294604
vt 0.449200 0.300472
vt 0.425800 0.300472
vt 0.449200 0.294604
vt 0.472600 0.294604
vt 0.472600 0.300472
vt 0.449200 0.300472
vt 0.472600 0.294604
vt 0.496000 0.294604
vt 0.496000 0.300472
vt 0.472600 0.300472
vt 0.379000 0.300472
vt 0.402400 0.300472
vt 0.402400 0.306663
vt 0.379000 0.306663
vt 0.402400 0.300472
vt 0.425800 0.300472
vt 0.425800 0.306663
vt 0.402400 0.306663
vt 0.425800 0.300472
vt 0.449200 0.300472
vt 0.449200 0.306663
vt 0.425800 0.306663
vt 0.449200 0.300472
vt 0.472600 0.300472
vt 0.472600 0.306663
vt 0.449200 0.306663
vt 0.472600 0.300472
vt 0.496000 0.300472
vt 0.496000 0.306663
vt 0.472600 0.306663
vt 0.379000 0.306663
vt 0.402400 0.306663
vt 0.402400 0.313288
vt 0.379000 0.313288
vt 0.402400 0.306663
vt 0.425800 0.306663
vt 0.425800 0.313288
vt 0.402400 0.313288
vt 0.425800 0.306663
vt 0.449200 0.306663
vt 0.449200 0.313288
vt 0.425800 0.313288
vt 0.449200 0.306663
vt 0.472600 0.306663
vt 0.472600 0.313288
vt 0.449200 0.313288
vt 0.472600 0.306663
vt 0.496000 0.306663
vt 0.496000 0.313288
vt 0.472600 0.313288
vt 0.379000 0.313288
vt 0.402400 0.313288
vt 0.402400 0.320209
vt 0.379000 0.320209
vt 0.402400 0.313288
vt 0.425800 0.313288
vt 0.425800 0.320209
vt 0.402400 0.320209
vt 0.425800 0.313288
vt 0.449200 0.313288
vt 0.449200 0.320209
vt 0.425800 0.320209
vt 0.449200 0.313288
vt 0.472600 0.313288
vt 0.472600 0.320209
vt 0.449200 0.320209
vt 0.472600 0.313288
vt 0.496000 0.313288
vt 0.496000 0.320209
vt 0.472600 0.320209
vt 0.379000 0.320209
vt 0.402400 0.320209
vt 0.402400 0.327141
vt 0.379000 0.327141
vt 0.402400 0.320209
vt 0.425800 0.320209
vt 0.425800 0.327141
vt 0.402400 0.327141
vt 0.425800 0.320209
vt 0.449200 0.320209
vt 0.449200 0.327141
vt 0.425800 0.327141
vt 0.449200 0.320209
vt 0.472600 0.320209
vt 0.472600 0.327141
vt 0.449200 0.327141
vt 0.472600 0.320209
vt 0.496000 0.320209
vt 0.496000 0.327141
vt 0.472600 0.327141
vt 0.379000 0.327141
vt 0.402400 0.327141
vt 0.402400 0.333798
vt 0.379000 0.333798
vt 0.402400 0.327141
vt 0.425800 0.327141
vt 0.425800 0.333798
vt 0.402400 0.333798
vt 0.425800 0.327141
vt 0.449200 0.327141
vt 0.449200 0.333798
vt 0.425800 0.333798
vt 0.449200 0.327141
vt 0.472600 0.327141
vt 0.472600 0.333798
vt 0.449200 0.333798
vt 0.472600 0.327141
vt 0.496000 0.327141
vt 0.496000 0.333798
vt 0.472600 0.333798
vt 0.379000 0.333798
vt 0.402400 0.333798
vt 0.402400 0.340037
vt 0.379000 0.340037
vt 0.402400 0.333798
vt 0.425800 0.333798
vt 0.425800 0.340037
vt 0.402400 0.340037
vt 0.425800 0.333798
vt 0.449200 0.333798
vt 0.449200 0.340037
vt 0.425800 0.340037
vt 0.449200 0.333798
vt 0.472600 0.333798
vt 0.472600 0.340037
vt 0.449200 0.340037
vt 0.472600 0.333798
vt 0.496000 0.333798
vt 0.496000 0.340037
vt 0.472600 0.340037
vt 0.379000 0.340037
vt 0.402400 0.340037
vt 0.402400 0.345962
vt 0.379000 0.345962
vt 0.402400 0.340037
vt 0.425800 0.340037
vt 0.425800 0.345962
vt 0.402400 0.345962
vt 0.425800 0.340037
vt 0.449200 0.340037
vt 0.449200 0.345962
vt 0.425800 0.345962
vt 0.449200 0.340037
vt 0.472600 0.340037
vt 0.472600 0.345962
vt 0.449200 0.345962
vt 0.472600 0.340037
vt 0.496000 0.340037
vt 0.496000 0.345962
vt 0.472600 0.345962
vt 0.379000 0.345962
vt 0.402400 0.345962
vt 0.402400 0.351890
vt 0.379000 0.351890
vt 0.402400 0.345962
vt 0.425800 0.345962
vt 0.425800 0.351890
vt 0.402400 0.351890
vt 0.425800 0.345962
vt 0.449200 0.345962
vt 0.449200 0.351890
vt 0.425800 0.351890
vt 0.449200 0.345962
vt 0.472600 0.345962
vt 0.472600 0.351890
vt 0.449200 0.351890
vt 0.472600 0.345962
vt 0.496000 0.345962
vt 0.496000 0.351890
vt 0.472600 0.351890
vt 0.379000 0.351890
vt 0.402400 0.351890
vt 0.402400 0.358146
vt 0.379000 0.358146
vt 0.402400 0.351890
vt 0.425800 0.351890
vt 0.425800 0.358146
vt 0.402400 0.358146
vt 0.425800 0.351890
vt 0.449200 0.351890
vt 0.449200 0.358146
vt 0.425800 0.358146
vt 0.449200 0.351890
vt 0.472600 0.351890
vt 0.472600 0.358146
vt 0.449200 0.358146
vt 0.472600 0.351890
vt 0.496000 0.351890
vt 0.496000 0.358146
vt 0.472600 0.358146
vt 0.379000 0.358146
vt 0.402400 0.358146
vt 0.402400 0.364840
vt 0.379000 0.364840
vt 0.402400 0.358146
vt 0.425800 0.358146
vt 0.425800 0.364840
vt 0.402400 0.364840
vt 0.425800 0.358146
vt 0.449200 0.358146
vt 0.449200 0.364840
vt 0.425800 0.364840
vt 0.449200 0.358146
vt 0.472600 0.358146
vt 0.472600 0.364840
vt 0.449200 0.364840
vt 0.472600 0.358146
vt 0.496000 0.358146
vt 0.496000 0.364840
vt 0.472600 0.364840
vt 0.379000 0.364840
vt 0.402400 0.364840
vt 0.402400 0.371833
vt 0.379000 0.371833
vt 0.402400 0.364840
vt 0.425800 0.364840
vt 0.425800 0.371833
vt 0.402400 0.371833
vt 0.425800 0.364840
vt 0.449200 0.364840
vt 0.449200 0.371833
vt 0.425800 0.371833
vt 0.449200 0.364840
vt 0.472600 0.364840
vt 0.472600 0.371833
vt 0.449200 0.371833
vt 0.472600 0.364840
vt 0.496000 0.364840
vt 0.496000 0.371833
vt 0.472600 0.371833
vt 0.379000 0.371833
vt 0.402400 0.371833
vt 0.402400 0.378838
vt 0.379000 0.378838
vt 0.402400 0.371833
vt 0.425800 0.371833
vt 0.425800 0.378838
vt 0.402400 0.378838
vt 0.425800 0.371833
vt 0.449200 0.371833
vt 0.449200 0.378838
vt 0.425800 0.378838
vt 0.449200 0.371833
vt 0.472600 0.371833
vt 0.472600 0.378838
vt 0.449200 0.378838
vt 0.472600 0.371833
vt 0.496000 0.371833
vt 0.496000 0.378838
vt 0.472600 0.378838
vt 0.379000 0.378838
vt 0.402400 0.378838
vt 0.402400 0.385564
vt 0.379000 0.385564
vt 0.402400 0.378838
vt 0.425800 0.378838
vt 0.425800 0.385564
vt 0.402400 0.385564
vt 0.425800 0.378838
vt 0.449200 0.378838
vt 0.449200 0.385564
vt 0.425800 0.385564
vt 0.449200 0.378838
vt 0.472600 0.378838
vt 0.472600 0.385564
vt 0.449200 0.385564
vt 0.472600 0.378838
vt 0.496000 0.378838
vt 0.496000 0.385564
vt 0.472600 0.385564
vt 0.379000 0.385564
vt 0.402400 0.385564
vt 0.402400 0.391868
vt 0.379000 0.391868
vt 0.402400 0.385564
vt 0.425800 0.385564
vt 0.425800 0.391868
vt 0.402400 0.391868
vt 0.425800 0.385564
vt 0.449200 0.385564
vt 0.449200 0.391868
vt 0.425800 0.391868
vt 0.449200 0.385564
vt 0.472600 0.385564
vt 0.472600 0.391868
vt 0.449200 0.391868
vt 0.472600 0.385564
vt 0.496000 0.385564
vt 0.496000 0.391868
vt 0.472600 0.391868
vt 0.379000 0.391868
vt 0.402400 0.391868
vt 0.402400 0.397853
vt 0.379000 0.397853
vt 0.402400 0.391868
vt 0.425800 0.391868
vt 0.425800 0.397853
vt 0.402400 0.397853
vt 0.425800 0.391868
vt 0.449200 0.391868
vt 0.449200 0.397853
vt 0.425800 0.397853
vt 0.449200 0.391868
vt 0.472600 0.391868
vt 0.472600 0.397853
vt 0.449200 0.397853
vt 0.472600 0.391868
vt 0.496000 0.391868
vt 0.496000 0.397853
vt 0.472600 0.397853
vt 0.379000 0.397853
vt 0.402400 0.397853
vt 0.402400 0.403843
vt 0.379000 0.403843
vt 0.402400 0.397853
vt 0.425800 0.397853
vt 0.425800 0.403843
vt 0.402400 0.403843
vt 0.425800 0.397853
vt 0.449200 0.397853
vt 0.449200 0.403843
vt 0.425800 0.403843
vt 0.449200 0.397853
vt 0.472600 0.397853
vt 0.472600 0.403843
vt 0.449200 0.403843
vt 0.472600 0.397853
vt 0.496000 0.397853
vt 0.496000 0.403843
vt 0.472600 0.403843
vt 0.379000 0.403843
vt 0.402400 0.403843
vt 0.402400 0.410164
vt 0.379000 0.410164
vt 0.402400 0.403843
vt 0.425800 0.403843
vt 0.425800 0.410164
vt 0.402400 0.410164
vt 0.425800 0.403843
vt 0.449200 0.403843
vt 0.449200 0.410164
vt 0.425800 0.410164
vt 0.449200 0.403843
vt 0.472600 0.403843
vt 0.472600 0.410164
vt 0.449200 0.410164
vt 0.472600 0.403843
vt 0.496000 0.403843
vt 0.496000 0.410164
vt 0.472600 0.410164
vt 0.379000 0.410164
vt 0.402400 0.410164
vt 0.402400 0.416927
vt 0.379000 0.416927
vt 0.402400 0.410164
vt 0.425800 0.410164
vt 0.425800 0.416927
vt 0.402400 0.416927
vt 0.425800 0.410164
vt 0.449200 0.410164
vt 0.449200 0.416927
vt 0.425800 0.416927
vt 0.449200 0.410164
vt 0.472600 0.410164
vt 0.472600 0.416927
vt 0.449200 0.416927
vt 0.472600 0.410164
vt 0.496000 0.410164
vt 0.496000 0.416927
vt 0.472600 0.416927
vt 0.379000 0.416927
vt 0.402400 0.416927
vt 0.402400 0.423992
vt 0.379000 0.423992
vt 0.402400 0.416927
vt 0.425800 0.416927
vt 0.425800 0.423992
vt 0.402400 0.423992
vt 0.425800 0.416927
vt 0.449200 0.416927
vt 0.449200 0.423992
vt 0.425800 0.423992
vt 0.449200 0.416927
vt 0.472600 0.416927
vt 0.472600 0.423992
vt 0.449200 0.423992
vt 0.472600 0.416927
vt 0.496000 0.416927
vt 0.496000 0.423992
vt 0.472600 0.423992
vt 0.379000 0.423992
vt 0.402400 0.423992
vt 0.402400 0.431069
vt 0.379000 0.431069
vt 0.402400 0.423992
vt 0.425800 0.423992
vt 0.425800 0.431069
vt 0.402400 0.431069
vt 0.425800 0.423992
vt 0.449200 0.423992
vt 0.449200 0.431069
vt 0.425800 0.431069
vt 0.449200 0.423992
vt 0.472600 0.423992
vt 0.472600 0.431069
vt 0.449200 0.431069
vt 0.472600 0.423992
vt 0.496000 0.423992
vt 0.496000 0.431069
vt 0.472600 0.431069
vt 0.379000 0.431069
vt 0.402400 0.431069
vt 0.402400 0.437865
vt 0.379000 0.437865
vt 0.402400 0.431069
vt 0.425800 0.431069
vt 0.425800 0.437865
vt 0.402400 0.437865
vt 0.425800 0.431069
vt 0.449200 0.431069
vt 0.449200 0.437865
vt 0.425800 0.437865
vt 0.449200 0.431069
vt 0.472600 0.431069
vt 0.472600 0.437865
vt 0.449200 0.437865
vt 0.472600 0.431069
vt 0.496000 0.431069
vt 0.496000 0.437865
vt 0.472600 0.437865
vt 0.379000 0.437865
vt 0.402400 0.437865
vt 0.402400 0.444233
vt 0.379000 0.444233
vt 0.402400 0.437865
vt 0.425800 0.437865
vt 0.425800 0.444233
vt 0.402400 0.444233
vt 0.425800 0.437865
vt 0.449200 0.437865
vt 0.449200 0.444233
vt 0.425800 0.444233
vt 0.449200 0.437865
vt 0.472600 0.437865
vt 0.472600 0.444233
vt 0.449200 0.444233
vt 0.472600 0.437865
vt 0.496000 0.437865
vt 0.496000 0.444233
vt 0.472600 0.444233
vt 0.379000 0.444233
vt 0.402400 0.444233
vt 0.402400 0.450280
vt 0.379000 0.450280
vt 0.402400 0.444233
vt 0.425800 0.444233
vt 0.425800 0.450280
vt 0.402400 0.450280
vt 0.425800 0.444233
vt 0.449200 0.444233
vt 0.449200 0.450280
vt 0.425800 0.450280
vt 0.449200 0.444233
vt 0.472600 0.444233
vt 0.472600 0.450280
vt 0.449200 0.450280
vt 0.472600 0.444233
vt 0.496000 0.444233
vt 0.496000 0.450280
vt 0.472600 0.450280
vt 0.379000 0.450280
vt 0.402400 0.450280
vt 0.402400 0.456331
vt 0.379000 0.456331
vt 0.402400 0.450280
vt 0.425800 0.450280
vt 0.425800 0.456331
vt 0.402400 0.456331
vt 0.425800 0.450280
vt 0.449200 0.450280
vt 0.449200 0.456331
vt 0.425800 0.456331
vt 0.449200 0.450280
vt 0.472600 0.450280
vt 0.472600 0.456331
vt 0.449200 0.456331
vt 0.472600 0.450280
vt 0.496000 0.450280
vt 0.496000 0.456331
vt 0.472600 0.456331
vt 0.379000 0.456331
vt 0.402400 0.456331
vt 0.402400 0.462716
vt 0.379000 0.462716
vt 0.402400 0.456331
vt 0.425800 0.456331
vt 0.425800 0.462716
vt 0.402400 0.462716
vt 0.425800 0.456331
vt 0.449200 0.456331
vt 0.449200 0.462716
vt 0.425800 0.462716
vt 0.449200 0.456331
vt 0.472600 0.456331
vt 0.472600 0.462716
vt 0.449200 0.462716
vt 0.472600 0.456331
vt 0.496000 0.456331
vt 0.496000 0.462716
vt 0.472600 0.462716
vt 0.379000 0.462716
vt 0.402400 0.462716
vt 0.402400 0.469549
vt 0.379000 0.469549
vt 0.402400 0.462716
vt 0.425800 0.462716
vt 0.425800 0.469549
vt 0.402400 0.469549
vt 0.425800 0.462716
vt 0.449200 0.462716
vt 0.449200 0.469549
vt 0.425800 0.469549
vt 0.449200 0.462716
vt 0.472600 0.462716
vt 0.472600 0.469549
vt 0.449200 0.469549
vt 0.472600 0.462716
vt 0.496000 0.462716
vt 0.496000 0.469549
vt 0.472600 0.469549
vt 0.379000 0.469549
vt 0.402400 0.469549
vt 0.402400 0.476686
vt 0.379000 0.476686
vt 0.402400 0.469549
vt 0.425800 0.469549
vt 0.425800 0.476686
vt 0.402400 0.476686
vt 0.425800 0.469549
vt 0.449200 0.469549
vt 0.449200 0.476686
vt 0.425800 0.476686
vt 0.449200 0.469549
vt 0.472600 0.469549
vt 0.472600 0.476686
vt 0.449200 0.476686
vt 0.472600 0.469549
vt 0.496000 0.469549
vt 0.496000 0.476686
vt 0.472600 0.476686
vt 0.379000 0.476686
vt 0.402400 0.476686
vt 0.402400 0.483835
vt 0.379000 0.483835
vt 0.402400 0.476686
vt 0.425800 0.476686
vt 0.425800 0.483835
vt 0.402400 0.483835
vt 0.425800 0.476686
vt 0.449200 0.476686
vt 0.449200 0.483835
vt 0.425800 0.483835
vt 0.449200 0.476686
vt 0.472600 0.476686
vt 0.472600 0.483835
vt 0.449200 0.483835
vt 0.472600 0.476686
vt 0.496000 0.476686
vt 0.496000 0.483835
vt 0.472600 0.483835
vt 0.379000 0.483835
vt 0.402400 0.483835
vt 0.402400 0.490701
vt 0.379000 0.490701
vt 0.402400 0.483835
vt 0.425800 0.483835
vt 0.425800 0.490701
vt 0.402400 0.490701
vt 0.425800 0.483835
vt 0.449200 0.483835
vt 0.449200 0.490701
vt 0.425800 0.490701
vt 0.449200 0.483835
vt 0.472600 0.483835
vt 0.472600 0.490701
vt 0.449200 0.490701
vt 0.472600 0.483835
vt 0.496000 0.483835
vt 0.496000 0.490701
vt 0.472600 0.490701
vt 0.379000 0.490701
vt 0.402400 0.490701
vt 0.402400 0.497134
vt 0.379000 0.497134
vt 0.402400 0.490701
vt 0.425800 0.490701
vt 0.425800 0.497134
vt 0.402400 0.497134
vt 0.425800 0.490701
vt 0.449200 0.490701
vt 0.449200 0.497134
vt 0.425800 0.497134
vt 0.449200 0.490701
vt 0.472600 0.490701
vt 0.472600 0.497134
vt 0.449200 0.497134
vt 0.472600 0.490701
vt 0.496000 0.490701
vt 0.496000 0.497134
vt 0.472600 0.497134
vt 0.379000 0.497134
vt 0.402400 0.497134
vt 0.402400 0.503241
vt 0.379000 0.503241
vt 0.402400 0.497134
vt 0.425800 0.497134
vt 0.425800 0.503241
vt 0.402400 0.503241
vt 0.425800 0.497134
vt 0.449200 0.497134
vt 0.449200 0.503241
vt 0.425800 0.503241
vt 0.449200 0.497134
vt 0.472600 0.497134
vt 0.472600 0.503241
vt 0.449200 0.503241
vt 0.472600 0.497134
vt 0.496000 0.497134
vt 0.496000 0.503241
vt 0.472600 0.503241
vt 0.379000 0.503241
vt 0.402400 0.503241
vt 0.402400 0.509353
vt 0.379000 0.509353
vt 0.402400 0.503241
vt 0.425800 0.503241
vt 0.425800 0.509353
vt 0.402400 0.509353
vt 0.425800 0.503241
vt 0.449200 0.503241
vt 0.449200 0.509353
vt 0.425800 0.509353
vt 0.449200 0.503241
vt 0.472600 0.503241
vt 0.472600 0.509353
vt 0.449200 0.509353
vt 0.472600 0.503241
vt 0.496000 0.503241
vt 0.496000 0.509353
vt 0.472600 0.509353
vt 0.379000 0.509353
vt 0.402400 0.509353
vt 0.402400 0.515803
vt 0.379000 0.515803
vt 0.402400 0.509353
vt 0.425800 0.509353
vt 0.425800 0.515803
vt 0.402400 0.515803
vt 0.425800 0.509353
vt 0.449200 0.509353
vt 0.449200 0.515803
vt 0.425800 0.515803
vt 0.449200 0.509353
vt 0.472600 0.509353
vt 0.472600 0.515803
vt 0.449200 0.515803
vt 0.472600 0.509353
vt 0.496000 0.509353
vt 0.496000 0.515803
vt 0.472600 0.515803
vt 0.379000 0.515803
vt 0.402400 0.515803
vt 0.402400 0.522704
vt 0.379000 0.522704
vt 0.402400 0.515803
vt 0.425800 0.515803
vt 0.425800 0.522704
vt 0.402400 0.522704
vt 0.425800 0.515803
vt 0.449200 0.515803
vt 0.449200 0.522704
vt 0.425800 0.522704
vt 0.449200 0.515803
vt 0.472600 0.515803
vt 0.472600 0.522704
vt 0.449200 0.522704
vt 0.472600 0.515803
vt 0.496000 0.515803
vt 0.496000 0.522704
vt 0.472600 0.522704
vt 0.379000 0.522704
vt 0.402400 0.522704
vt 0.402400 0.529898
vt 0.379000 0.529898
vt 0.402400 0.522704
vt 0.425800 0.522704
vt 0.425800 0.529898
vt 0.402400 0.529898
vt 0.425800 0.522704
vt 0.449200 0.522704
vt 0.449200 0.529898
vt 0.425800 0.529898
vt 0.449200 0.522704
vt 0.472600 0.522704
vt 0.472600 0.529898
vt 0.449200 0.529898
vt 0.472600 0.522704
vt 0.496000 0.522704
vt 0.496000 0.529898
vt 0.472600 0.529898
vt 0.379000 0.529898
vt 0.402400 0.529898
vt 0.402400 0.537073
vt 0.379000 0.537073
vt 0.402400 0.529898
vt 0.425800 0.529898
vt 0.425800 0.537073
vt 0.402400 0.537073
vt 0.425800 0.529898
vt 0.449200 0.529898
vt 0.449200 0.537073
vt 0.425800 0.537073
vt 0.449200 0.529898
vt 0.472600 0.529898
vt 0.472600 0.537073
vt 0.449200 0.537073
vt 0.472600 0.529898
vt 0.496000 0.529898
vt 0.496000 0.537073
vt 0.472600 0.537073
vt 0.379000 0.537073
vt 0.402400 0.537073
vt 0.402400 0.543937
vt 0.379000 0.543937
vt 0.402400 0.537073
vt 0.425800 0.537073
vt 0.425800 0.543937
vt 0.402400 0.543937
vt 0.425800 0.537073
vt 0.449200 0.537073
vt 0.449200 0.543937
vt 0.425800 0.543937
vt 0.449200 0.537073
vt 0.472600 0.537073
vt 0.472600 0.543937
vt 0.449200 0.543937
vt 0.472600 0.537073
vt 0.496000 0.537073
vt 0.496000 0.543937
vt 0.472600 0.543937
vt 0.379000 0.543937
vt 0.402400 0.543937
vt 0.402400 0.550348
vt 0.379000 0.550348
vt 0.402400 0.543937
vt 0.425800 0.543937
vt 0.425800 0.550348
vt 0.402400 0.550348
vt 0.425800 0.543937
vt 0.449200 0.543937
vt 0.449200 0.550348
vt 0.425800 0.550348
vt 0.449200 0.543937
vt 0.472600 0.543937
vt 0.472600 0.550348
vt 0.449200 0.550348
vt 0.472600 0.543937
vt 0.496000 0.543937
vt 0.496000 0.550348
vt 0.472600 0.550348
vt 0.379000 0.550348
vt 0.402400 0.550348
vt 0.402400 0.556419
vt 0.379000 0.556419
vt 0.402400 0.550348
vt 0.425800 0.550348
vt 0.425800 0.556419
vt 0.402400 0.556419
vt 0.425800 0.550348
vt 0.449200 0.550348
vt 0.449200 0.556419
vt 0.425800 0.556419
vt 0.449200 0.550348
vt 0.472600 0.550348
vt 0.472600 0.556419
vt 0.449200 0.556419
vt 0.472600 0.550348
vt 0.496000 0.550348
vt 0.496000 0.556419
vt 0.472600 0.556419
vt 0.379000 0.556419
vt 0.402400 0.556419
vt 0.402400 0.562484
vt 0.379000 0.562484
vt 0.402400 0.556419
vt 0.425800 0.556419
vt 0.425800 0.562484
vt 0.402400 0.562484
vt 0.425800 0.556419
vt 0.449200 0.556419
vt 0.449200 0.562484
vt 0.425800 0.562484
vt 0.449200 0.556419
vt 0.472600 0.556419
vt 0.472600 0.562484
vt 0.449200 0.562484
vt 0.472600 0.556419
vt 0.496000 0.556419
vt 0.496000 0.562484
vt 0.472600 0.562484
vt 0.379000 0.562484
vt 0.402400 0.562484
vt 0.402400 0.568869
vt 0.379000 0.568869
vt 0.402400 0.562484
vt 0.425800 0.562484
vt 0.425800 0.568869
vt 0.402400 0.568869
vt 0.425800 0.562484
vt 0.449200 0.562484
vt 0.449200 0.568869
vt 0.425800 0.568869
vt 0.449200 0.562484
vt 0.472600 0.562484
vt 0.472600 0.568869
vt 0.449200 0.568869
vt 0.472600 0.562484
vt 0.496000 0.562484
vt 0.496000 0.568869
vt 0.472600 0.568869
vt 0.379000 0.568869
vt 0.402400 0.568869
vt 0.402400 0.575678
vt 0.379000 0.575678
vt 0.402400 0.568869
vt 0.425800 0.568869
vt 0.425800 0.575678
vt 0.402400 0.575678
vt 0.425800 0.568869
vt 0.449200 0.568869
vt 0.449200 0.575678
vt 0.425800 0.575678
vt 0.449200 0.568869
vt 0.472600 0.568869
vt 0.472600 0.575678
vt 0.449200 0.575678
vt 0.472600 0.568869
vt 0.496000 0.568869
vt 0.496000 0.575678
vt 0.472600 0.575678
vt 0.379000 0.575678
vt 0.402400 0.575678
vt 0.402400 0.582763
vt 0.379000 0.582763
vt 0.402400 0.575678
vt 0.425800 0.575678
vt 0.425800 0.582763
vt 0.402400 0.582763
vt 0.425800 0.575678
vt 0.449200 0.575678
vt 0.449200 0.582763
vt 0.425800 0.582763
vt 0.449200 0.575678
vt 0.472600 0.575678
vt 0.472600 0.582763
vt 0.449200 0.582763
vt 0.472600 0.575678
vt 0.496000 0.575678
vt 0.496000 0.582763
vt 0.472600 0.582763
vt 0.379000 0.582763
vt 0.402400 0.582763
vt 0.402400 0.589830
vt 0.379000 0.589830
vt 0.402400 0.582763
vt 0.425800 0.582763
vt 0.425800 0.589830
vt 0.402400 0.589830
vt 0.425800 0.582763
vt 0.449200 0.582763
vt 0.449200 0.589830
vt 0.425800 0.589830
vt 0.449200 0.582763
vt 0.472600 0.582763
vt 0.472600 0.589830
vt 0.449200 0.589830
vt 0.472600 0.582763
vt 0.496000 0.582763
vt 0.496000 0.589830
vt 0.472600 0.589830
vt 0.379000 0.589830
vt 0.402400 0.589830
vt 0.402400 0.596590
vt 0.379000 0.596590
vt 0.402400 0.589830
vt 0.425800 0.589830
vt 0.425800 0.596590
vt 0.402400 0.596590
vt 0.425800 0.589830
vt 0.449200 0.589830
vt 0.449200 0.596590
vt 0.425800 0.596590
vt 0.449200 0.589830
vt 0.472600 0.589830
vt 0.472600 0.596590
vt 0.449200 0.596590
vt 0.472600 0.589830
vt 0.496000 0.589830
vt 0.496000 0.596590
vt 0.472600 0.596590
vt 0.379000 0.596590
vt 0.402400 0.596590
vt 0.402400 0.602904
vt 0.379000 0.602904
vt 0.402400 0.596590
vt 0.425800 0.596590
vt 0.425800 0.602904
vt 0.402400 0.602904
vt 0.425800 0.596590
vt 0.449200 0.596590
vt 0.449200 0.602904
vt 0.425800 0.602904
vt 0.449200 0.596590
vt 0.472600 0.596590
vt 0.472600 0.602904
vt 0.449200 0.602904
vt 0.472600 0.596590
vt 0.496000 0.596590
vt 0.496000 0.602904
vt 0.472600 0.602904
vt 0.379000 0.602904
vt 0.402400 0.602904
vt 0.402400 0.608884
vt 0.379000 0.608884
vt 0.402400 0.602904
vt 0.425800 0.602904
vt 0.425800 0.608884
vt 0.402400 0.608884
vt 0.425800 0.602904
vt 0.449200 0.602904
vt 0.449200 0.608884
vt 0.425800 0.608884
vt 0.449200 0.602904
vt 0.472600 0.602904
vt 0.472600 0.608884
vt 0.449200 0.608884
vt 0.472600 0.602904
vt 0.496000 0.602904
vt 0.496000 0.608884
vt 0.472600 0.608884
vt 0.379000 0.608884
vt 0.402400 0.608884
vt 0.402400 0.614857
vt 0.379000 0.614857
vt 0.402400 0.608884
vt 0.425800 0.608884
vt 0.425800 0.614857
vt 0.402400 0.614857
vt 0.425800 0.608884
vt 0.449200 0.608884
vt 0.449200 0.614857
vt 0.425800 0.614857
vt 0.449200 0.608884
vt 0.472600 0.608884
vt 0.472600 0.614857
vt 0.449200 0.614857
vt 0.472600 0.608884
vt 0.496000 0.608884
vt 0.496000 0.614857
vt 0.472600 0.614857
vt 0.379000 0.614857
vt 0.402400 0.614857
vt 0.402400 0.621145
vt 0.379000 0.621145
vt 0.402400 0.614857
vt 0.425800 0.614857
vt 0.425800 0.621145
vt 0.402400 0.621145
vt 0.425800 0.614857
vt 0.449200 0.614857
vt 0.449200 0.621145
vt 0.425800 0.621145
vt 0.449200 0.614857
vt 0.472600 0.614857
vt 0.472600 0.621145
vt 0.449200 0.621145
vt 0.472600 0.614857
vt 0.496000 0.614857
vt 0.496000 0.621145
vt 0.472600 0.621145
vt 0.379000 0.621145
vt 0.402400 0.621145
vt 0.402400 0.627850
vt 0.379000 0.627850
vt 0.402400 0.621145
vt 0.425800 0.621145
vt 0.425800 0.627850
vt 0.402400 0.627850
vt 0.425800 0.621145
vt 0.449200 0.621145
vt 0.449200 0.627850
vt 0.425800 0.627850
vt 0.449200 0.621145
vt 0.472600 0.621145
vt 0.472600 0.627850
vt 0.449200 0.627850
vt 0.472600 0.621145
vt 0.496000 0.621145
vt 0.496000 0.627850
vt 0.472600 0.627850
vt 0.379000 0.627850
vt 0.402400 0.627850
vt 0.402400 0.634826
vt 0.379000 0.634826
vt 0.402400 0.627850
vt 0.425800 0.627850
vt 0.425800 0.634826
vt 0.402400 0.634826
vt 0.425800 0.627850
vt 0.449200 0.627850
vt 0.449200 0.634826
vt 0.425800 0.634826
vt 0.449200 0.627850
vt 0.472600 0.627850
vt 0.472600 0.634826
vt 0.449200 0.634826
vt 0.472600 0.627850
vt 0.496000 0.627850
vt 0.496000 0.634826
vt 0.472600 0.634826
vt 0.379000 0.634826
vt 0.402400 0.634826
vt 0.402400 0.641785
vt 0.379000 0.641785
vt 0.402400 0.634826
vt 0.425800 0.634826
vt 0.425800 0.641785
vt 0.402400 0.641785
vt 0.425800 0.634826
vt 0.449200 0.634826
vt 0.449200 0.641785
vt 0.425800 0.641785
vt 0.449200 0.634826
vt 0.472600 0.634826
vt 0.472600 0.641785
vt 0.449200 0.641785
vt 0.472600 0.634826
vt 0.496000 0.634826
vt 0.496000 0.641785
vt 0.472600 0.641785
vt 0.379000 0.641785
vt 0.402400 0.641785
vt 0.402400 0.648441
vt 0.379000 0.648441
vt 0.402400 0.641785
vt 0.425800 0.641785
vt 0.425800 0.648441
vt 0.402400 0.648441
vt 0.425800 0.641785
vt 0.449200 0.641785
vt 0.449200 0.648441
vt 0.425800 0.648441
vt 0.449200 0.641785
vt 0.472600 0.641785
vt 0.472600 0.648441
vt 0.449200 0.648441
vt 0.472600 0.641785
vt 0.496000 0.641785
vt 0.496000 0.648441
vt 0.472600 0.648441
vt 0.379000 0.648441
vt 0.402400 0.648441
vt 0.402400 0.654657
vt 0.379000 0.654657
vt 0.402400 0.648441
vt 0.425800 0.648441
vt 0.425800 0.654657
vt 0.402400 0.654657
vt 0.425800 0.648441
vt 0.449200 0.648441
vt 0.449200 0.654657
vt 0.425800 0.654657
vt 0.449200 0.648441
vt 0.472600 0.648441
vt 0.472600 0.654657
vt 0.449200 0.654657
vt 0.472600 0.648441
vt 0.496000 0.648441
vt 0.496000 0.654657
vt 0.472600 0.654657
vt 0.379000 0.654657
vt 0.402400 0.654657
vt 0.402400 0.660546
vt 0.379000 0.660546
vt 0.402400 0.654657
vt 0.425800 0.654657
vt 0.425800 0.660546
vt 0.402400 0.660546
vt 0.425800 0.654657
vt 0.449200 0.654657
vt 0.449200 0.660546
vt 0.425800 0.660546
vt 0.449200 0.654657
vt 0.472600 0.654657
vt 0.472600 0.660546
vt 0.449200 0.660546
vt 0.472600 0.654657
vt 0.496000 0.654657
vt 0.496000 0.660546
vt 0.472600 0.660546
vt 0.379000 0.660546
vt 0.402400 0.660546
vt 0.402400 0.666427
vt 0.379000 0.666427
vt 0.402400 0.660546
vt 0.425800 0.660546
vt 0.425800 0.666427
vt 0.402400 0.666427
vt 0.425800 0.660546
vt 0.449200 0.660546
vt 0.449200 0.666427
vt 0.425800 0.666427
vt 0.449200 0.660546
vt 0.472600 0.660546
vt 0.472600 0.666427
vt 0.449200 0.666427
vt 0.472600 0.660546
vt 0.496000 0.660546
vt 0.496000 0.666427
vt 0.472600 0.666427
vt 0.379000 0.666427
vt 0.402400 0.666427
vt 0.402400 0.672618
vt 0.379000 0.672618
vt 0.402400 0.666427
vt 0.425800 0.666427
vt 0.425800 0.672618
vt 0.402400 0.672618
vt 0.425800 0.666427
vt 0.449200 0.666427
vt 0.449200 0.672618
vt 0.425800 0.672618
vt 0.449200 0.666427
vt 0.472600 0.666427
vt 0.472600 0.672618
vt 0.449200 0.672618
vt 0.472600 0.666427
vt 0.496000 0.666427
vt 0.496000 0.672618
vt 0.472600 0.672618
vt 0.379000 0.672618
vt 0.402400 0.672618
vt 0.402400 0.679219
vt 0.379000 0.679219
vt 0.402400 0.672618
vt 0.425800 0.672618
vt 0.425800 0.679219
vt 0.402400 0.679219
vt 0.425800 0.672618
vt 0.449200 0.672618
vt 0.449200 0.679219
vt 0.425800 0.679219
vt 0.449200 0.672618
vt 0.472600 0.672618
vt 0.472600 0.679219
vt 0.449200 0.679219
vt 0.472600 0.672618
vt 0.496000 0.672618
vt 0.496000 0.679219
vt 0.472600 0.679219
vt 0.379000 0.679219
vt 0.402400 0.679219
vt 0.402400 0.686087
vt 0.379000 0.686087
vt 0.402400 0.679219
vt 0.425800 0.679219
vt 0.425800 0.686087
vt 0.402400 0.686087
vt 0.425800 0.679219
vt 0.449200 0.679219
vt 0.449200 0.686087
vt 0.425800 0.686087
vt 0.449200 0.679219
vt 0.472600 0.679219
vt 0.472600 0.686087
vt 0.449200 0.686087
vt 0.472600 0.679219
vt 0.496000 0.679219
vt 0.496000 0.686087
vt 0.472600 0.686087
vt 0.379000 0.686087
vt 0.402400 0.686087
vt 0.402400 0.692938
vt 0.379000 0.692938
vt 0.402400 0.686087
vt 0.425800 0.686087
vt 0.425800 0.692938
vt 0.402400 0.692938
vt 0.425800 0.686087
vt 0.449200 0.686087
vt 0.449200 0.692938
vt 0.425800 0.692938
vt 0.449200 0.686087
vt 0.472600 0.686087
vt 0.472600 0.692938
vt 0.449200 0.692938
vt 0.472600 0.686087
vt 0.496000 0.686087
vt 0.496000 0.692938
vt 0.472600 0.692938
vt 0.379000 0.692938
vt 0.402400 0.692938
vt 0.402400 0.699490
vt 0.379000 0.699490
vt 0.402400 0.692938
vt 0.425800 0.692938
vt 0.425800 0.699490
vt 0.402400 0.699490
vt 0.425800 0.692938
vt 0.449200 0.692938
vt 0.449200 0.699490
vt 0.425800 0.699490
vt 0.449200 0.692938
vt 0.472600 0.692938
vt 0.472600 0.699490
vt 0.449200 0.699490
vt 0.472600 0.692938
vt 0.496000 0.692938
vt 0.496000 0.699490
vt 0.472600 0.699490
vt 0.379000 0.699490
vt 0.402400 0.699490
vt 0.402400 0.705610
vt 0.379000 0.705610
vt 0.402400 0.699490
vt 0.425800 0.699490
vt 0.425800 0.705610
vt 0.402400 0.705610
vt 0.425800 0.699490
vt 0.449200 0.699490
vt 0.449200 0.705610
vt 0.425800 0.705610
vt 0.449200 0.699490
vt 0.472600 0.699490
vt 0.472600 0.705610
vt 0.449200 0.705610
vt 0.472600 0.699490
vt 0.496000 0.699490
vt 0.496000 0.705610
vt 0.472600 0.705610
vt 0.379000 0.705610
vt 0.402400 0.705610
vt 0.402400 0.711406
vt 0.379000 0.711406
vt 0.402400 0.705610
vt 0.425800 0.705610
vt 0.425800 0.711406
vt 0.402400 0.711406
vt 0.425800 0.705610
vt 0.449200 0.705610
vt 0.449200 0.711406
vt 0.425800 0.711406
vt 0.449200 0.705610
vt 0.472600 0.705610
vt 0.472600 0.711406
vt 0.449200 0.711406
vt 0.472600 0.705610
vt 0.496000 0.705610
vt 0.496000 0.711406
vt 0.472600 0.711406
vt 0.379000 0.711406
vt 0.402400 0.711406
vt 0.402400 0.717196
vt 0.379000 0.717196
vt 0.402400 0.711406
vt 0.425800 0.711406
vt 0.425800 0.717196
vt 0.402400 0.717196
vt 0.425800 0.711406
vt 0.449200 0.711406
vt 0.449200 0.717196
vt 0.425800 0.717196
vt 0.449200 0.711406
vt 0.472600 0.711406
vt 0.472600 0.717196
vt 0.449200 0.717196
vt 0.472600 0.711406
vt 0.496000 0.711406
vt 0.496000 0.717196
vt 0.472600 0.717196
vt 0.379000 0.717196
vt 0.402400 0.717196
vt 0.402400 0.723290
vt 0.379000 0.723290
vt 0.402400 0.717196
vt 0.425800 0.717196
vt 0.425800 0.723290
vt 0.402400 0.723290
vt 0.425800 0.717196
vt 0.449200 0.717196
vt 0.449200 0.723290
vt 0.425800 0.723290
vt 0.449200 0.717196
vt 0.472600 0.717196
vt 0.472600 0.723290
vt 0.449200 0.723290
vt 0.472600 0.717196
vt 0.496000 0.717196
vt 0.496000 0.723290
vt 0.472600 0.723290
vt 0.379000 0.723290
vt 0.402400 0.723290
vt 0.402400 0.729788
vt 0.379000 0.729788
vt 0.402400 0.723290
vt 0.425800 0.723290
vt 0.425800 0.729788
vt 0.402400 0.729788
vt 0.425800 0.723290
vt 0.449200 0.723290
vt 0.449200 0.729788
vt 0.425800 0.729788
vt 0.449200 0.723290
vt 0.472600 0.723290
vt 0.472600 0.729788
vt 0.449200 0.729788
vt 0.472600 0.723290
vt 0.496000 0.723290
vt 0.496000 0.729788
vt 0.472600 0.729788
vt 0.379000 0.729788
vt 0.402400 0.729788
vt 0.402400 0.736547
vt 0.379000 0.736547
vt 0.402400 0.729788
vt 0.425800 0.729788
vt 0.425800 0.736547
vt 0.402400 0.736547
vt 0.425800 0.729788
vt 0.449200 0.729788
vt 0.449200 0.736547
vt 0.425800 0.736547
vt 0.449200 0.729788
vt 0.472600 0.729788
vt 0.472600 0.736547
vt 0.449200 0.736547
vt 0.472600 0.729788
vt 0.496000 0.729788
vt 0.496000 0.736547
vt 0.472600 0.736547
vt 0.379000 0.736547
vt 0.402400 0.736547
vt 0.402400 0.743289
vt 0.379000 0.743289
vt 0.402400 0.736547
vt 0.425800 0.736547
vt 0.425800 0.743289
vt 0.402400 0.743289
vt 0.425800 0.736547
vt 0.449200 0.736547
vt 0.449200 0.743289
vt 0.425800 0.743289
vt 0.449200 0.736547
vt 0.472600 0.736547
vt 0.472600 0.743289
vt 0.449200 0.743289
vt 0.472600 0.736547
vt 0.496000 0.736547
vt 0.496000 0.743289
vt 0.472600 0.743289
vt 0.379000 0.743289
vt 0.402400 0.743289
vt 0.402400 0.749737
vt 0.379000 0.749737
vt 0.402400 0.743289
vt 0.425800 0.743289
vt 0.425800 0.749737
vt 0.402400 0.749737
vt 0.425800 0.743289
vt 0.449200 0.743289
vt 0.449200 0.749737
vt 0.425800 0.749737
vt 0.449200 0.743289
vt 0.472600 0.743289
vt 0.472600 0.749737
vt 0.449200 0.749737
vt 0.472600 0.743289
vt 0.496000 0.743289
vt 0.496000 0.749737
vt 0.472600 0.749737
vt 0.379000 0.749737
vt 0.402400 0.749737
vt 0.402400 0.755760
vt 0.379000 0.755760
vt 0.402400 0.749737
vt 0.425800 0.749737
vt 0.425800 0.755760
vt 0.402400 0.755760
vt 0.425800 0.749737
vt 0.449200 0.749737
vt 0.449200 0.755760
vt 0.425800 0.755760
vt 0.449200 0.749737
vt 0.472600 0.749737
vt 0.472600 0.755760
vt 0.449200 0.755760
vt 0.472600 0.749737
vt 0.496000 0.749737
vt 0.496000 0.755760
vt 0.472600 0.755760
vt 0.379000 0.755760
vt 0.402400 0.755760
vt 0.402400 0.761465
vt 0.379000 0.761465
vt 0.402400 0.755760
vt 0.425800 0.755760
vt 0.425800 0.761465
vt 0.402400 0.761465
vt 0.425800 0.755760
vt 0.449200 0.755760
vt 0.449200 0.761465
vt 0.425800 0.761465
vt 0.449200 0.755760
vt 0.472600 0.755760
vt 0.472600 0.761465
vt 0.449200 0.761465
vt 0.472600 0.755760
vt 0.496000 0.755760
vt 0.496000 0.761465
vt 0.472600 0.761465
vt 0.379000 0.761465
vt 0.402400 0.761465
vt 0.402400 0.767164
vt 0.379000 0.767164
vt 0.402400 0.761465
vt 0.425800 0.761465
vt 0.425800 0.767164
vt 0.402400 0.767164
vt 0.425800 0.761465
vt 0.449200 0.761465
vt 0.449200 0.767164
vt 0.425800 0.767164
vt 0.449200 0.761465
vt 0.472600 0.761465
vt 0.472600 0.767164
vt 0.449200 0.767164
vt 0.472600 0.761465
vt 0.496000 0.761465
vt 0.496000 0.767164
vt 0.472600 0.767164
vt 0.379000 0.767164
vt 0.402400 0.767164
vt 0.402400 0.773161
vt 0.379000 0.773161
vt 0.402400 0.767164
vt 0.425800 0.767164
vt 0.425800 0.773161
vt 0.402400 0.773161
vt 0.425800 0.767164
vt 0.449200 0.767164
vt 0.449200 0.773161
vt 0.425800 0.773161
vt 0.449200 0.767164
vt 0.472600 0.767164
vt 0.472600 0.773161
vt 0.449200 0.773161
vt 0.472600 0.767164
vt 0.496000 0.767164
vt 0.496000 0.773161
vt 0.472600 0.773161
vt 0.379000 0.773161
vt 0.402400 0.773161
vt 0.402400 0.779555
vt 0.379000 0.779555
vt 0.402400 0.773161
vt 0.425800 0.773161
vt 0.425800 0.779555
vt 0.402400 0.779555
vt 0.425800 0.773161
vt 0.449200 0.773161
vt 0.449200 0.779555
vt 0.425800 0.779555
vt 0.449200 0.773161
vt 0.472600 0.773161
vt 0.472600 0.779555
vt 0.449200 0.779555
vt 0.472600 0.773161
vt 0.496000 0.773161
vt 0.496000 0.779555
vt 0.472600 0.779555
vt 0.379000 0.779555
vt 0.402400 0.779555
vt 0.402400 0.786205
vt 0.379000 0.786205
vt 0.402400 0.779555
vt 0.425800 0.779555
vt 0.425800 0.786205
vt 0.402400 0.786205
vt 0.425800 0.779555
vt 0.449200 0.779555
vt 0.449200 0.786205
vt 0.425800 0.786205
vt 0.449200 0.779555
vt 0.472600 0.779555
vt 0.472600 0.786205
vt 0.449200 0.786205
vt 0.472600 0.779555
vt 0.496000 0.779555
vt 0.496000 0.786205
vt 0.472600 0.786205
vt 0.379000 0.786205
vt 0.402400 0.786205
vt 0.402400 0.792839
vt 0.379000 0.792839
vt 0.402400 0.786205
vt 0.425800 0.786205
vt 0.425800 0.792839
vt 0.402400 0.792839
vt 0.425800 0.786205
vt 0.449200 0.786205
vt 0.449200 0.792839
vt 0.425800 0.792839
vt 0.449200 0.786205
vt 0.472600 0.786205
vt 0.472600 0.792839
vt 0.449200 0.792839
vt 0.472600 0.786205
vt 0.496000 0.786205
vt 0.496000 0.792839
vt 0.472600 0.792839
vt 0.379000 0.792839
vt 0.402400 0.792839
vt 0.402400 0.799184
vt 0.379000 0.799184
vt 0.402400 0.792839
vt 0.425800 0.792839
vt 0.425800 0.799184
vt 0.402400 0.799184
vt 0.425800 0.792839
vt 0.449200 0.792839
vt 0.449200 0.799184
vt 0.425800 0.799184
vt 0.449200 0.792839
vt 0.472600 0.792839
vt 0.472600 0.799184
vt 0.449200 0.799184
vt 0.472600 0.792839
vt 0.496000 0.792839
vt 0.496000 0.799184
vt 0.472600 0.799184
vt 0.379000 0.799184
vt 0.402400 0.799184
vt 0.402400 0.805110
vt 0.379000 0.805110
vt 0.402400 0.799184
vt 0.425800 0.799184
vt 0.425800 0.805110
vt 0.402400 0.805110
vt 0.425800 0.799184
vt 0.449200 0.799184
vt 0.449200 0.805110
vt 0.425800 0.805110
vt 0.449200 0.799184
vt 0.472600 0.799184
vt 0.472600 0.805110
vt 0.449200 0.805110
vt 0.472600 0.799184
vt 0.496000 0.799184
vt 0.496000 0.805110
vt 0.472600 0.805110
vt 0.379000 0.805110
vt 0.402400 0.805110
vt 0.402400 0.810723
vt 0.379000 0.810723
vt 0.402400 0.805110
vt 0.425800 0.805110
vt 0.425800 0.810723
vt 0.402400 0.810723
vt 0.425800 0.805110
vt 0.449200 0.805110
vt 0.449200 0.810723
vt 0.425800 0.810723
vt 0.449200 0.805110
vt 0.472600 0.805110
vt 0.472600 0.810723
vt 0.449200 0.810723
vt 0.472600 0.805110
vt 0.496000 0.805110
vt 0.496000 0.810723
vt 0.472600 0.810723
vt 0.379000 0.810723
vt 0.402400 0.810723
vt 0.402400 0.816330
vt 0.379000 0.816330
vt 0.402400 0.810723
vt 0.425800 0.810723
vt 0.425800 0.816330
vt 0.402400 0.816330
vt 0.425800 0.810723
vt 0.449200 0.810723
vt 0.449200 0.816330
vt 0.425800 0.816330
vt 0.449200 0.810723
vt 0.472600 0.810723
vt 0.472600 0.816330
vt 0.449200 0.816330
vt 0.472600 0.810723
vt 0.496000 0.810723
vt 0.496000 0.816330
vt 0.472600 0.816330
vt 0.379000 0.816330
vt 0.402400 0.816330
vt 0.402400 0.822231
vt 0.379000 0.822231
vt 0.402400 0.816330
vt 0.425800 0.816330
vt 0.425800 0.822231
vt 0.402400 0.822231
vt 0.425800 0.816330
vt 0.449200 0.816330
vt 0.449200 0.822231
vt 0.425800 0.822231
vt 0.449200 0.816330
vt 0.472600 0.816330
vt 0.472600 0.822231
vt 0.449200 0.822231
vt 0.472600 0.816330
vt 0.496000 0.816330
vt 0.496000 0.822231
vt 0.472600 0.822231
vt 0.379000 0.822231
vt 0.402400 0.822231
vt 0.402400 0.828521
vt 0.379000 0.828521
vt 0.402400 0.822231
vt 0.425800 0.822231
vt 0.425800 0.828521
vt 0.402400 0.828521
vt 0.425800 0.822231
vt 0.449200 0.822231
vt 0.449200 0.828521
vt 0.425800 0.828521
vt 0.449200 0.822231
vt 0.472600 0.822231
vt 0.472600 0.828521
vt 0.449200 0.828521
vt 0.472600 0.822231
vt 0.496000 0.822231
vt 0.496000 0.828521
vt 0.472600 0.828521
vt 0.379000 0.828521
vt 0.402400 0.828521
vt 0.402400 0.835063
vt 0.379000 0.835063
vt 0.402400 0.828521
vt 0.425800 0.828521
vt 0.425800 0.835063
vt 0.402400 0.835063
vt 0.425800 0.828521
vt 0.449200 0.828521
vt 0.449200 0.835063
vt 0.425800 0.835063
vt 0.449200 0.828521
vt 0.472600 0.828521
vt 0.472600 0.835063
vt 0.449200 0.835063
vt 0.472600 0.828521
vt 0.496000 0.828521
vt 0.496000 0.835063
vt 0.472600 0.835063
vt 0.379000 0.835063
vt 0.402400 0.835063
vt 0.402400 0.841588
vt 0.379000 0.841588
vt 0.402400 0.835063
vt 0.425800 0.835063
vt 0.425800 0.841588
vt 0.402400 0.841588
vt 0.425800 0.835063
vt 0.449200 0.835063
vt 0.449200 0.841588
vt 0.425800 0.841588
vt 0.449200 0.835063
vt 0.472600 0.835063
vt 0.472600 0.841588
vt 0.449200 0.841588
vt 0.472600 0.835063
vt 0.496000 0.835063
vt 0.496000 0.841588
vt 0.472600 0.841588
vt 0.379000 0.841588
vt 0.402400 0.841588
vt 0.402400 0.847829
vt 0.379000 0.847829
vt 0.402400 0.841588
vt 0.425800 0.841588
vt 0.425800 0.847829
vt 0.402400 0.847829
vt 0.425800 0.841588
vt 0.449200 0.841588
vt 0.449200 0.847829
vt 0.425800 0.847829
vt 0.449200 0.841588
vt 0.472600 0.841588
vt 0.472600 0.847829
vt 0.449200 0.847829
vt 0.472600 0.841588
vt 0.496000 0.841588
vt 0.496000 0.847829
vt 0.472600 0.847829
vt 0.379000 0.847829
vt 0.402400 0.847829
vt 0.402400 0.853659
vt 0.379000 0.853659
vt 0.402400 0.847829
vt 0.425800 0.847829
vt 0.425800 0.853659
vt 0.402400 0.853659
vt 0.425800 0.847829
vt 0.449200 0.847829
vt 0.449200 0.853659
vt 0.425800 0.853659
vt 0.449200 0.847829
vt 0.472600 0.847829
vt 0.472600 0.853659
vt 0.449200 0.853659
vt 0.472600 0.847829
vt 0.496000 0.847829
vt 0.496000 0.853659
vt 0.472600 0.853659
vt 0.379000 0.853659
vt 0.402400 0.853659
vt 0.402400 0.859181
vt 0.379000 0.859181
vt 0.402400 0.853659
vt 0.425800 0.853659
vt 0.425800 0.859181
vt 0.402400 0.859181
vt 0.425800 0.853659
vt 0.449200 0.853659
vt 0.449200 0.859181
vt 0.425800 0.859181
vt 0.449200 0.853659
vt 0.472600 0.853659
vt 0.472600 0.859181
vt 0.449200 0.859181
vt 0.472600 0.853659
vt 0.496000 0.853659
vt 0.496000 0.859181
vt 0.472600 0.859181
vt 0.379000 0.859181
vt 0.402400 0.859181
vt 0.402400 0.864696
vt 0.379000 0.864696
vt 0.402400 0.859181
vt 0.425800 0.859181
vt 0.425800 0.864696
vt 0.402400 0.864696
vt 0.425800 0.859181
vt 0.449200 0.859181
vt 0.449200 0.864696
vt 0.425800 0.864696
vt 0.449200 0.859181
vt 0.472600 0.859181
vt 0.472600 0.864696
vt 0.449200 0.864696
vt 0.472600 0.859181
vt 0.496000 0.859181
vt 0.496000 0.864696
vt 0.472600 0.864696
vt 0.379000 0.864696
vt 0.402400 0.864696
vt 0.402400 0.870500
vt 0.379000 0.870500
vt 0.402400 0.864696
vt 0.425800 0.864696
vt 0.425800 0.870500
vt 0.402400 0.870500
vt 0.425800 0.864696
vt 0.449200 0.864696
vt 0.449200 0.870500
vt 0.425800 0.870500
vt 0.449200 0.864696
vt 0.472600 0.864696
vt 0.472600 0.870500
vt 0.449200 0.870500
vt 0.472600 0.864696
vt 0.496000 0.864696
vt 0.496000 0.870500
vt 0.472600 0.870500
vt 0.379000 0.870500
vt 0.402400 0.870500
vt 0.402400 0.876686
vt 0.379000 0.876686
vt 0.402400 0.870500
vt 0.425800 0.870500
vt 0.425800 0.876686
vt 0.402400 0.876686
vt 0.425800 0.870500
vt 0.449200 0.870500
vt 0.449200 0.876686
vt 0.425800 0.876686
vt 0.449200 0.870500
vt 0.472600 0.870500
vt 0.472600 0.876686
vt 0.449200 0.876686
vt 0.472600 0.870500
vt 0.496000 0.870500
vt 0.496000 0.876686
vt 0.472600 0.876686
vt 0.379000 0.876686
vt 0.402400 0.876686
vt 0.402400 0.883120
vt 0.379000 0.883120
vt 0.402400 0.876686
vt 0.425800 0.876686
vt 0.425800 0.883120
vt 0.402400 0.883120
vt 0.425800 0.876686
vt 0.449200 0.876686
vt 0.449200 0.883120
vt 0.425800 0.883120
vt 0.449200 0.876686
vt 0.472600 0.876686
vt 0.472600 0.883120
vt 0.449200 0.883120
vt 0.472600 0.876686
vt 0.496000 0.876686
vt 0.496000 0.883120
vt 0.472600 0.883120
vt 0.379000 0.883120
vt 0.402400 0.883120
vt 0.402400 0.889537
vt 0.379000 0.889537
vt 0.402400 0.883120
vt 0.425800 0.883120
vt 0.425800 0.889537
vt 0.402400 0.889537
vt 0.425800 0.883120
vt 0.449200 0.883120
vt 0.449200 0.889537
vt 0.425800 0.889537
vt 0.449200 0.883120
vt 0.472600 0.883120
vt 0.472600 0.889537
vt 0.449200 0.889537
vt 0.472600 0.883120
vt 0.496000 0.883120
vt 0.496000 0.889537
vt 0.472600 0.889537
vt 0.379000 0.889537
vt 0.402400 0.889537
vt 0.402400 0.895675
vt 0.379000 0.895675
vt 0.402400 0.889537
vt 0.425800 0.889537
vt 0.425800 0.895675
vt 0.402400 0.895675
vt 0.425800 0.889537
vt 0.449200 0.889537
vt 0.449200 0.895675
vt 0.425800 0.895675
vt 0.449200 0.889537
vt 0.472600 0.889537
vt 0.472600 0.895675
vt 0.449200 0.895675
vt 0.472600 0.889537
vt 0.496000 0.889537
vt 0.496000 0.895675
vt 0.472600 0.895675
vt 0.379000 0.895675
vt 0.402400 0.895675
vt 0.402400 0.901409
vt 0.379000 0.901409
vt 0.402400 0.895675
vt 0.425800 0.895675
vt 0.425800 0.901409
vt 0.402400 0.901409
vt 0.425800 0.895675
vt 0.449200 0.895675
vt 0.449200 0.901409
vt 0.425800 0.901409
vt 0.449200 0.895675
vt 0.472600 0.895675
vt 0.472600 0.901409
vt 0.449200 0.901409
vt 0.472600 0.895675
vt 0.496000 0.895675
vt 0.496000 0.901409
vt 0.472600 0.901409
vt 0.379000 0.901409
vt 0.402400 0.901409
vt 0.402400 0.906843
vt 0.379000 0.906843
vt 0.402400 0.901409
vt 0.425800 0.901409
vt 0.425800 0.906843
vt 0.402400 0.906843
vt 0.425800 0.901409
vt 0.449200 0.901409
vt 0.449200 0.906843
vt 0.425800 0.906843
vt 0.449200 0.901409
vt 0.472600 0.901409
vt 0.472600 0.906843
vt 0.449200 0.906843
vt 0.472600 0.901409
vt 0.496000 0.901409
vt 0.496000 0.906843
vt 0.472600 0.906843
vt 0.379000 0.906843
vt 0.402400 0.906843
vt 0.402400 0.912270
vt 0.379000 0.912270
vt 0.402400 0.906843
vt 0.425800 0.906843
vt 0.425800 0.912270
vt 0.402400 0.912270
vt 0.425800 0.906843
vt 0.449200 0.906843
vt 0.449200 0.912270
vt 0.425800 0.912270
vt 0.449200 0.906843
vt 0.472600 0.906843
vt 0.472600 0.912270
vt 0.449200 0.912270
vt 0.472600 0.906843
vt 0.496000 0.906843
vt 0.496000 0.912270
vt 0.472600 0.912270
vt 0.379000 0.912270
vt 0.402400 0.912270
vt 0.402400 0.917982
vt 0.379000 0.917982
vt 0.402400 0.912270
vt 0.425800 0.912270
vt 0.425800 0.917982
vt 0.402400 0.917982
vt 0.425800 0.912270
vt 0.449200 0.912270
vt 0.449200 0.917982
vt 0.425800 0.917982
vt 0.449200 0.912270
vt 0.472600 0.912270
vt 0.472600 0.917982
vt 0.449200 0.917982
vt 0.472600 0.912270
vt 0.496000 0.912270
vt 0.496000 0.917982
vt 0.472600 0.917982
vt 0.379000 0.917982
vt 0.402400 0.917982
vt 0.402400 0.924071
vt 0.379000 0.924071
vt 0.402400 0.917982
vt 0.425800 0.917982
vt 0.425800 0.924071
vt 0.402400 0.924071
vt 0.425800 0.917982
vt 0.449200 0.917982
vt 0.449200 0.924071
vt 0.425800 0.924071
vt 0.449200 0.917982
vt 0.472600 0.917982
vt 0.472600 0.924071
vt 0.449200 0.924071
vt 0.472600 0.917982
vt 0.496000 0.917982
vt 0.496000 0.924071
vt 0.472600 0.924071
vt 0.379000 0.924071
vt 0.402400 0.924071
vt 0.402400 0.930406
vt 0.379000 0.930406
vt 0.402400 0.924071
vt 0.425800 0.924071
vt 0.425800 0.930406
vt 0.402400 0.930406
vt 0.425800 0.924071
vt 0.449200 0.924071
vt 0.449200 0.930406
vt 0.425800 0.930406
vt 0.449200 0.924071
vt 0.472600 0.924071
vt 0.472600 0.930406
vt 0.449200 0.930406
vt 0.472600 0.924071
vt 0.496000 0.924071
vt 0.496000 0.930406
vt 0.472600 0.930406
vt 0.379000 0.930406
vt 0.402400 0.930406
vt 0.402400 0.936726
vt 0.379000 0.936726
vt 0.402400 0.930406
vt 0.425800 0.930406
vt 0.425800 0.936726
vt 0.402400 0.936726
vt 0.425800 0.930406
vt 0.449200 0.930406
vt 0.449200 0.936726
vt 0.425800 0.936726
vt 0.449200 0.930406
vt 0.472600 0.930406
vt 0.472600 0.936726
vt 0.449200 0.936726
vt 0.472600 0.930406
vt 0.496000 0.930406
vt 0.496000 0.936726
vt 0.472600 0.936726
vt 0.379000 0.936726
vt 0.402400 0.936726
vt 0.402400 0.942772
vt 0.379000 0.942772
vt 0.402400 0.936726
vt 0.425800 0.936726
vt 0.425800 0.942772
vt 0.402400 0.942772
vt 0.425800 0.936726
vt 0.449200 0.936726
vt 0.449200 0.942772
vt 0.425800 0.942772
vt 0.449200 0.936726
vt 0.472600 0.936726
vt 0.472600 0.942772
vt 0.449200 0.942772
vt 0.472600 0.936726
vt 0.496000 0.936726
vt 0.496000 0.942772
vt 0.472600 0.942772
vt 0.379000 0.942772
vt 0.402400 0.942772
vt 0.402400 0.948421
vt 0.379000 0.948421
vt 0.402400 0.942772
vt 0.425800 0.942772
vt 0.425800 0.948421
vt 0.402400 0.948421
vt 0.425800 0.942772
vt 0.449200 0.942772
vt 0.449200 0.948421
vt 0.425800 0.948421
vt 0.449200 0.942772
vt 0.472600 0.942772
vt 0.472600 0.948421
vt 0.449200 0.948421
vt 0.472600 0.942772
vt 0.496000 0.942772
vt 0.496000 0.948421
vt 0.472600 0.948421
vt 0.379000 0.948421
vt 0.402400 0.948421
vt 0.402400 0.953774
vt 0.379000 0.953774
vt 0.402400 0.948421
vt 0.425800 0.948421
vt 0.425800 0.953774
vt 0.402400 0.953774
vt 0.425800 0.948421
vt 0.449200 0.948421
vt 0.449200 0.953774
vt 0.425800 0.953774
vt 0.449200 0.948421
vt 0.472600 0.948421
vt 0.472600 0.953774
vt 0.449200 0.953774
vt 0.472600 0.948421
vt 0.496000 0.948421
vt 0.496000 0.953774
vt 0.472600 0.953774
vt 0.379000 0.953774
vt 0.402400 0.953774
vt 0.402400 0.959121
vt 0.379000 0.959121
vt 0.402400 0.953774
vt 0.425800 0.953774
vt 0.425800 0.959121
vt 0.402400 0.959121
vt 0.425800 0.953774
vt 0.449200 0.953774
vt 0.449200 0.959121
vt 0.425800 0.959121
vt 0.449200 0.953774
vt 0.472600 0.953774
vt 0.472600 0.959121
vt 0.449200 0.959121
vt 0.472600 0.953774
vt 0.496000 0.953774
vt 0.496000 0.959121
vt 0.472600 0.959121
vt 0.379000 0.959121
vt 0.402400 0.959121
vt 0.402400 0.964748
vt 0.379000 0.964748
vt 0.402400 0.959121
vt 0.425800 0.959121
vt 0.425800 0.964748
vt 0.402400 0.964748
vt 0.425800 0.959121
vt 0.449200 0.959121
vt 0.449200 0.964748
vt 0.425800 0.964748
vt 0.449200 0.959121
vt 0.472600 0.959121
vt 0.472600 0.964748
vt 0.449200 0.964748
vt 0.472600 0.959121
vt 0.496000 0.959121
vt 0.496000 0.964748
vt 0.472600 0.964748
vt 0.379000 0.964748
vt 0.402400 0.964748
vt 0.402400 0.970745
vt 0.379000 0.970745
vt 0.402400 0.964748
vt 0.425800 0.964748
vt 0.425800 0.970745
vt 0.402400 0.970745
vt 0.425800 0.964748
vt 0.449200 0.964748
vt 0.449200 0.970745
vt 0.425800 0.970745
vt 0.449200 0.964748
vt 0.472600 0.964748
vt 0.472600 0.970745
vt 0.449200 0.970745
vt 0.472600 0.964748
vt 0.496000 0.964748
vt 0.496000 0.970745
vt 0.472600 0.970745
vt 0.379000 0.970745
vt 0.402400 0.970745
vt 0.402400 0.976985
vt 0.379000 0.976985
vt 0.402400 0.970745
vt 0.425800 0.970745
vt 0.425800 0.976985
vt 0.402400 0.976985
vt 0.425800 0.970745
vt 0.449200 0.970745
vt 0.449200 0.976985
vt 0.425800 0.976985
vt 0.449200 0.970745
vt 0.472600 0.970745
vt 0.472600 0.976985
vt 0.449200 0.976985
vt 0.472600 0.970745
vt 0.496000 0.970745
vt 0.496000 0.976985
vt 0.472600 0.976985
vt 0.379000 0.976985
vt 0.402400 0.976985
vt 0.402400 0.983209
vt 0.379000 0.983209
vt 0.402400 0.976985
vt 0.425800 0.976985
vt 0.425800 0.983209
vt 0.402400 0.983209
vt 0.425800 0.976985
vt 0.449200 0.976985
vt 0.449200 0.983209
vt 0.425800 0.983209
vt 0.449200 0.976985
vt 0.472600 0.976985
vt 0.472600 0.983209
vt 0.449200 0.983209
vt 0.472600 0.976985
vt 0.496000 0.976985
vt 0.496000 0.983209
vt 0.472600 0.983209
vt 0.379000 0.983209
vt 0.402400 0.983209
vt 0.402400 0.989164
vt 0.379000 0.989164
vt 0.402400 0.983209
vt 0.425800 0.983209
vt 0.425800 0.989164
vt 0.402400 0.989164
vt 0.425800 0.983209
vt 0.449200 0.983209
vt 0.449200 0.989164
vt 0.425800 0.989164
vt 0.449200 0.983209
vt 0.472600 0.983209
vt 0.472600 0.989164
vt 0.449200 0.989164
vt 0.472600 0.983209
vt 0.496000 0.983209
vt 0.496000 0.989164
vt 0.472600 0.989164
vt 0.379000 0.989164
vt 0.402400 0.989164
vt 0.402400 0.994728
vt 0.379000 0.994728
vt 0.402400 0.989164
vt 0.425800 0.989164
vt 0.425800 0.994728
vt 0.402400 0.994728
vt 0.425800 0.989164
vt 0.449200 0.989164
vt 0.449200 0.994728
vt 0.425800 0.994728
vt 0.449200 0.989164
vt 0.472600 0.989164
vt 0.472600 0.994728
vt 0.449200 0.994728
vt 0.472600 0.989164
vt 0.496000 0.989164
vt 0.496000 0.994728
vt 0.472600 0.994728
vt 0.379000 0.994728
vt 0.402400 0.994728
vt 0.402400 1.000000
vt 0.379000 1.000000
vt 0.402400 0.994728
vt 0.425800 0.994728
vt 0.425800 1.000000
vt 0.402400 1.000000
vt 0.425800 0.994728
vt 0.449200 0.994728
vt 0.449200 1.000000
vt 0.425800 1.000000
vt 0.449200 0.994728
vt 0.472600 0.994728
vt 0.472600 1.000000
vt 0.449200 1.000000
vt 0.472600 0.994728
vt 0.496000 0.994728
vt 0.496000 1.000000
vt 0.472600 1.000000
vt 0.379000 0.000000
vt 0.388750 0.000000
vt 0.388750 0.437500
vt 0.379000 0.437500
vt 0.388750 0.000000
vt 0.398500 0.000000
vt 0.398500 0.437500
vt 0.388750 0.437500
vt 0.398500 0.000000
vt 0.408250 0.000000
vt 0.408250 0.437500
vt 0.398500 0.437500
vt 0.408250 0.000000
vt 0.418000 0.000000
vt 0.418000 0.437500
vt 0.408250 0.437500
vt 0.418000 0.000000
vt 0.427750 0.000000
vt 0.427750 0.437500
vt 0.418000 0.437500
vt 0.427750 0.000000
vt 0.437500 0.000000
vt 0.437500 0.437500
vt 0.427750 0.437500
vt 0.437500 0.000000
vt 0.447250 0.000000
vt 0.447250 0.437500
vt 0.437500 0.437500
vt 0.447250 0.000000
vt 0.457000 0.000000
vt 0.457000 0.437500
vt 0.447250 0.437500
vt 0.457000 0.000000
vt 0.466750 0.000000
vt 0.466750 0.437500
vt 0.457000 0.437500
vt 0.466750 0.000000
vt 0.476500 0.000000
vt 0.476500 0.437500
vt 0.466750 0.437500
vt 0.476500 0.000000
vt 0.486250 0.000000
vt 0.486250 0.437500
vt 0.476500 0.437500
vt 0.486250 0.000000
vt 0.496000 0.000000
vt 0.496000 0.437500
vt 0.486250 0.437500
vt 0.379000 0.437500
vt 0.388750 0.437500
vt 0.388750 1.000000
vt 0.379000 1.000000
vt 0.388750 0.437500
vt 0.398500 0.437500
vt 0.398500 1.000000
vt 0.388750 1.000000
vt 0.398500 0.437500
vt 0.408250 0.437500
vt 0.408250 1.000000
vt 0.398500 1.000000
vt 0.408250 0.437500
vt 0.418000 0.437500
vt 0.418000 1.000000
vt 0.408250 1.000000
vt 0.418000 0.437500
vt 0.427750 0.437500
vt 0.427750 1.000000
vt 0.418000 1.000000
vt 0.427750 0.437500
vt 0.437500 0.437500
vt 0.437500 1.000000
vt 0.427750 1.000000
vt 0.437500 0.437500
vt 0.447250 0.437500
vt 0.447250 1.000000
vt 0.437500 1.000000
vt 0.447250 0.437500
vt 0.457000 0.437500
vt 0.457000 1.000000
vt 0.447250 1.000000
vt 0.457000 0.437500
vt 0.466750 0.437500
vt 0.466750 1.000000
vt 0.457000 1.000000
vt 0.466750 0.437500
vt 0.476500 0.437500
vt 0.476500 1.000000
vt 0.466750 1.000000
vt 0.476500 0.437500
vt 0.486250 0.437500
vt 0.486250 1.000000
vt 0.476500 1.000000
vt 0.486250 0.437500
vt 0.496000 0.437500
vt 0.496000 1.000000
vt 0.486250 1.000000
vt 0.379000 0.000000
vt 0.390700 0.000000
vt 0.390700 0.142857
vt 0.379000 0.142857
vt 0.390700 0.000000
vt 0.402400 0.000000
vt 0.402400 0.142857
vt 0.390700 0.142857
vt 0.402400 0.000000
vt 0.414100 0.000000
vt 0.414100 0.142857
vt 0.402400 0.142857
vt 0.414100 0.000000
vt 0.425800 0.000000
vt 0.425800 0.142857
vt 0.414100 0.142857
vt 0.425800 0.000000
vt 0.437500 0.000000
vt 0.437500 0.142857
vt 0.425800 0.142857
vt 0.437500 0.000000
vt 0.449200 0.000000
vt 0.449200 0.142857
vt 0.437500 0.142857
vt 0.449200 0.000000
vt 0.460900 0.000000
vt 0.460900 0.142857
vt 0.449200 0.142857
vt 0.460900 0.000000
vt 0.472600 0.000000
vt 0.472600 0.142857
vt 0.460900 0.142857
vt 0.472600 0.000000
vt 0.484300 0.000000
vt 0.484300 0.142857
vt 0.472600 0.142857
vt 0.484300 0.000000
vt 0.496000 0.000000
vt 0.496000 0.142857
vt 0.484300 0.142857
vt 0.379000 0.142857
vt 0.390700 0.142857
vt 0.390700 0.428571
vt 0.379000 0.428571
vt 0.390700 0.142857
vt 0.402400 0.142857
vt 0.402400 0.428571
vt 0.390700 0.428571
vt 0.402400 0.142857
vt 0.414100 0.142857
vt 0.414100 0.428571
vt 0.402400 0.428571
vt 0.414100 0.142857
vt 0.425800 0.142857
vt 0.425800 0.428571
vt 0.414100 0.428571
vt 0.425800 0.142857
vt 0.437500 0.142857
vt 0.437500 0.428571
vt 0.425800 0.428571
vt 0.437500 0.142857
vt 0.449200 0.142857
vt 0.449200 0.428571
vt 0.437500 0.428571
vt 0.449200 0.142857
vt 0.460900 0.142857
vt 0.460900 0.428571
vt 0.449200 0.428571
vt 0.460900 0.142857
vt 0.472600 0.142857
vt 0.472600 0.428571
vt 0.460900 0.428571
vt 0.472600 0.142857
vt 0.484300 0.142857
vt 0.484300 0.428571
vt 0.472600 0.428571
vt 0.484300 0.142857
vt 0.496000 0.142857
vt 0.496000 0.428571
vt 0.484300 0.428571
vt 0.379000 0.428571
vt 0.390700 0.428571
vt 0.390700 0.761905
vt 0.379000 0.761905
vt 0.390700 0.428571
vt 0.402400 0.428571
vt 0.402400 0.761905
vt 0.390700 0.761905
vt 0.402400 0.428571
vt 0.414100 0.428571
vt 0.414100 0.761905
vt 0.402400 0.761905
vt 0.414100 0.428571
vt 0.425800 0.428571
vt 0.425800 0.761905
vt 0.414100 0.761905
vt 0.425800 0.428571
vt 0.437500 0.428571
vt 0.437500 0.761905
vt 0.425800 0.761905
vt 0.437500 0.428571
vt 0.449200 0.428571
vt 0.449200 0.761905
vt 0.437500 0.761905
vt 0.449200 0.428571
vt 0.460900 0.428571
vt 0.460900 0.761905
vt 0.449200 0.761905
vt 0.460900 0.428571
vt 0.472600 0.428571
vt 0.472600 0.761905
vt 0.460900 0.761905
vt 0.472600 0.428571
vt 0.484300 0.428571
vt 0.484300 0.761905
vt 0.472600 0.761905
vt 0.484300 0.428571
vt 0.496000 0.428571
vt 0.496000 0.761905
vt 0.484300 0.761905
vt 0.379000 0.761905
vt 0.390700 0.761905
vt 0.390700 1.000000
vt 0.379000 1.000000
vt 0.390700 0.761905
vt 0.402400 0.761905
vt 0.402400 1.000000
vt 0.390700 1.000000
vt 0.402400 0.761905
vt 0.414100 0.761905
vt 0.414100 1.000000
vt 0.402400 1.000000
vt 0.414100 0.761905
vt 0.425800 0.761905
vt 0.425800 1.000000
vt 0.414100 1.000000
vt 0.425800 0.761905
vt 0.437500 0.761905
vt 0.437500 1.000000
vt 0.425800 1.000000
vt 0.437500 0.761905
vt 0.449200 0.761905
vt 0.449200 1.000000
vt 0.437500 1.000000
vt 0.449200 0.761905
vt 0.460900 0.761905
vt 0.460900 1.000000
vt 0.449200 1.000000
vt 0.460900 0.761905
vt 0.472600 0.761905
vt 0.472600 1.000000
vt 0.460900 1.000000
vt 0.472600 0.761905
vt 0.484300 0.761905
vt 0.484300 1.000000
vt 0.472600 1.000000
vt 0.484300 0.761905
vt 0.496000 0.761905
vt 0.496000 1.000000
vt 0.484300 1.000000
vt 0.629000 0.000000
vt 0.640700 0.000000
vt 0.640700 0.066987
vt 0.629000 0.066987
vt 0.640700 0.000000
vt 0.652400 0.000000
vt 0.652400 0.066987
vt 0.640700 0.066987
vt 0.652400 0.000000
vt 0.664100 0.000000
vt 0.664100 0.066987
vt 0.652400 0.066987
vt 0.664100 0.000000
vt 0.675800 0.000000
vt 0.675800 0.066987
vt 0.664100 0.066987
vt 0.675800 0.000000
vt 0.687500 0.000000
vt 0.687500 0.066987
vt 0.675800 0.066987
vt 0.687500 0.000000
vt 0.699200 0.000000
vt 0.699200 0.066987
vt 0.687500 0.066987
vt 0.699200 0.000000
vt 0.710900 0.000000
vt 0.710900 0.066987
vt 0.699200 0.066987
vt 0.710900 0.000000
vt 0.722600 0.000000
vt 0.722600 0.066987
vt 0.710900 0.066987
vt 0.722600 0.000000
vt 0.734300 0.000000
vt 0.734300 0.066987
vt 0.722600 0.066987
vt 0.734300 0.000000
vt 0.746000 0.000000
vt 0.746000 0.066987
vt 0.734300 0.066987
vt 0.629000 0.066987
vt 0.640700 0.066987
vt 0.640700 0.250000
vt 0.629000 0.250000
vt 0.640700 0.066987
vt 0.652400 0.066987
vt 0.652400 0.250000
vt 0.640700 0.250000
vt 0.652400 0.066987
vt 0.664100 0.066987
vt 0.664100 0.250000
vt 0.652400 0.250000
vt 0.664100 0.066987
vt 0.675800 0.066987
vt 0.675800 0.250000
vt 0.664100 0.250000
vt 0.675800 0.066987
vt 0.687500 0.066987
vt 0.687500 0.250000
vt 0.675800 0.250000
vt 0.687500 0.066987
vt 0.699200 0.066987
vt 0.699200 0.250000
vt 0.687500 0.250000
vt 0.699200 0.066987
vt 0.710900 0.066987
vt 0.710900 0.250000
vt 0.699200 0.250000
vt 0.710900 0.066987
vt 0.722600 0.066987
vt 0.722600 0.250000
vt 0.710900 0.250000
vt 0.722600 0.066987
vt 0.734300 0.066987
vt 0.734300 0.250000
vt 0.722600 0.250000
vt 0.734300 0.066987
vt 0.746000 0.066987
vt 0.746000 0.250000
vt 0.734300 0.250000
vt 0.629000 0.250000
vt 0.640700 0.250000
vt 0.640700 0.500000
vt 0.629000 0.500000
vt 0.640700 0.250000
vt 0.652400 0.250000
vt 0.652400 0.500000
vt 0.640700 0.500000
vt 0.652400 0.250000
vt 0.664100 0.250000
vt 0.664100 0.500000
vt 0.652400 0.500000
vt 0.664100 0.250000
vt 0.675800 0.250000
vt 0.675800 0.500000
vt 0.664100 0.500000
vt 0.675800 0.250000
vt 0.687500 0.250000
vt 0.687500 0.500000
vt 0.675800 0.500000
vt 0.687500 0.250000
vt 0.699200 0.250000
vt 0.699200 0.500000
vt 0.687500 0.500000
vt 0.699200 0.250000
vt 0.710900 0.250000
vt 0.710900 0.500000
vt 0.699200 0.500000
vt 0.710900 0.250000
vt 0.722600 0.250000
vt 0.722600 0.500000
vt 0.710900 0.500000
vt 0.722600 0.250000
vt 0.734300 0.250000
vt 0.734300 0.500000
vt 0.722600 0.500000
vt 0.734300 0.250000
vt 0.746000 0.250000
vt 0.746000 0.500000
vt 0.734300 0.500000
vt 0.629000 0.500000
vt 0.640700 0.500000
vt 0.640700 0.750000
vt 0.629000 0.750000
vt 0.640700 0.500000
vt 0.652400 0.500000
vt 0.652400 0.750000
vt 0.640700 0.750000
vt 0.652400 0.500000
vt 0.664100 0.500000
vt 0.664100 0.750000
vt 0.652400 0.750000
vt 0.664100 0.500000
vt 0.675800 0.500000
vt 0.675800 0.750000
vt 0.664100 0.750000
vt 0.675800 0.500000
vt 0.687500 0.500000
vt 0.687500 0.750000
vt 0.675800 0.750000
vt 0.687500 0.500000
vt 0.699200 0.500000
vt 0.699200 0.750000
vt 0.687500 0.750000
vt 0.699200 0.500000
vt 0.710900 0.500000
vt 0.710900 0.750000
vt 0.699200 0.750000
vt 0.710900 0.500000
vt 0.722600 0.500000
vt 0.722600 0.750000
vt 0.710900 0.750000
vt 0.722600 0.500000
vt 0.734300 0.500000
vt 0.734300 0.750000
vt 0.722600 0.750000
vt 0.734300 0.500000
vt 0.746000 0.500000
vt 0.746000 0.750000
vt 0.734300 0.750000
vt 0.629000 0.750000
vt 0.640700 0.750000
vt 0.640700 0.933013
vt 0.629000 0.933013
vt 0.640700 0.750000
vt 0.652400 0.750000
vt 0.652400 0.933013
vt 0.640700 0.933013
vt 0.652400 0.750000
vt 0.664100 0.750000
vt 0.664100 0.933013
vt 0.652400 0.933013
vt 0.664100 0.750000
vt 0.675800 0.750000
vt 0.675800 0.933013
vt 0.664100 0.933013
vt 0.675800 0.750000
vt 0.687500 0.750000
vt 0.687500 0.933013
vt 0.675800 0.933013
vt 0.687500 0.750000
vt 0.699200 0.750000
vt 0.699200 0.933013
vt 0.687500 0.933013
vt 0.699200 0.750000
vt 0.710900 0.750000
vt 0.710900 0.933013
vt 0.699200 0.933013
vt 0.710900 0.750000
vt 0.722600 0.750000
vt 0.722600 0.933013
vt 0.710900 0.933013
vt 0.722600 0.750000
vt 0.734300 0.750000
vt 0.734300 0.933013
vt 0.722600 0.933013
vt 0.734300 0.750000
vt 0.746000 0.750000
vt 0.746000 0.933013
vt 0.734300 0.933013
vt 0.629000 0.933013
vt 0.640700 0.933013
vt 0.640700 1.000000
vt 0.629000 1.000000
vt 0.640700 0.933013
vt 0.652400 0.933013
vt 0.652400 1.000000
vt 0.640700 1.000000
vt 0.652400 0.933013
vt 0.664100 0.933013
vt 0.664100 1.000000
vt 0.652400 1.000000
vt 0.664100 0.933013
vt 0.675800 0.933013
vt 0.675800 1.000000
vt 0.664100 1.000000
vt 0.675800 0.933013
vt 0.687500 0.933013
vt 0.687500 1.000000
vt 0.675800 1.000000
vt 0.687500 0.933013
vt 0.699200 0.933013
vt 0.699200 1.000000
vt 0.687500 1.000000
vt 0.699200 0.933013
vt 0.710900 0.933013
vt 0.710900 1.000000
vt 0.699200 1.000000
vt 0.710900 0.933013
vt 0.722600 0.933013
vt 0.722600 1.000000
vt 0.710900 1.000000
vt 0.722600 0.933013
vt 0.734300 0.933013
vt 0.734300 1.000000
vt 0.722600 1.000000
vt 0.734300 0.933013
vt 0.746000 0.933013
vt 0.746000 1.000000
vt 0.734300 1.000000
g blade
f 1/1 2/2 3/3 4/4
f 5/5 6/6 7/7 8/8
f 9/9 10/10 11/11 12/12
f 13/13 14/14 15/15 16/16
f 17/17 18/18 19/19 20/20
f 21/21 22/22 23/23 24/24
f 25/25 26/26 27/27 28/28
f 29/29 30/30 31/31 32/32
f 33/33 34/34 35/35 36/36
f 37/37 38/38 39/39 40/40
f 41/41 42/42 43/43 44/44
f 45/45 46/46 47/47 48/48
f 49/49 50/50 51/51 52/52
f 53/53 54/54 55/55 56/56
f 57/57 58/58 59/59 60/60
f 61/61 62/62 63/63 64/64
f 65/65 66/66 67/67 68/68
f 69/69 70/70 71/71 72/72
f 73/73 74/74 75/75 76/76
f 77/77 78/78 79/79 80/80
f 81/81 82/82 83/83 84/84
f 85/85 86/86 87/87 88/88
f 89/89 90/90 91/91 92/92
f 93/93 94/94 95/95 96/96
f 97/97 98/98 99/99 100/100
f 101/101 102/102 103/103 104/104
f 105/105 106/106 107/107 108/108
f 109/109 110/110 111/111 112/112
f 113/113 114/114 115/115 116/116
f 117/117 118/118 119/119 120/120
f 121/121 122/122 123/123 124/124
f 125/125 126/126 127/127 128/128
f 129/129 130/130 131/131 132/132
f 133/133 134/134 135/135 136/136
f 137/137 138/138 139/139 140/140
f 141/141 142/142 143/143 144/144
f 145/145 146/146 147/147 148/148
f 149/149 150/150 151/151 152/152
f 153/153 154/154 155/155 156/156
f 157/157 158/158 159/159 160/160
f 161/161 162/162 163/163 164/164
f 165/165 166/166 167/167 168/168
f 169/169 170/170 171/171 172/172
f 173/173 174/174 175/175 176/176
f 177/177 178/178 179/179 180/180
f 181/181 182/182 183/183 184/184
f 185/185 186/186 187/187 188/188
f 189/189 190/190 191/191 192/192
f 193/193 194/194 195/195 196/196
f 197/197 198/198 199/199 200/200
f 201/201 202/202 203/203 204/204
f 205/205 206/206 207/207 208/208
f 209/209 210/210 211/211 212/212
f 213/213 214/214 215/215 216/216
f 217/217 218/218 219/219 220/220
f 221/221 222/222 223/223 224/224
f 225/225 226/226 227/227 228/228
f 229/229 230/230 231/231 232/232
f 233/233 234/234 235/235 236/236
f 237/237 238/238 239/239 240/240
f 241/241 242/242 243/243 244/244
f 245/245 246/246 247/247 248/248
f 249/249 250/250 251/251 252/252
f 253/253 254/254 255/255 256/256
f 257/257 258/258 259/259 260/260
f 261/261 262/262 263/263 264/264
f 265/265 266/266 267/267 268/268
f 269/269 270/270 271/271 272/272
f 273/273 274/274 275/275 276/276
f 277/277 278/278 279/279 280/280
f 281/281 282/282 283/283 284/284
f 285/285 286/286 287/287 288/288
f 289/289 290/290 291/291 292/292
f 293/293 294/294 295/295 296/296
f 297/297 298/298 299/299 300/300
f 301/301 302/302 303/303 304/304
f 305/305 306/306 307/307 308/308
f 309/309 310/310 311/311 312/312
f 313/313 314/314 315/315 316/316
f 317/317 318/318 319/319 320/320
f 321/321 322/322 323/323 324/324
f 325/325 326/326 327/327 328/328
f 329/329 330/330 331/331 332/332
f 333/333 334/334 335/335 336/336
f 337/337 338/338 339/339 340/340
f 341/341 342/342 343/343 344/344
f 345/345 346/346 347/347 348/348
f 349/349 350/350 351/351 352/352
f 353/353 354/354 355/355 356/356
f 357/357 358/358 359/359 360/360
f 361/361 362/362 363/363 364/364
f 365/365 366/366 367/367 368/368
f 369/369 370/370 371/371 372/372
f 373/373 374/374 375/375 376/376
f 377/377 378/378 379/379 380/380
f 381/381 382/382 383/383 384/384
f 385/385 386/386 387/387 388/388
f 389/389 390/390 391/391 392/392
f 393/393 394/394 395/395 396/396
f 397/397 398/398 399/399 400/400
f 401/401 402/402 403/403 404/404
f 405/405 406/406 407/407 408/408
f 409/409 410/410 411/411 412/412
f 413/413 414/414 415/415 416/416
f 417/417 418/418 419/419 420/420
f 421/421 422/422 423/423 424/424
f 425/425 426/426 427/427 428/428
f 429/429 430/430 431/431 432/432
f 433/433 434/434 435/435 436/436
f 437/437 438/438 439/439 440/440
f 441/441 442/442 443/443 444/444
f 445/445 446/446 447/447 448/448
f 449/449 450/450 451/451 452/452
f 453/453 454/454 455/455 456/456
f 457/457 458/458 459/459 460/460
f 461/461 462/462 463/463 464/464
f 465/465 466/466 467/467 468/468
f 469/469 470/470 471/471 472/472
f 473/473 474/474 475/475 476/476
f 477/477 478/478 479/479 480/480
g ricasso
f 481/481 482/482 483/483 484/484
f 485/485 486/486 487/487 488/488
f 489/489 490/490 491/491 492/492
f 493/493 494/494 495/495 496/496
f 497/497 498/498 499/499 500/500
f 501/501 502/502 503/503 504/504
g glow
f 505/505 506/506 507/507 508/508
f 509/509 510/510 511/511 512/512
f 513/513 514/514 515/515 516/516
f 517/517 518/518 519/519 520/520
f 521/521 522/522 523/523 524/524
f 525/525 526/526 527/527 528/528
f 529/529 530/530 531/531 532/532
f 533/533 534/534 535/535 536/536
f 537/537 538/538 539/539 540/540
f 541/541 542/542 543/543 544/544
f 545/545 546/546 547/547 548/548
f 549/549 550/550 551/551 552/552
f 553/553 554/554 555/555 556/556
f 557/557 558/558 559/559 560/560
f 561/561 562/562 563/563 564/564
f 565/565 566/566 567/567 568/568
f 569/569 570/570 571/571 572/572
f 573/573 574/574 575/575 576/576
f 577/577 578/578 579/579 580/580
f 581/581 582/582 583/583 584/584
f 585/585 586/586 587/587 588/588
f 589/589 590/590 591/591 592/592
f 593/593 594/594 595/595 596/596
f 597/597 598/598 599/599 600/600
g guard
f 601/601 602/602 603/603 604/604
f 605/605 606/606 607/607 608/608
f 609/609 610/610 611/611 612/612
f 613/613 614/614 615/615 616/616
f 617/617 618/618 619/619 620/620
f 621/621 622/622 623/623 624/624
f 625/625 626/626 627/627 628/628
f 629/629 630/630 631/631 632/632
f 633/633 634/634 635/635 636/636
f 637/637 638/638 639/639 640/640
f 641/641 642/642 643/643 644/644
f 645/645 646/646 647/647 648/648
f 649/649 650/650 651/651 652/652
f 653/653 654/654 655/655 656/656
f 657/657 658/658 659/659 660/660
f 661/661 662/662 663/663 664/664
f 665/665 666/666 667/667 668/668
f 669/669 670/670 671/671 672/672
f 673/673 674/674 675/675 676/676
f 677/677 678/678 679/679 680/680
f 681/681 682/682 683/683 684/684
f 685/685 686/686 687/687 688/688
f 689/689 690/690 691/691 692/692
f 693/693 694/694 695/695 696/696
f 697/697 698/698 699/699 700/700
f 701/701 702/702 703/703 704/704
f 705/705 706/706 707/707 708/708
f 709/709 710/710 711/711 712/712
f 713/713 714/714 715/715 716/716
f 717/717 718/718 719/719 720/720
f 721/721 722/722 723/723 724/724
f 725/725 726/726 727/727 728/728
f 729/729 730/730 731/731 732/732
f 733/733 734/734 735/735 736/736
f 737/737 738/738 739/739 740/740
f 741/741 742/742 743/743 744/744
f 745/745 746/746 747/747 748/748
f 749/749 750/750 751/751 752/752
f 753/753 754/754 755/755 756/756
f 757/757 758/758 759/759 760/760
f 761/761 762/762 763/763 764/764
f 765/765 766/766 767/767 768/768
f 769/769 770/770 771/771 772/772
f 773/773 774/774 775/775 776/776
f 777/777 778/778 779/779 780/780
f 781/781 782/782 783/783 784/784
f 785/785 786/786 787/787 788/788
f 789/789 790/790 791/791 792/792
f 793/793 794/794 795/795 796/796
f 797/797 798/798 799/799 800/800
f 801/801 802/802 803/803 804/804
f 805/805 806/806 807/807 808/808
f 809/809 810/810 811/811 812/812
f 813/813 814/814 815/815 816/816
f 817/817 818/818 819/819 820/820
f 821/821 822/822 823/823 824/824
f 825/825 826/826 827/827 828/828
f 829/829 830/830 831/831 832/832
f 833/833 834/834 835/835 836/836
f 837/837 838/838 839/839 840/840
f 841/841 842/842 843/843 844/844
f 845/845 846/846 847/847 848/848
f 849/849 850/850 851/851 852/852
f 853/853 854/854 855/855 856/856
f 857/857 858/858 859/859 860/860
f 861/861 862/862 863/863 864/864
f 865/865 866/866 867/867 868/868
f 869/869 870/870 871/871 872/872
f 873/873 874/874 875/875 876/876
f 877/877 878/878 879/879 880/880
f 881/881 882/882 883/883 884/884
f 885/885 886/886 887/887 888/888
f 889/889 890/890 891/891 892/892
f 893/893 894/894 895/895 896/896
f 897/897 898/898 899/899 900/900
f 901/901 902/902 903/903 904/904
f 905/905 906/906 907/907 908/908
f 909/909 910/910 911/911 912/912
f 913/913 914/914 915/915 916/916
f 917/917 918/918 919/919 920/920
f 921/921 922/922 923/923 924/924
f 925/925 926/926 927/927 928/928
f 929/929 930/930 931/931 932/932
f 933/933 934/934 935/935 936/936
f 937/937 938/938 939/939 940/940
f 941/941 942/942 943/943 944/944
f 945/945 946/946 947/947 948/948
f 949/949 950/950 951/951 952/952
f 953/953 954/954 955/955 956/956
f 957/957 958/958 959/959 960/960
f 961/961 962/962 963/963 964/964
f 965/965 966/966 967/967 968/968
f 969/969 970/970 971/971 972/972
f 973/973 974/974 975/975 976/976
f 977/977 978/978 979/979 980/980
f 981/981 982/982 983/983 984/984
f 985/985 986/986 987/987 988/988
f 989/989 990/990 991/991 992/992
f 993/993 994/994 995/995 996/996
f 997/997 998/998 999/999 1000/1000
f 1001/1001 1002/1002 1003/1003 1004/1004
f 1005/1005 1006/1006 1007/1007 1008/1008
f 1009/1009 1010/1010 1011/1011 1012/1012
f 1013/1013 1014/1014 1015/1015 1016/1016
f 1017/1017 1018/1018 1019/1019 1020/1020
f 1021/1021 1022/1022 1023/1023 1024/1024
f 1025/1025 1026/1026 1027/1027 1028/1028
f 1029/1029 1030/1030 1031/1031 1032/1032
f 1033/1033 1034/1034 1035/1035 1036/1036
f 1037/1037 1038/1038 1039/1039 1040/1040
f 1041/1041 1042/1042 1043/1043 1044/1044
f 1045/1045 1046/1046 1047/1047 1048/1048
f 1049/1049 1050/1050 1051/1051 1052/1052
f 1053/1053 1054/1054 1055/1055 1056/1056
f 1057/1057 1058/1058 1059/1059 1060/1060
f 1061/1061 1062/1062 1063/1063 1064/1064
f 1065/1065 1066/1066 1067/1067 1068/1068
f 1069/1069 1070/1070 1071/1071 1072/1072
f 1073/1073 1074/1074 1075/1075 1076/1076
f 1077/1077 1078/1078 1079/1079 1080/1080
f 1081/1081 1082/1082 1083/1083 1084/1084
f 1085/1085 1086/1086 1087/1087 1088/1088
f 1089/1089 1090/1090 1091/1091 1092/1092
f 1093/1093 1094/1094 1095/1095 1096/1096
f 1097/1097 1098/1098 1099/1099 1100/1100
f 1101/1101 1102/1102 1103/1103 1104/1104
f 1105/1105 1106/1106 1107/1107 1108/1108
f 1109/1109 1110/1110 1111/1111 1112/1112
f 1113/1113 1114/1114 1115/1115 1116/1116
f 1117/1117 1118/1118 1119/1119 1120/1120
f 1121/1121 1122/1122 1123/1123 1124/1124
f 1125/1125 1126/1126 1127/1127 1128/1128
f 1129/1129 1130/1130 1131/1131 1132/1132
f 1133/1133 1134/1134 1135/1135 1136/1136
f 1137/1137 1138/1138 1139/1139 1140/1140
f 1141/1141 1142/1142 1143/1143 1144/1144
f 1145/1145 1146/1146 1147/1147 1148/1148
f 1149/1149 1150/1150 1151/1151 1152/1152
f 1153/1153 1154/1154 1155/1155 1156/1156
f 1157/1157 1158/1158 1159/1159 1160/1160
f 1161/1161 1162/1162 1163/1163 1164/1164
f 1165/1165 1166/1166 1167/1167 1168/1168
f 1169/1169 1170/1170 1171/1171 1172/1172
f 1173/1173 1174/1174 1175/1175 1176/1176
f 1177/1177 1178/1178 1179/1179 1180/1180
f 1181/1181 1182/1182 1183/1183 1184/1184
f 1185/1185 1186/1186 1187/1187 1188/1188
f 1189/1189 1190/1190 1191/1191 1192/1192
f 1193/1193 1194/1194 1195/1195 1196/1196
f 1197/1197 1198/1198 1199/1199 1200/1200
f 1201/1201 1202/1202 1203/1203 1204/1204
f 1205/1205 1206/1206 1207/1207 1208/1208
f 1209/1209 1210/1210 1211/1211 1212/1212
f 1213/1213 1214/1214 1215/1215 1216/1216
f 1217/1217 1218/1218 1219/1219 1220/1220
f 1221/1221 1222/1222 1223/1223 1224/1224
f 1225/1225 1226/1226 1227/1227 1228/1228
f 1229/1229 1230/1230 1231/1231 1232/1232
f 1233/1233 1234/1234 1235/1235 1236/1236
f 1237/1237 1238/1238 1239/1239 1240/1240
f 1241/1241 1242/1242 1243/1243 1244/1244
f 1245/1245 1246/1246 1247/1247 1248/1248
f 1249/1249 1250/1250 1251/1251 1252/1252
f 1253/1253 1254/1254 1255/1255 1256/1256
f 1257/1257 1258/1258 1259/1259 1260/1260
f 1261/1261 1262/1262 1263/1263 1264/1264
f 1265/1265 1266/1266 1267/1267 1268/1268
f 1269/1269 1270/1270 1271/1271 1272/1272
f 1273/1273 1274/1274 1275/1275 1276/1276
f 1277/1277 1278/1278 1279/1279 1280/1280
f 1281/1281 1282/1282 1283/1283 1284/1284
f 1285/1285 1286/1286 1287/1287 1288/1288
f 1289/1289 1290/1290 1291/1291 1292/1292
f 1293/1293 1294/1294 1295/1295 1296/1296
f 1297/1297 1298/1298 1299/1299 1300/1300
f 1301/1301 1302/1302 1303/1303 1304/1304
f 1305/1305 1306/1306 1307/1307 1308/1308
f 1309/1309 1310/1310 1311/1311 1312/1312
f 1313/1313 1314/1314 1315/1315 1316/1316
f 1317/1317 1318/1318 1319/1319 1320/1320
f 1321/1321 1322/1322 1323/1323 1324/1324
f 1325/1325 1326/1326 1327/1327 1328/1328
f 1329/1329 1330/1330 1331/1331 1332/1332
f 1333/1333 1334/1334 1335/1335 1336/1336
f 1337/1337 1338/1338 1339/1339 1340/1340
f 1341/1341 1342/1342 1343/1343 1344/1344
f 1345/1345 1346/1346 1347/1347 1348/1348
f 1349/1349 1350/1350 1351/1351 1352/1352
f 1353/1353 1354/1354 1355/1355 1356/1356
f 1357/1357 1358/1358 1359/1359 1360/1360
f 1361/1361 1362/1362 1363/1363 1364/1364
f 1365/1365 1366/1366 1367/1367 1368/1368
f 1369/1369 1370/1370 1371/1371 1372/1372
f 1373/1373 1374/1374 1375/1375 1376/1376
f 1377/1377 1378/1378 1379/1379 1380/1380
f 1381/1381 1382/1382 1383/1383 1384/1384
f 1385/1385 1386/1386 1387/1387 1388/1388
f 1389/1389 1390/1390 1391/1391 1392/1392
f 1393/1393 1394/1394 1395/1395 1396/1396
f 1397/1397 1398/1398 1399/1399 1400/1400
f 1401/1401 1402/1402 1403/1403 1404/1404
f 1405/1405 1406/1406 1407/1407 1408/1408
f 1409/1409 1410/1410 1411/1411 1412/1412
f 1413/1413 1414/1414 1415/1415 1416/1416
f 1417/1417 1418/1418 1419/1419 1420/1420
f 1421/1421 1422/1422 1423/1423 1424/1424
f 1425/1425 1426/1426 1427/1427 1428/1428
f 1429/1429 1430/1430 1431/1431 1432/1432
f 1433/1433 1434/1434 1435/1435 1436/1436
f 1437/1437 1438/1438 1439/1439 1440/1440
f 1441/1441 1442/1442 1443/1443 1444/1444
f 1445/1445 1446/1446 1447/1447 1448/1448
f 1449/1449 1450/1450 1451/1451 1452/1452
f 1453/1453 1454/1454 1455/1455 1456/1456
f 1457/1457 1458/1458 1459/1459 1460/1460
f 1461/1461 1462/1462 1463/1463 1464/1464
f 1465/1465 1466/1466 1467/1467 1468/1468
f 1469/1469 1470/1470 1471/1471 1472/1472
f 1473/1473 1474/1474 1475/1475 1476/1476
f 1477/1477 1478/1478 1479/1479 1480/1480
f 1481/1481 1482/1482 1483/1483 1484/1484
f 1485/1485 1486/1486 1487/1487 1488/1488
f 1489/1489 1490/1490 1491/1491 1492/1492
f 1493/1493 1494/1494 1495/1495 1496/1496
f 1497/1497 1498/1498 1499/1499 1500/1500
f 1501/1501 1502/1502 1503/1503 1504/1504
f 1505/1505 1506/1506 1507/1507 1508/1508
f 1509/1509 1510/1510 1511/1511 1512/1512
f 1513/1513 1514/1514 1515/1515 1516/1516
f 1517/1517 1518/1518 1519/1519 1520/1520
f 1521/1521 1522/1522 1523/1523 1524/1524
f 1525/1525 1526/1526 1527/1527 1528/1528
f 1529/1529 1530/1530 1531/1531 1532/1532
f 1533/1533 1534/1534 1535/1535 1536/1536
f 1537/1537 1538/1538 1539/1539 1540/1540
f 1541/1541 1542/1542 1543/1543 1544/1544
f 1545/1545 1546/1546 1547/1547 1548/1548
f 1549/1549 1550/1550 1551/1551 1552/1552
f 1553/1553 1554/1554 1555/1555 1556/1556
f 1557/1557 1558/1558 1559/1559 1560/1560
f 1561/1561 1562/1562 1563/1563 1564/1564
f 1565/1565 1566/1566 1567/1567 1568/1568
f 1569/1569 1570/1570 1571/1571 1572/1572
f 1573/1573 1574/1574 1575/1575 1576/1576
f 1577/1577 1578/1578 1579/1579 1580/1580
f 1581/1581 1582/1582 1583/1583 1584/1584
f 1585/1585 1586/1586 1587/1587 1588/1588
f 1589/1589 1590/1590 1591/1591 1592/1592
f 1593/1593 1594/1594 1595/1595 1596/1596
f 1597/1597 1598/1598 1599/1599 1600/1600
f 1601/1601 1602/1602 1603/1603 1604/1604
f 1605/1605 1606/1606 1607/1607 1608/1608
f 1609/1609 1610/1610 1611/1611 1612/1612
f 1613/1613 1614/1614 1615/1615 1616/1616
f 1617/1617 1618/1618 1619/1619 1620/1620
f 1621/1621 1622/1622 1623/1623 1624/1624
f 1625/1625 1626/1626 1627/1627 1628/1628
f 1629/1629 1630/1630 1631/1631 1632/1632
f 1633/1633 1634/1634 1635/1635 1636/1636
f 1637/1637 1638/1638 1639/1639 1640/1640
f 1641/1641 1642/1642 1643/1643 1644/1644
f 1645/1645 1646/1646 1647/1647 1648/1648
f 1649/1649 1650/1650 1651/1651 1652/1652
f 1653/1653 1654/1654 1655/1655 1656/1656
f 1657/1657 1658/1658 1659/1659 1660/1660
f 1661/1661 1662/1662 1663/1663 1664/1664
f 1665/1665 1666/1666 1667/1667 1668/1668
f 1669/1669 1670/1670 1671/1671 1672/1672
f 1673/1673 1674/1674 1675/1675 1676/1676
f 1677/1677 1678/1678 1679/1679 1680/1680
f 1681/1681 1682/1682 1683/1683 1684/1684
f 1685/1685 1686/1686 1687/1687 1688/1688
f 1689/1689 1690/1690 1691/1691 1692/1692
f 1693/1693 1694/1694 1695/1695 1696/1696
f 1697/1697 1698/1698 1699/1699 1700/1700
f 1701/1701 1702/1702 1703/1703 1704/1704
f 1705/1705 1706/1706 1707/1707 1708/1708
f 1709/1709 1710/1710 1711/1711 1712/1712
f 1713/1713 1714/1714 1715/1715 1716/1716
f 1717/1717 1718/1718 1719/1719 1720/1720
f 1721/1721 1722/1722 1723/1723 1724/1724
f 1725/1725 1726/1726 1727/1727 1728/1728
f 1729/1729 1730/1730 1731/1731 1732/1732
f 1733/1733 1734/1734 1735/1735 1736/1736
f 1737/1737 1738/1738 1739/1739 1740/1740
f 1741/1741 1742/1742 1743/1743 1744/1744
f 1745/1745 1746/1746 1747/1747 1748/1748
f 1749/1749 1750/1750 1751/1751 1752/1752
f 1753/1753 1754/1754 1755/1755 1756/1756
f 1757/1757 1758/1758 1759/1759 1760/1760
f 1761/1761 1762/1762 1763/1763 1764/1764
f 1765/1765 1766/1766 1767/1767 1768/1768
f 1769/1769 1770/1770 1771/1771 1772/1772
f 1773/1773 1774/1774 1775/1775 1776/1776
f 1777/1777 1778/1778 1779/1779 1780/1780
f 1781/1781 1782/1782 1783/1783 1784/1784
f 1785/1785 1786/1786 1787/1787 1788/1788
f 1789/1789 1790/1790 1791/1791 1792/1792
f 1793/1793 1794/1794 1795/1795 1796/1796
f 1797/1797 1798/1798 1799/1799 1800/1800
f 1801/1801 1802/1802 1803/1803 1804/1804
f 1805/1805 1806/1806 1807/1807 1808/1808
f 1809/1809 1810/1810 1811/1811 1812/1812
f 1813/1813 1814/1814 1815/1815 1816/1816
f 1817/1817 1818/1818 1819/1819 1820/1820
f 1821/1821 1822/1822 1823/1823 1824/1824
f 1825/1825 1826/1826 1827/1827 1828/1828
f 1829/1829 1830/1830 1831/1831 1832/1832
f 1833/1833 1834/1834 1835/1835 1836/1836
f 1837/1837 1838/1838 1839/1839 1840/1840
f 1841/1841 1842/1842 1843/1843 1844/1844
f 1845/1845 1846/1846 1847/1847 1848/1848
f 1849/1849 1850/1850 1851/1851 1852/1852
f 1853/1853 1854/1854 1855/1855 1856/1856
f 1857/1857 1858/1858 1859/1859 1860/1860
f 1861/1861 1862/1862 1863/1863 1864/1864
f 1865/1865 1866/1866 1867/1867 1868/1868
f 1869/1869 1870/1870 1871/1871 1872/1872
f 1873/1873 1874/1874 1875/1875 1876/1876
f 1877/1877 1878/1878 1879/1879 1880/1880
f 1881/1881 1882/1882 1883/1883 1884/1884
f 1885/1885 1886/1886 1887/1887 1888/1888
f 1889/1889 1890/1890 1891/1891 1892/1892
f 1893/1893 1894/1894 1895/1895 1896/1896
f 1897/1897 1898/1898 1899/1899 1900/1900
f 1901/1901 1902/1902 1903/1903 1904/1904
f 1905/1905 1906/1906 1907/1907 1908/1908
f 1909/1909 1910/1910 1911/1911 1912/1912
f 1913/1913 1914/1914 1915/1915 1916/1916
f 1917/1917 1918/1918 1919/1919 1920/1920
f 1921/1921 1922/1922 1923/1923 1924/1924
f 1925/1925 1926/1926 1927/1927 1928/1928
f 1929/1929 1930/1930 1931/1931 1932/1932
f 1933/1933 1934/1934 1935/1935 1936/1936
f 1937/1937 1938/1938 1939/1939 1940/1940
f 1941/1941 1942/1942 1943/1943 1944/1944
f 1945/1945 1946/1946 1947/1947 1948/1948
f 1949/1949 1950/1950 1951/1951 1952/1952
f 1953/1953 1954/1954 1955/1955 1956/1956
f 1957/1957 1958/1958 1959/1959 1960/1960
f 1961/1961 1962/1962 1963/1963 1964/1964
f 1965/1965 1966/1966 1967/1967 1968/1968
f 1969/1969 1970/1970 1971/1971 1972/1972
f 1973/1973 1974/1974 1975/1975 1976/1976
f 1977/1977 1978/1978 1979/1979 1980/1980
f 1981/1981 1982/1982 1983/1983 1984/1984
f 1985/1985 1986/1986 1987/1987 1988/1988
f 1989/1989 1990/1990 1991/1991 1992/1992
f 1993/1993 1994/1994 1995/1995 1996/1996
f 1997/1997 1998/1998 1999/1999 2000/2000
f 2001/2001 2002/2002 2003/2003 2004/2004
f 2005/2005 2006/2006 2007/2007 2008/2008
f 2009/2009 2010/2010 2011/2011 2012/2012
f 2013/2013 2014/2014 2015/2015 2016/2016
f 2017/2017 2018/2018 2019/2019 2020/2020
f 2021/2021 2022/2022 2023/2023 2024/2024
f 2025/2025 2026/2026 2027/2027 2028/2028
f 2029/2029 2030/2030 2031/2031 2032/2032
f 2033/2033 2034/2034 2035/2035 2036/2036
f 2037/2037 2038/2038 2039/2039 2040/2040
f 2041/2041 2042/2042 2043/2043 2044/2044
f 2045/2045 2046/2046 2047/2047 2048/2048
f 2049/2049 2050/2050 2051/2051 2052/2052
f 2053/2053 2054/2054 2055/2055 2056/2056
f 2057/2057 2058/2058 2059/2059 2060/2060
f 2061/2061 2062/2062 2063/2063 2064/2064
f 2065/2065 2066/2066 2067/2067 2068/2068
f 2069/2069 2070/2070 2071/2071 2072/2072
f 2073/2073 2074/2074 2075/2075 2076/2076
f 2077/2077 2078/2078 2079/2079 2080/2080
f 2081/2081 2082/2082 2083/2083 2084/2084
f 2085/2085 2086/2086 2087/2087 2088/2088
f 2089/2089 2090/2090 2091/2091 2092/2092
f 2093/2093 2094/2094 2095/2095 2096/2096
f 2097/2097 2098/2098 2099/2099 2100/2100
f 2101/2101 2102/2102 2103/2103 2104/2104
f 2105/2105 2106/2106 2107/2107 2108/2108
f 2109/2109 2110/2110 2111/2111 2112/2112
f 2113/2113 2114/2114 2115/2115 2116/2116
f 2117/2117 2118/2118 2119/2119 2120/2120
f 2121/2121 2122/2122 2123/2123 2124/2124
f 2125/2125 2126/2126 2127/2127 2128/2128
f 2129/2129 2130/2130 2131/2131 2132/2132
f 2133/2133 2134/2134 2135/2135 2136/2136
f 2137/2137 2138/2138 2139/2139 2140/2140
f 2141/2141 2142/2142 2143/2143 2144/2144
f 2145/2145 2146/2146 2147/2147 2148/2148
f 2149/2149 2150/2150 2151/2151 2152/2152
f 2153/2153 2154/2154 2155/2155 2156/2156
f 2157/2157 2158/2158 2159/2159 2160/2160
f 2161/2161 2162/2162 2163/2163 2164/2164
f 2165/2165 2166/2166 2167/2167 2168/2168
f 2169/2169 2170/2170 2171/2171 2172/2172
f 2173/2173 2174/2174 2175/2175 2176/2176
f 2177/2177 2178/2178 2179/2179 2180/2180
f 2181/2181 2182/2182 2183/2183 2184/2184
f 2185/2185 2186/2186 2187/2187 2188/2188
f 2189/2189 2190/2190 2191/2191 2192/2192
f 2193/2193 2194/2194 2195/2195 2196/2196
f 2197/2197 2198/2198 2199/2199 2200/2200
f 2201/2201 2202/2202 2203/2203 2204/2204
f 2205/2205 2206/2206 2207/2207 2208/2208
f 2209/2209 2210/2210 2211/2211 2212/2212
f 2213/2213 2214/2214 2215/2215 2216/2216
f 2217/2217 2218/2218 2219/2219 2220/2220
f 2221/2221 2222/2222 2223/2223 2224/2224
f 2225/2225 2226/2226 2227/2227 2228/2228
f 2229/2229 2230/2230 2231/2231 2232/2232
f 2233/2233 2234/2234 2235/2235 2236/2236
f 2237/2237 2238/2238 2239/2239 2240/2240
f 2241/2241 2242/2242 2243/2243 2244/2244
f 2245/2245 2246/2246 2247/2247 2248/2248
f 2249/2249 2250/2250 2251/2251 2252/2252
f 2253/2253 2254/2254 2255/2255 2256/2256
f 2257/2257 2258/2258 2259/2259 2260/2260
f 2261/2261 2262/2262 2263/2263 2264/2264
g glow
f 2265/2265 2266/2266 2267/2267 2268/2268
f 2269/2269 2270/2270 2271/2271 2272/2272
f 2273/2273 2274/2274 2275/2275 2276/2276
f 2277/2277 2278/2278 2279/2279 2280/2280
f 2281/2281 2282/2282 2283/2283 2284/2284
f 2285/2285 2286/2286 2287/2287 2288/2288
f 2289/2289 2290/2290 2291/2291 2292/2292
f 2293/2293 2294/2294 2295/2295 2296/2296
f 2297/2297 2298/2298 2299/2299 2300/2300
f 2301/2301 2302/2302 2303/2303 2304/2304
f 2305/2305 2306/2306 2307/2307 2308/2308
f 2309/2309 2310/2310 2311/2311 2312/2312
f 2313/2313 2314/2314 2315/2315 2316/2316
f 2317/2317 2318/2318 2319/2319 2320/2320
f 2321/2321 2322/2322 2323/2323 2324/2324
f 2325/2325 2326/2326 2327/2327 2328/2328
f 2329/2329 2330/2330 2331/2331 2332/2332
f 2333/2333 2334/2334 2335/2335 2336/2336
f 2337/2337 2338/2338 2339/2339 2340/2340
f 2341/2341 2342/2342 2343/2343 2344/2344
f 2345/2345 2346/2346 2347/2347 2348/2348
f 2349/2349 2350/2350 2351/2351 2352/2352
f 2353/2353 2354/2354 2355/2355 2356/2356
f 2357/2357 2358/2358 2359/2359 2360/2360
f 2361/2361 2362/2362 2363/2363 2364/2364
f 2365/2365 2366/2366 2367/2367 2368/2368
f 2369/2369 2370/2370 2371/2371 2372/2372
f 2373/2373 2374/2374 2375/2375 2376/2376
f 2377/2377 2378/2378 2379/2379 2380/2380
f 2381/2381 2382/2382 2383/2383 2384/2384
f 2385/2385 2386/2386 2387/2387 2388/2388
f 2389/2389 2390/2390 2391/2391 2392/2392
f 2393/2393 2394/2394 2395/2395 2396/2396
f 2397/2397 2398/2398 2399/2399 2400/2400
f 2401/2401 2402/2402 2403/2403 2404/2404
f 2405/2405 2406/2406 2407/2407 2408/2408
f 2409/2409 2410/2410 2411/2411 2412/2412
f 2413/2413 2414/2414 2415/2415 2416/2416
f 2417/2417 2418/2418 2419/2419 2420/2420
f 2421/2421 2422/2422 2423/2423 2424/2424
f 2425/2425 2426/2426 2427/2427 2428/2428
f 2429/2429 2430/2430 2431/2431 2432/2432
f 2433/2433 2434/2434 2435/2435 2436/2436
f 2437/2437 2438/2438 2439/2439 2440/2440
f 2441/2441 2442/2442 2443/2443 2444/2444
f 2445/2445 2446/2446 2447/2447 2448/2448
f 2449/2449 2450/2450 2451/2451 2452/2452
f 2453/2453 2454/2454 2455/2455 2456/2456
f 2457/2457 2458/2458 2459/2459 2460/2460
f 2461/2461 2462/2462 2463/2463 2464/2464
f 2465/2465 2466/2466 2467/2467 2468/2468
f 2469/2469 2470/2470 2471/2471 2472/2472
f 2473/2473 2474/2474 2475/2475 2476/2476
f 2477/2477 2478/2478 2479/2479 2480/2480
f 2481/2481 2482/2482 2483/2483 2484/2484
f 2485/2485 2486/2486 2487/2487 2488/2488
f 2489/2489 2490/2490 2491/2491 2492/2492
f 2493/2493 2494/2494 2495/2495 2496/2496
f 2497/2497 2498/2498 2499/2499 2500/2500
f 2501/2501 2502/2502 2503/2503 2504/2504
f 2505/2505 2506/2506 2507/2507 2508/2508
f 2509/2509 2510/2510 2511/2511 2512/2512
f 2513/2513 2514/2514 2515/2515 2516/2516
f 2517/2517 2518/2518 2519/2519 2520/2520
f 2521/2521 2522/2522 2523/2523 2524/2524
f 2525/2525 2526/2526 2527/2527 2528/2528
f 2529/2529 2530/2530 2531/2531 2532/2532
f 2533/2533 2534/2534 2535/2535 2536/2536
f 2537/2537 2538/2538 2539/2539 2540/2540
f 2541/2541 2542/2542 2543/2543 2544/2544
f 2545/2545 2546/2546 2547/2547 2548/2548
f 2549/2549 2550/2550 2551/2551 2552/2552
f 2553/2553 2554/2554 2555/2555 2556/2556
f 2557/2557 2558/2558 2559/2559 2560/2560
f 2561/2561 2562/2562 2563/2563 2564/2564
f 2565/2565 2566/2566 2567/2567 2568/2568
f 2569/2569 2570/2570 2571/2571 2572/2572
f 2573/2573 2574/2574 2575/2575 2576/2576
f 2577/2577 2578/2578 2579/2579 2580/2580
f 2581/2581 2582/2582 2583/2583 2584/2584
f 2585/2585 2586/2586 2587/2587 2588/2588
f 2589/2589 2590/2590 2591/2591 2592/2592
f 2593/2593 2594/2594 2595/2595 2596/2596
f 2597/2597 2598/2598 2599/2599 2600/2600
f 2601/2601 2602/2602 2603/2603 2604/2604
f 2605/2605 2606/2606 2607/2607 2608/2608
f 2609/2609 2610/2610 2611/2611 2612/2612
f 2613/2613 2614/2614 2615/2615 2616/2616
f 2617/2617 2618/2618 2619/2619 2620/2620
f 2621/2621 2622/2622 2623/2623 2624/2624
f 2625/2625 2626/2626 2627/2627 2628/2628
f 2629/2629 2630/2630 2631/2631 2632/2632
f 2633/2633 2634/2634 2635/2635 2636/2636
f 2637/2637 2638/2638 2639/2639 2640/2640
f 2641/2641 2642/2642 2643/2643 2644/2644
f 2645/2645 2646/2646 2647/2647 2648/2648
f 2649/2649 2650/2650 2651/2651 2652/2652
f 2653/2653 2654/2654 2655/2655 2656/2656
f 2657/2657 2658/2658 2659/2659 2660/2660
f 2661/2661 2662/2662 2663/2663 2664/2664
f 2665/2665 2666/2666 2667/2667 2668/2668
f 2669/2669 2670/2670 2671/2671 2672/2672
f 2673/2673 2674/2674 2675/2675 2676/2676
f 2677/2677 2678/2678 2679/2679 2680/2680
f 2681/2681 2682/2682 2683/2683 2684/2684
f 2685/2685 2686/2686 2687/2687 2688/2688
f 2689/2689 2690/2690 2691/2691 2692/2692
f 2693/2693 2694/2694 2695/2695 2696/2696
f 2697/2697 2698/2698 2699/2699 2700/2700
f 2701/2701 2702/2702 2703/2703 2704/2704
f 2705/2705 2706/2706 2707/2707 2708/2708
f 2709/2709 2710/2710 2711/2711 2712/2712
f 2713/2713 2714/2714 2715/2715 2716/2716
f 2717/2717 2718/2718 2719/2719 2720/2720
f 2721/2721 2722/2722 2723/2723 2724/2724
f 2725/2725 2726/2726 2727/2727 2728/2728
f 2729/2729 2730/2730 2731/2731 2732/2732
f 2733/2733 2734/2734 2735/2735 2736/2736
f 2737/2737 2738/2738 2739/2739 2740/2740
f 2741/2741 2742/2742 2743/2743 2744/2744
g guard
f 2745/2745 2746/2746 2747/2747 2748/2748
f 2749/2749 2750/2750 2751/2751 2752/2752
f 2753/2753 2754/2754 2755/2755 2756/2756
f 2757/2757 2758/2758 2759/2759 2760/2760
f 2761/2761 2762/2762 2763/2763 2764/2764
f 2765/2765 2766/2766 2767/2767 2768/2768
f 2769/2769 2770/2770 2771/2771 2772/2772
f 2773/2773 2774/2774 2775/2775 2776/2776
f 2777/2777 2778/2778 2779/2779 2780/2780
f 2781/2781 2782/2782 2783/2783 2784/2784
f 2785/2785 2786/2786 2787/2787 2788/2788
f 2789/2789 2790/2790 2791/2791 2792/2792
f 2793/2793 2794/2794 2795/2795 2796/2796
f 2797/2797 2798/2798 2799/2799 2800/2800
f 2801/2801 2802/2802 2803/2803 2804/2804
f 2805/2805 2806/2806 2807/2807 2808/2808
f 2809/2809 2810/2810 2811/2811 2812/2812
f 2813/2813 2814/2814 2815/2815 2816/2816
f 2817/2817 2818/2818 2819/2819 2820/2820
f 2821/2821 2822/2822 2823/2823 2824/2824
f 2825/2825 2826/2826 2827/2827 2828/2828
f 2829/2829 2830/2830 2831/2831 2832/2832
f 2833/2833 2834/2834 2835/2835 2836/2836
f 2837/2837 2838/2838 2839/2839 2840/2840
g grip
f 2841/2841 2842/2842 2843/2843 2844/2844
f 2845/2845 2846/2846 2847/2847 2848/2848
f 2849/2849 2850/2850 2851/2851 2852/2852
f 2853/2853 2854/2854 2855/2855 2856/2856
f 2857/2857 2858/2858 2859/2859 2860/2860
f 2861/2861 2862/2862 2863/2863 2864/2864
f 2865/2865 2866/2866 2867/2867 2868/2868
f 2869/2869 2870/2870 2871/2871 2872/2872
f 2873/2873 2874/2874 2875/2875 2876/2876
f 2877/2877 2878/2878 2879/2879 2880/2880
f 2881/2881 2882/2882 2883/2883 2884/2884
f 2885/2885 2886/2886 2887/2887 2888/2888
f 2889/2889 2890/2890 2891/2891 2892/2892
f 2893/2893 2894/2894 2895/2895 2896/2896
f 2897/2897 2898/2898 2899/2899 2900/2900
f 2901/2901 2902/2902 2903/2903 2904/2904
f 2905/2905 2906/2906 2907/2907 2908/2908
f 2909/2909 2910/2910 2911/2911 2912/2912
f 2913/2913 2914/2914 2915/2915 2916/2916
f 2917/2917 2918/2918 2919/2919 2920/2920
f 2921/2921 2922/2922 2923/2923 2924/2924
f 2925/2925 2926/2926 2927/2927 2928/2928
f 2929/2929 2930/2930 2931/2931 2932/2932
f 2933/2933 2934/2934 2935/2935 2936/2936
f 2937/2937 2938/2938 2939/2939 2940/2940
f 2941/2941 2942/2942 2943/2943 2944/2944
f 2945/2945 2946/2946 2947/2947 2948/2948
f 2949/2949 2950/2950 2951/2951 2952/2952
f 2953/2953 2954/2954 2955/2955 2956/2956
f 2957/2957 2958/2958 2959/2959 2960/2960
f 2961/2961 2962/2962 2963/2963 2964/2964
f 2965/2965 2966/2966 2967/2967 2968/2968
f 2969/2969 2970/2970 2971/2971 2972/2972
f 2973/2973 2974/2974 2975/2975 2976/2976
f 2977/2977 2978/2978 2979/2979 2980/2980
f 2981/2981 2982/2982 2983/2983 2984/2984
f 2985/2985 2986/2986 2987/2987 2988/2988
f 2989/2989 2990/2990 2991/2991 2992/2992
f 2993/2993 2994/2994 2995/2995 2996/2996
f 2997/2997 2998/2998 2999/2999 3000/3000
f 3001/3001 3002/3002 3003/3003 3004/3004
f 3005/3005 3006/3006 3007/3007 3008/3008
f 3009/3009 3010/3010 3011/3011 3012/3012
f 3013/3013 3014/3014 3015/3015 3016/3016
f 3017/3017 3018/3018 3019/3019 3020/3020
f 3021/3021 3022/3022 3023/3023 3024/3024
f 3025/3025 3026/3026 3027/3027 3028/3028
f 3029/3029 3030/3030 3031/3031 3032/3032
g wire
f 3033/3033 3034/3034 3035/3035 3036/3036
f 3037/3037 3038/3038 3039/3039 3040/3040
f 3041/3041 3042/3042 3043/3043 3044/3044
f 3045/3045 3046/3046 3047/3047 3048/3048
f 3049/3049 3050/3050 3051/3051 3052/3052
f 3053/3053 3054/3054 3055/3055 3056/3056
f 3057/3057 3058/3058 3059/3059 3060/3060
f 3061/3061 3062/3062 3063/3063 3064/3064
f 3065/3065 3066/3066 3067/3067 3068/3068
f 3069/3069 3070/3070 3071/3071 3072/3072
f 3073/3073 3074/3074 3075/3075 3076/3076
f 3077/3077 3078/3078 3079/3079 3080/3080
f 3081/3081 3082/3082 3083/3083 3084/3084
f 3085/3085 3086/3086 3087/3087 3088/3088
f 3089/3089 3090/3090 3091/3091 3092/3092
f 3093/3093 3094/3094 3095/3095 3096/3096
f 3097/3097 3098/3098 3099/3099 3100/3100
f 3101/3101 3102/3102 3103/3103 3104/3104
f 3105/3105 3106/3106 3107/3107 3108/3108
f 3109/3109 3110/3110 3111/3111 3112/3112
f 3113/3113 3114/3114 3115/3115 3116/3116
f 3117/3117 3118/3118 3119/3119 3120/3120
f 3121/3121 3122/3122 3123/3123 3124/3124
f 3125/3125 3126/3126 3127/3127 3128/3128
f 3129/3129 3130/3130 3131/3131 3132/3132
f 3133/3133 3134/3134 3135/3135 3136/3136
f 3137/3137 3138/3138 3139/3139 3140/3140
f 3141/3141 3142/3142 3143/3143 3144/3144
f 3145/3145 3146/3146 3147/3147 3148/3148
f 3149/3149 3150/3150 3151/3151 3152/3152
f 3153/3153 3154/3154 3155/3155 3156/3156
f 3157/3157 3158/3158 3159/3159 3160/3160
f 3161/3161 3162/3162 3163/3163 3164/3164
f 3165/3165 3166/3166 3167/3167 3168/3168
f 3169/3169 3170/3170 3171/3171 3172/3172
f 3173/3173 3174/3174 3175/3175 3176/3176
f 3177/3177 3178/3178 3179/3179 3180/3180
f 3181/3181 3182/3182 3183/3183 3184/3184
f 3185/3185 3186/3186 3187/3187 3188/3188
f 3189/3189 3190/3190 3191/3191 3192/3192
f 3193/3193 3194/3194 3195/3195 3196/3196
f 3197/3197 3198/3198 3199/3199 3200/3200
f 3201/3201 3202/3202 3203/3203 3204/3204
f 3205/3205 3206/3206 3207/3207 3208/3208
f 3209/3209 3210/3210 3211/3211 3212/3212
f 3213/3213 3214/3214 3215/3215 3216/3216
f 3217/3217 3218/3218 3219/3219 3220/3220
f 3221/3221 3222/3222 3223/3223 3224/3224
f 3225/3225 3226/3226 3227/3227 3228/3228
f 3229/3229 3230/3230 3231/3231 3232/3232
f 3233/3233 3234/3234 3235/3235 3236/3236
f 3237/3237 3238/3238 3239/3239 3240/3240
f 3241/3241 3242/3242 3243/3243 3244/3244
f 3245/3245 3246/3246 3247/3247 3248/3248
f 3249/3249 3250/3250 3251/3251 3252/3252
f 3253/3253 3254/3254 3255/3255 3256/3256
f 3257/3257 3258/3258 3259/3259 3260/3260
f 3261/3261 3262/3262 3263/3263 3264/3264
f 3265/3265 3266/3266 3267/3267 3268/3268
f 3269/3269 3270/3270 3271/3271 3272/3272
f 3273/3273 3274/3274 3275/3275 3276/3276
f 3277/3277 3278/3278 3279/3279 3280/3280
f 3281/3281 3282/3282 3283/3283 3284/3284
f 3285/3285 3286/3286 3287/3287 3288/3288
f 3289/3289 3290/3290 3291/3291 3292/3292
f 3293/3293 3294/3294 3295/3295 3296/3296
f 3297/3297 3298/3298 3299/3299 3300/3300
f 3301/3301 3302/3302 3303/3303 3304/3304
f 3305/3305 3306/3306 3307/3307 3308/3308
f 3309/3309 3310/3310 3311/3311 3312/3312
f 3313/3313 3314/3314 3315/3315 3316/3316
f 3317/3317 3318/3318 3319/3319 3320/3320
f 3321/3321 3322/3322 3323/3323 3324/3324
f 3325/3325 3326/3326 3327/3327 3328/3328
f 3329/3329 3330/3330 3331/3331 3332/3332
f 3333/3333 3334/3334 3335/3335 3336/3336
f 3337/3337 3338/3338 3339/3339 3340/3340
f 3341/3341 3342/3342 3343/3343 3344/3344
f 3345/3345 3346/3346 3347/3347 3348/3348
f 3349/3349 3350/3350 3351/3351 3352/3352
f 3353/3353 3354/3354 3355/3355 3356/3356
f 3357/3357 3358/3358 3359/3359 3360/3360
f 3361/3361 3362/3362 3363/3363 3364/3364
f 3365/3365 3366/3366 3367/3367 3368/3368
f 3369/3369 3370/3370 3371/3371 3372/3372
f 3373/3373 3374/3374 3375/3375 3376/3376
f 3377/3377 3378/3378 3379/3379 3380/3380
f 3381/3381 3382/3382 3383/3383 3384/3384
f 3385/3385 3386/3386 3387/3387 3388/3388
f 3389/3389 3390/3390 3391/3391 3392/3392
f 3393/3393 3394/3394 3395/3395 3396/3396
f 3397/3397 3398/3398 3399/3399 3400/3400
f 3401/3401 3402/3402 3403/3403 3404/3404
f 3405/3405 3406/3406 3407/3407 3408/3408
f 3409/3409 3410/3410 3411/3411 3412/3412
f 3413/3413 3414/3414 3415/3415 3416/3416
f 3417/3417 3418/3418 3419/3419 3420/3420
f 3421/3421 3422/3422 3423/3423 3424/3424
f 3425/3425 3426/3426 3427/3427 3428/3428
f 3429/3429 3430/3430 3431/3431 3432/3432
f 3433/3433 3434/3434 3435/3435 3436/3436
f 3437/3437 3438/3438 3439/3439 3440/3440
f 3441/3441 3442/3442 3443/3443 3444/3444
f 3445/3445 3446/3446 3447/3447 3448/3448
f 3449/3449 3450/3450 3451/3451 3452/3452
f 3453/3453 3454/3454 3455/3455 3456/3456
f 3457/3457 3458/3458 3459/3459 3460/3460
f 3461/3461 3462/3462 3463/3463 3464/3464
f 3465/3465 3466/3466 3467/3467 3468/3468
f 3469/3469 3470/3470 3471/3471 3472/3472
f 3473/3473 3474/3474 3475/3475 3476/3476
f 3477/3477 3478/3478 3479/3479 3480/3480
f 3481/3481 3482/3482 3483/3483 3484/3484
f 3485/3485 3486/3486 3487/3487 3488/3488
f 3489/3489 3490/3490 3491/3491 3492/3492
f 3493/3493 3494/3494 3495/3495 3496/3496
f 3497/3497 3498/3498 3499/3499 3500/3500
f 3501/3501 3502/3502 3503/3503 3504/3504
f 3505/3505 3506/3506 3507/3507 3508/3508
f 3509/3509 3510/3510 3511/3511 3512/3512
f 3513/3513 3514/3514 3515/3515 3516/3516
f 3517/3517 3518/3518 3519/3519 3520/3520
f 3521/3521 3522/3522 3523/3523 3524/3524
f 3525/3525 3526/3526 3527/3527 3528/3528
f 3529/3529 3530/3530 3531/3531 3532/3532
f 3533/3533 3534/3534 3535/3535 3536/3536
f 3537/3537 3538/3538 3539/3539 3540/3540
f 3541/3541 3542/3542 3543/3543 3544/3544
f 3545/3545 3546/3546 3547/3547 3548/3548
f 3549/3549 3550/3550 3551/3551 3552/3552
f 3553/3553 3554/3554 3555/3555 3556/3556
f 3557/3557 3558/3558 3559/3559 3560/3560
f 3561/3561 3562/3562 3563/3563 3564/3564
f 3565/3565 3566/3566 3567/3567 3568/3568
f 3569/3569 3570/3570 3571/3571 3572/3572
f 3573/3573 3574/3574 3575/3575 3576/3576
f 3577/3577 3578/3578 3579/3579 3580/3580
f 3581/3581 3582/3582 3583/3583 3584/3584
f 3585/3585 3586/3586 3587/3587 3588/3588
f 3589/3589 3590/3590 3591/3591 3592/3592
f 3593/3593 3594/3594 3595/3595 3596/3596
f 3597/3597 3598/3598 3599/3599 3600/3600
f 3601/3601 3602/3602 3603/3603 3604/3604
f 3605/3605 3606/3606 3607/3607 3608/3608
f 3609/3609 3610/3610 3611/3611 3612/3612
f 3613/3613 3614/3614 3615/3615 3616/3616
f 3617/3617 3618/3618 3619/3619 3620/3620
f 3621/3621 3622/3622 3623/3623 3624/3624
f 3625/3625 3626/3626 3627/3627 3628/3628
f 3629/3629 3630/3630 3631/3631 3632/3632
f 3633/3633 3634/3634 3635/3635 3636/3636
f 3637/3637 3638/3638 3639/3639 3640/3640
f 3641/3641 3642/3642 3643/3643 3644/3644
f 3645/3645 3646/3646 3647/3647 3648/3648
f 3649/3649 3650/3650 3651/3651 3652/3652
f 3653/3653 3654/3654 3655/3655 3656/3656
f 3657/3657 3658/3658 3659/3659 3660/3660
f 3661/3661 3662/3662 3663/3663 3664/3664
f 3665/3665 3666/3666 3667/3667 3668/3668
f 3669/3669 3670/3670 3671/3671 3672/3672
f 3673/3673 3674/3674 3675/3675 3676/3676
f 3677/3677 3678/3678 3679/3679 3680/3680
f 3681/3681 3682/3682 3683/3683 3684/3684
f 3685/3685 3686/3686 3687/3687 3688/3688
f 3689/3689 3690/3690 3691/3691 3692/3692
f 3693/3693 3694/3694 3695/3695 3696/3696
f 3697/3697 3698/3698 3699/3699 3700/3700
f 3701/3701 3702/3702 3703/3703 3704/3704
f 3705/3705 3706/3706 3707/3707 3708/3708
f 3709/3709 3710/3710 3711/3711 3712/3712
f 3713/3713 3714/3714 3715/3715 3716/3716
f 3717/3717 3718/3718 3719/3719 3720/3720
f 3721/3721 3722/3722 3723/3723 3724/3724
f 3725/3725 3726/3726 3727/3727 3728/3728
f 3729/3729 3730/3730 3731/3731 3732/3732
f 3733/3733 3734/3734 3735/3735 3736/3736
f 3737/3737 3738/3738 3739/3739 3740/3740
f 3741/3741 3742/3742 3743/3743 3744/3744
f 3745/3745 3746/3746 3747/3747 3748/3748
f 3749/3749 3750/3750 3751/3751 3752/3752
f 3753/3753 3754/3754 3755/3755 3756/3756
f 3757/3757 3758/3758 3759/3759 3760/3760
f 3761/3761 3762/3762 3763/3763 3764/3764
f 3765/3765 3766/3766 3767/3767 3768/3768
f 3769/3769 3770/3770 3771/3771 3772/3772
f 3773/3773 3774/3774 3775/3775 3776/3776
f 3777/3777 3778/3778 3779/3779 3780/3780
f 3781/3781 3782/3782 3783/3783 3784/3784
f 3785/3785 3786/3786 3787/3787 3788/3788
f 3789/3789 3790/3790 3791/3791 3792/3792
f 3793/3793 3794/3794 3795/3795 3796/3796
f 3797/3797 3798/3798 3799/3799 3800/3800
f 3801/3801 3802/3802 3803/3803 3804/3804
f 3805/3805 3806/3806 3807/3807 3808/3808
f 3809/3809 3810/3810 3811/3811 3812/3812
f 3813/3813 3814/3814 3815/3815 3816/3816
f 3817/3817 3818/3818 3819/3819 3820/3820
f 3821/3821 3822/3822 3823/3823 3824/3824
f 3825/3825 3826/3826 3827/3827 3828/3828
f 3829/3829 3830/3830 3831/3831 3832/3832
f 3833/3833 3834/3834 3835/3835 3836/3836
f 3837/3837 3838/3838 3839/3839 3840/3840
f 3841/3841 3842/3842 3843/3843 3844/3844
f 3845/3845 3846/3846 3847/3847 3848/3848
f 3849/3849 3850/3850 3851/3851 3852/3852
f 3853/3853 3854/3854 3855/3855 3856/3856
f 3857/3857 3858/3858 3859/3859 3860/3860
f 3861/3861 3862/3862 3863/3863 3864/3864
f 3865/3865 3866/3866 3867/3867 3868/3868
f 3869/3869 3870/3870 3871/3871 3872/3872
f 3873/3873 3874/3874 3875/3875 3876/3876
f 3877/3877 3878/3878 3879/3879 3880/3880
f 3881/3881 3882/3882 3883/3883 3884/3884
f 3885/3885 3886/3886 3887/3887 3888/3888
f 3889/3889 3890/3890 3891/3891 3892/3892
f 3893/3893 3894/3894 3895/3895 3896/3896
f 3897/3897 3898/3898 3899/3899 3900/3900
f 3901/3901 3902/3902 3903/3903 3904/3904
f 3905/3905 3906/3906 3907/3907 3908/3908
f 3909/3909 3910/3910 3911/3911 3912/3912
f 3913/3913 3914/3914 3915/3915 3916/3916
f 3917/3917 3918/3918 3919/3919 3920/3920
f 3921/3921 3922/3922 3923/3923 3924/3924
f 3925/3925 3926/3926 3927/3927 3928/3928
f 3929/3929 3930/3930 3931/3931 3932/3932
f 3933/3933 3934/3934 3935/3935 3936/3936
f 3937/3937 3938/3938 3939/3939 3940/3940
f 3941/3941 3942/3942 3943/3943 3944/3944
f 3945/3945 3946/3946 3947/3947 3948/3948
f 3949/3949 3950/3950 3951/3951 3952/3952
f 3953/3953 3954/3954 3955/3955 3956/3956
f 3957/3957 3958/3958 3959/3959 3960/3960
f 3961/3961 3962/3962 3963/3963 3964/3964
f 3965/3965 3966/3966 3967/3967 3968/3968
f 3969/3969 3970/3970 3971/3971 3972/3972
f 3973/3973 3974/3974 3975/3975 3976/3976
f 3977/3977 3978/3978 3979/3979 3980/3980
f 3981/3981 3982/3982 3983/3983 3984/3984
f 3985/3985 3986/3986 3987/3987 3988/3988
f 3989/3989 3990/3990 3991/3991 3992/3992
f 3993/3993 3994/3994 3995/3995 3996/3996
f 3997/3997 3998/3998 3999/3999 4000/4000
f 4001/4001 4002/4002 4003/4003 4004/4004
f 4005/4005 4006/4006 4007/4007 4008/4008
f 4009/4009 4010/4010 4011/4011 4012/4012
f 4013/4013 4014/4014 4015/4015 4016/4016
f 4017/4017 4018/4018 4019/4019 4020/4020
f 4021/4021 4022/4022 4023/4023 4024/4024
f 4025/4025 4026/4026 4027/4027 4028/4028
f 4029/4029 4030/4030 4031/4031 4032/4032
f 4033/4033 4034/4034 4035/4035 4036/4036
f 4037/4037 4038/4038 4039/4039 4040/4040
f 4041/4041 4042/4042 4043/4043 4044/4044
f 4045/4045 4046/4046 4047/4047 4048/4048
f 4049/4049 4050/4050 4051/4051 4052/4052
f 4053/4053 4054/4054 4055/4055 4056/4056
f 4057/4057 4058/4058 4059/4059 4060/4060
f 4061/4061 4062/4062 4063/4063 4064/4064
f 4065/4065 4066/4066 4067/4067 4068/4068
f 4069/4069 4070/4070 4071/4071 4072/4072
f 4073/4073 4074/4074 4075/4075 4076/4076
f 4077/4077 4078/4078 4079/4079 4080/4080
f 4081/4081 4082/4082 4083/4083 4084/4084
f 4085/4085 4086/4086 4087/4087 4088/4088
f 4089/4089 4090/4090 4091/4091 4092/4092
f 4093/4093 4094/4094 4095/4095 4096/4096
f 4097/4097 4098/4098 4099/4099 4100/4100
f 4101/4101 4102/4102 4103/4103 4104/4104
f 4105/4105 4106/4106 4107/4107 4108/4108
f 4109/4109 4110/4110 4111/4111 4112/4112
f 4113/4113 4114/4114 4115/4115 4116/4116
f 4117/4117 4118/4118 4119/4119 4120/4120
f 4121/4121 4122/4122 4123/4123 4124/4124
f 4125/4125 4126/4126 4127/4127 4128/4128
f 4129/4129 4130/4130 4131/4131 4132/4132
f 4133/4133 4134/4134 4135/4135 4136/4136
f 4137/4137 4138/4138 4139/4139 4140/4140
f 4141/4141 4142/4142 4143/4143 4144/4144
f 4145/4145 4146/4146 4147/4147 4148/4148
f 4149/4149 4150/4150 4151/4151 4152/4152
f 4153/4153 4154/4154 4155/4155 4156/4156
f 4157/4157 4158/4158 4159/4159 4160/4160
f 4161/4161 4162/4162 4163/4163 4164/4164
f 4165/4165 4166/4166 4167/4167 4168/4168
f 4169/4169 4170/4170 4171/4171 4172/4172
f 4173/4173 4174/4174 4175/4175 4176/4176
f 4177/4177 4178/4178 4179/4179 4180/4180
f 4181/4181 4182/4182 4183/4183 4184/4184
f 4185/4185 4186/4186 4187/4187 4188/4188
f 4189/4189 4190/4190 4191/4191 4192/4192
f 4193/4193 4194/4194 4195/4195 4196/4196
f 4197/4197 4198/4198 4199/4199 4200/4200
f 4201/4201 4202/4202 4203/4203 4204/4204
f 4205/4205 4206/4206 4207/4207 4208/4208
f 4209/4209 4210/4210 4211/4211 4212/4212
f 4213/4213 4214/4214 4215/4215 4216/4216
f 4217/4217 4218/4218 4219/4219 4220/4220
f 4221/4221 4222/4222 4223/4223 4224/4224
f 4225/4225 4226/4226 4227/4227 4228/4228
f 4229/4229 4230/4230 4231/4231 4232/4232
f 4233/4233 4234/4234 4235/4235 4236/4236
f 4237/4237 4238/4238 4239/4239 4240/4240
f 4241/4241 4242/4242 4243/4243 4244/4244
f 4245/4245 4246/4246 4247/4247 4248/4248
f 4249/4249 4250/4250 4251/4251 4252/4252
f 4253/4253 4254/4254 4255/4255 4256/4256
f 4257/4257 4258/4258 4259/4259 4260/4260
f 4261/4261 4262/4262 4263/4263 4264/4264
f 4265/4265 4266/4266 4267/4267 4268/4268
f 4269/4269 4270/4270 4271/4271 4272/4272
f 4273/4273 4274/4274 4275/4275 4276/4276
f 4277/4277 4278/4278 4279/4279 4280/4280
f 4281/4281 4282/4282 4283/4283 4284/4284
f 4285/4285 4286/4286 4287/4287 4288/4288
f 4289/4289 4290/4290 4291/4291 4292/4292
f 4293/4293 4294/4294 4295/4295 4296/4296
f 4297/4297 4298/4298 4299/4299 4300/4300
f 4301/4301 4302/4302 4303/4303 4304/4304
f 4305/4305 4306/4306 4307/4307 4308/4308
f 4309/4309 4310/4310 4311/4311 4312/4312
f 4313/4313 4314/4314 4315/4315 4316/4316
f 4317/4317 4318/4318 4319/4319 4320/4320
f 4321/4321 4322/4322 4323/4323 4324/4324
f 4325/4325 4326/4326 4327/4327 4328/4328
f 4329/4329 4330/4330 4331/4331 4332/4332
f 4333/4333 4334/4334 4335/4335 4336/4336
f 4337/4337 4338/4338 4339/4339 4340/4340
f 4341/4341 4342/4342 4343/4343 4344/4344
f 4345/4345 4346/4346 4347/4347 4348/4348
f 4349/4349 4350/4350 4351/4351 4352/4352
f 4353/4353 4354/4354 4355/4355 4356/4356
f 4357/4357 4358/4358 4359/4359 4360/4360
f 4361/4361 4362/4362 4363/4363 4364/4364
f 4365/4365 4366/4366 4367/4367 4368/4368
f 4369/4369 4370/4370 4371/4371 4372/4372
f 4373/4373 4374/4374 4375/4375 4376/4376
f 4377/4377 4378/4378 4379/4379 4380/4380
f 4381/4381 4382/4382 4383/4383 4384/4384
f 4385/4385 4386/4386 4387/4387 4388/4388
f 4389/4389 4390/4390 4391/4391 4392/4392
f 4393/4393 4394/4394 4395/4395 4396/4396
f 4397/4397 4398/4398 4399/4399 4400/4400
f 4401/4401 4402/4402 4403/4403 4404/4404
f 4405/4405 4406/4406 4407/4407 4408/4408
f 4409/4409 4410/4410 4411/4411 4412/4412
f 4413/4413 4414/4414 4415/4415 4416/4416
f 4417/4417 4418/4418 4419/4419 4420/4420
f 4421/4421 4422/4422 4423/4423 4424/4424
f 4425/4425 4426/4426 4427/4427 4428/4428
f 4429/4429 4430/4430 4431/4431 4432/4432
f 4433/4433 4434/4434 4435/4435 4436/4436
f 4437/4437 4438/4438 4439/4439 4440/4440
f 4441/4441 4442/4442 4443/4443 4444/4444
f 4445/4445 4446/4446 4447/4447 4448/4448
f 4449/4449 4450/4450 4451/4451 4452/4452
f 4453/4453 4454/4454 4455/4455 4456/4456
f 4457/4457 4458/4458 4459/4459 4460/4460
f 4461/4461 4462/4462 4463/4463 4464/4464
f 4465/4465 4466/4466 4467/4467 4468/4468
f 4469/4469 4470/4470 4471/4471 4472/4472
f 4473/4473 4474/4474 4475/4475 4476/4476
f 4477/4477 4478/4478 4479/4479 4480/4480
f 4481/4481 4482/4482 4483/4483 4484/4484
f 4485/4485 4486/4486 4487/4487 4488/4488
f 4489/4489 4490/4490 4491/4491 4492/4492
f 4493/4493 4494/4494 4495/4495 4496/4496
f 4497/4497 4498/4498 4499/4499 4500/4500
f 4501/4501 4502/4502 4503/4503 4504/4504
f 4505/4505 4506/4506 4507/4507 4508/4508
f 4509/4509 4510/4510 4511/4511 4512/4512
f 4513/4513 4514/4514 4515/4515 4516/4516
f 4517/4517 4518/4518 4519/4519 4520/4520
f 4521/4521 4522/4522 4523/4523 4524/4524
f 4525/4525 4526/4526 4527/4527 4528/4528
f 4529/4529 4530/4530 4531/4531 4532/4532
f 4533/4533 4534/4534 4535/4535 4536/4536
f 4537/4537 4538/4538 4539/4539 4540/4540
f 4541/4541 4542/4542 4543/4543 4544/4544
f 4545/4545 4546/4546 4547/4547 4548/4548
f 4549/4549 4550/4550 4551/4551 4552/4552
f 4553/4553 4554/4554 4555/4555 4556/4556
f 4557/4557 4558/4558 4559/4559 4560/4560
f 4561/4561 4562/4562 4563/4563 4564/4564
f 4565/4565 4566/4566 4567/4567 4568/4568
f 4569/4569 4570/4570 4571/4571 4572/4572
f 4573/4573 4574/4574 4575/4575 4576/4576
f 4577/4577 4578/4578 4579/4579 4580/4580
f 4581/4581 4582/4582 4583/4583 4584/4584
f 4585/4585 4586/4586 4587/4587 4588/4588
f 4589/4589 4590/4590 4591/4591 4592/4592
f 4593/4593 4594/4594 4595/4595 4596/4596
f 4597/4597 4598/4598 4599/4599 4600/4600
f 4601/4601 4602/4602 4603/4603 4604/4604
f 4605/4605 4606/4606 4607/4607 4608/4608
f 4609/4609 4610/4610 4611/4611 4612/4612
f 4613/4613 4614/4614 4615/4615 4616/4616
f 4617/4617 4618/4618 4619/4619 4620/4620
f 4621/4621 4622/4622 4623/4623 4624/4624
f 4625/4625 4626/4626 4627/4627 4628/4628
f 4629/4629 4630/4630 4631/4631 4632/4632
f 4633/4633 4634/4634 4635/4635 4636/4636
f 4637/4637 4638/4638 4639/4639 4640/4640
f 4641/4641 4642/4642 4643/4643 4644/4644
f 4645/4645 4646/4646 4647/4647 4648/4648
f 4649/4649 4650/4650 4651/4651 4652/4652
f 4653/4653 4654/4654 4655/4655 4656/4656
f 4657/4657 4658/4658 4659/4659 4660/4660
f 4661/4661 4662/4662 4663/4663 4664/4664
f 4665/4665 4666/4666 4667/4667 4668/4668
f 4669/4669 4670/4670 4671/4671 4672/4672
f 4673/4673 4674/4674 4675/4675 4676/4676
f 4677/4677 4678/4678 4679/4679 4680/4680
f 4681/4681 4682/4682 4683/4683 4684/4684
f 4685/4685 4686/4686 4687/4687 4688/4688
f 4689/4689 4690/4690 4691/4691 4692/4692
f 4693/4693 4694/4694 4695/4695 4696/4696
f 4697/4697 4698/4698 4699/4699 4700/4700
f 4701/4701 4702/4702 4703/4703 4704/4704
f 4705/4705 4706/4706 4707/4707 4708/4708
f 4709/4709 4710/4710 4711/4711 4712/4712
f 4713/4713 4714/4714 4715/4715 4716/4716
f 4717/4717 4718/4718 4719/4719 4720/4720
f 4721/4721 4722/4722 4723/4723 4724/4724
f 4725/4725 4726/4726 4727/4727 4728/4728
f 4729/4729 4730/4730 4731/4731 4732/4732
f 4733/4733 4734/4734 4735/4735 4736/4736
f 4737/4737 4738/4738 4739/4739 4740/4740
f 4741/4741 4742/4742 4743/4743 4744/4744
f 4745/4745 4746/4746 4747/4747 4748/4748
f 4749/4749 4750/4750 4751/4751 4752/4752
f 4753/4753 4754/4754 4755/4755 4756/4756
f 4757/4757 4758/4758 4759/4759 4760/4760
f 4761/4761 4762/4762 4763/4763 4764/4764
f 4765/4765 4766/4766 4767/4767 4768/4768
f 4769/4769 4770/4770 4771/4771 4772/4772
f 4773/4773 4774/4774 4775/4775 4776/4776
f 4777/4777 4778/4778 4779/4779 4780/4780
f 4781/4781 4782/4782 4783/4783 4784/4784
f 4785/4785 4786/4786 4787/4787 4788/4788
f 4789/4789 4790/4790 4791/4791 4792/4792
f 4793/4793 4794/4794 4795/4795 4796/4796
f 4797/4797 4798/4798 4799/4799 4800/4800
f 4801/4801 4802/4802 4803/4803 4804/4804
f 4805/4805 4806/4806 4807/4807 4808/4808
f 4809/4809 4810/4810 4811/4811 4812/4812
f 4813/4813 4814/4814 4815/4815 4816/4816
f 4817/4817 4818/4818 4819/4819 4820/4820
f 4821/4821 4822/4822 4823/4823 4824/4824
f 4825/4825 4826/4826 4827/4827 4828/4828
f 4829/4829 4830/4830 4831/4831 4832/4832
f 4833/4833 4834/4834 4835/4835 4836/4836
f 4837/4837 4838/4838 4839/4839 4840/4840
f 4841/4841 4842/4842 4843/4843 4844/4844
f 4845/4845 4846/4846 4847/4847 4848/4848
f 4849/4849 4850/4850 4851/4851 4852/4852
f 4853/4853 4854/4854 4855/4855 4856/4856
f 4857/4857 4858/4858 4859/4859 4860/4860
f 4861/4861 4862/4862 4863/4863 4864/4864
f 4865/4865 4866/4866 4867/4867 4868/4868
f 4869/4869 4870/4870 4871/4871 4872/4872
f 4873/4873 4874/4874 4875/4875 4876/4876
f 4877/4877 4878/4878 4879/4879 4880/4880
f 4881/4881 4882/4882 4883/4883 4884/4884
f 4885/4885 4886/4886 4887/4887 4888/4888
f 4889/4889 4890/4890 4891/4891 4892/4892
f 4893/4893 4894/4894 4895/4895 4896/4896
f 4897/4897 4898/4898 4899/4899 4900/4900
f 4901/4901 4902/4902 4903/4903 4904/4904
f 4905/4905 4906/4906 4907/4907 4908/4908
f 4909/4909 4910/4910 4911/4911 4912/4912
f 4913/4913 4914/4914 4915/4915 4916/4916
f 4917/4917 4918/4918 4919/4919 4920/4920
f 4921/4921 4922/4922 4923/4923 4924/4924
f 4925/4925 4926/4926 4927/4927 4928/4928
f 4929/4929 4930/4930 4931/4931 4932/4932
f 4933/4933 4934/4934 4935/4935 4936/4936
f 4937/4937 4938/4938 4939/4939 4940/4940
f 4941/4941 4942/4942 4943/4943 4944/4944
f 4945/4945 4946/4946 4947/4947 4948/4948
f 4949/4949 4950/4950 4951/4951 4952/4952
f 4953/4953 4954/4954 4955/4955 4956/4956
f 4957/4957 4958/4958 4959/4959 4960/4960
f 4961/4961 4962/4962 4963/4963 4964/4964
f 4965/4965 4966/4966 4967/4967 4968/4968
f 4969/4969 4970/4970 4971/4971 4972/4972
f 4973/4973 4974/4974 4975/4975 4976/4976
f 4977/4977 4978/4978 4979/4979 4980/4980
f 4981/4981 4982/4982 4983/4983 4984/4984
f 4985/4985 4986/4986 4987/4987 4988/4988
f 4989/4989 4990/4990 4991/4991 4992/4992
f 4993/4993 4994/4994 4995/4995 4996/4996
f 4997/4997 4998/4998 4999/4999 5000/5000
f 5001/5001 5002/5002 5003/5003 5004/5004
f 5005/5005 5006/5006 5007/5007 5008/5008
f 5009/5009 5010/5010 5011/5011 5012/5012
f 5013/5013 5014/5014 5015/5015 5016/5016
f 5017/5017 5018/5018 5019/5019 5020/5020
f 5021/5021 5022/5022 5023/5023 5024/5024
f 5025/5025 5026/5026 5027/5027 5028/5028
f 5029/5029 5030/5030 5031/5031 5032/5032
f 5033/5033 5034/5034 5035/5035 5036/5036
f 5037/5037 5038/5038 5039/5039 5040/5040
f 5041/5041 5042/5042 5043/5043 5044/5044
f 5045/5045 5046/5046 5047/5047 5048/5048
f 5049/5049 5050/5050 5051/5051 5052/5052
f 5053/5053 5054/5054 5055/5055 5056/5056
f 5057/5057 5058/5058 5059/5059 5060/5060
f 5061/5061 5062/5062 5063/5063 5064/5064
f 5065/5065 5066/5066 5067/5067 5068/5068
f 5069/5069 5070/5070 5071/5071 5072/5072
f 5073/5073 5074/5074 5075/5075 5076/5076
f 5077/5077 5078/5078 5079/5079 5080/5080
f 5081/5081 5082/5082 5083/5083 5084/5084
f 5085/5085 5086/5086 5087/5087 5088/5088
f 5089/5089 5090/5090 5091/5091 5092/5092
f 5093/5093 5094/5094 5095/5095 5096/5096
f 5097/5097 5098/5098 5099/5099 5100/5100
f 5101/5101 5102/5102 5103/5103 5104/5104
f 5105/5105 5106/5106 5107/5107 5108/5108
f 5109/5109 5110/5110 5111/5111 5112/5112
f 5113/5113 5114/5114 5115/5115 5116/5116
f 5117/5117 5118/5118 5119/5119 5120/5120
f 5121/5121 5122/5122 5123/5123 5124/5124
f 5125/5125 5126/5126 5127/5127 5128/5128
f 5129/5129 5130/5130 5131/5131 5132/5132
f 5133/5133 5134/5134 5135/5135 5136/5136
f 5137/5137 5138/5138 5139/5139 5140/5140
f 5141/5141 5142/5142 5143/5143 5144/5144
f 5145/5145 5146/5146 5147/5147 5148/5148
f 5149/5149 5150/5150 5151/5151 5152/5152
f 5153/5153 5154/5154 5155/5155 5156/5156
f 5157/5157 5158/5158 5159/5159 5160/5160
f 5161/5161 5162/5162 5163/5163 5164/5164
f 5165/5165 5166/5166 5167/5167 5168/5168
f 5169/5169 5170/5170 5171/5171 5172/5172
f 5173/5173 5174/5174 5175/5175 5176/5176
f 5177/5177 5178/5178 5179/5179 5180/5180
f 5181/5181 5182/5182 5183/5183 5184/5184
f 5185/5185 5186/5186 5187/5187 5188/5188
f 5189/5189 5190/5190 5191/5191 5192/5192
f 5193/5193 5194/5194 5195/5195 5196/5196
f 5197/5197 5198/5198 5199/5199 5200/5200
f 5201/5201 5202/5202 5203/5203 5204/5204
f 5205/5205 5206/5206 5207/5207 5208/5208
f 5209/5209 5210/5210 5211/5211 5212/5212
f 5213/5213 5214/5214 5215/5215 5216/5216
f 5217/5217 5218/5218 5219/5219 5220/5220
f 5221/5221 5222/5222 5223/5223 5224/5224
f 5225/5225 5226/5226 5227/5227 5228/5228
f 5229/5229 5230/5230 5231/5231 5232/5232
f 5233/5233 5234/5234 5235/5235 5236/5236
f 5237/5237 5238/5238 5239/5239 5240/5240
f 5241/5241 5242/5242 5243/5243 5244/5244
f 5245/5245 5246/5246 5247/5247 5248/5248
f 5249/5249 5250/5250 5251/5251 5252/5252
f 5253/5253 5254/5254 5255/5255 5256/5256
f 5257/5257 5258/5258 5259/5259 5260/5260
f 5261/5261 5262/5262 5263/5263 5264/5264
f 5265/5265 5266/5266 5267/5267 5268/5268
f 5269/5269 5270/5270 5271/5271 5272/5272
f 5273/5273 5274/5274 5275/5275 5276/5276
f 5277/5277 5278/5278 5279/5279 5280/5280
f 5281/5281 5282/5282 5283/5283 5284/5284
f 5285/5285 5286/5286 5287/5287 5288/5288
f 5289/5289 5290/5290 5291/5291 5292/5292
f 5293/5293 5294/5294 5295/5295 5296/5296
f 5297/5297 5298/5298 5299/5299 5300/5300
f 5301/5301 5302/5302 5303/5303 5304/5304
f 5305/5305 5306/5306 5307/5307 5308/5308
f 5309/5309 5310/5310 5311/5311 5312/5312
f 5313/5313 5314/5314 5315/5315 5316/5316
f 5317/5317 5318/5318 5319/5319 5320/5320
f 5321/5321 5322/5322 5323/5323 5324/5324
f 5325/5325 5326/5326 5327/5327 5328/5328
f 5329/5329 5330/5330 5331/5331 5332/5332
f 5333/5333 5334/5334 5335/5335 5336/5336
f 5337/5337 5338/5338 5339/5339 5340/5340
f 5341/5341 5342/5342 5343/5343 5344/5344
f 5345/5345 5346/5346 5347/5347 5348/5348
f 5349/5349 5350/5350 5351/5351 5352/5352
f 5353/5353 5354/5354 5355/5355 5356/5356
f 5357/5357 5358/5358 5359/5359 5360/5360
f 5361/5361 5362/5362 5363/5363 5364/5364
f 5365/5365 5366/5366 5367/5367 5368/5368
f 5369/5369 5370/5370 5371/5371 5372/5372
f 5373/5373 5374/5374 5375/5375 5376/5376
f 5377/5377 5378/5378 5379/5379 5380/5380
f 5381/5381 5382/5382 5383/5383 5384/5384
f 5385/5385 5386/5386 5387/5387 5388/5388
f 5389/5389 5390/5390 5391/5391 5392/5392
f 5393/5393 5394/5394 5395/5395 5396/5396
f 5397/5397 5398/5398 5399/5399 5400/5400
f 5401/5401 5402/5402 5403/5403 5404/5404
f 5405/5405 5406/5406 5407/5407 5408/5408
f 5409/5409 5410/5410 5411/5411 5412/5412
f 5413/5413 5414/5414 5415/5415 5416/5416
f 5417/5417 5418/5418 5419/5419 5420/5420
f 5421/5421 5422/5422 5423/5423 5424/5424
f 5425/5425 5426/5426 5427/5427 5428/5428
f 5429/5429 5430/5430 5431/5431 5432/5432
f 5433/5433 5434/5434 5435/5435 5436/5436
f 5437/5437 5438/5438 5439/5439 5440/5440
f 5441/5441 5442/5442 5443/5443 5444/5444
f 5445/5445 5446/5446 5447/5447 5448/5448
f 5449/5449 5450/5450 5451/5451 5452/5452
f 5453/5453 5454/5454 5455/5455 5456/5456
f 5457/5457 5458/5458 5459/5459 5460/5460
f 5461/5461 5462/5462 5463/5463 5464/5464
f 5465/5465 5466/5466 5467/5467 5468/5468
f 5469/5469 5470/5470 5471/5471 5472/5472
f 5473/5473 5474/5474 5475/5475 5476/5476
f 5477/5477 5478/5478 5479/5479 5480/5480
f 5481/5481 5482/5482 5483/5483 5484/5484
f 5485/5485 5486/5486 5487/5487 5488/5488
f 5489/5489 5490/5490 5491/5491 5492/5492
f 5493/5493 5494/5494 5495/5495 5496/5496
f 5497/5497 5498/5498 5499/5499 5500/5500
f 5501/5501 5502/5502 5503/5503 5504/5504
f 5505/5505 5506/5506 5507/5507 5508/5508
f 5509/5509 5510/5510 5511/5511 5512/5512
f 5513/5513 5514/5514 5515/5515 5516/5516
f 5517/5517 5518/5518 5519/5519 5520/5520
f 5521/5521 5522/5522 5523/5523 5524/5524
f 5525/5525 5526/5526 5527/5527 5528/5528
f 5529/5529 5530/5530 5531/5531 5532/5532
f 5533/5533 5534/5534 5535/5535 5536/5536
f 5537/5537 5538/5538 5539/5539 5540/5540
f 5541/5541 5542/5542 5543/5543 5544/5544
f 5545/5545 5546/5546 5547/5547 5548/5548
f 5549/5549 5550/5550 5551/5551 5552/5552
f 5553/5553 5554/5554 5555/5555 5556/5556
f 5557/5557 5558/5558 5559/5559 5560/5560
f 5561/5561 5562/5562 5563/5563 5564/5564
f 5565/5565 5566/5566 5567/5567 5568/5568
f 5569/5569 5570/5570 5571/5571 5572/5572
f 5573/5573 5574/5574 5575/5575 5576/5576
f 5577/5577 5578/5578 5579/5579 5580/5580
f 5581/5581 5582/5582 5583/5583 5584/5584
f 5585/5585 5586/5586 5587/5587 5588/5588
f 5589/5589 5590/5590 5591/5591 5592/5592
f 5593/5593 5594/5594 5595/5595 5596/5596
f 5597/5597 5598/5598 5599/5599 5600/5600
f 5601/5601 5602/5602 5603/5603 5604/5604
f 5605/5605 5606/5606 5607/5607 5608/5608
f 5609/5609 5610/5610 5611/5611 5612/5612
f 5613/5613 5614/5614 5615/5615 5616/5616
f 5617/5617 5618/5618 5619/5619 5620/5620
f 5621/5621 5622/5622 5623/5623 5624/5624
f 5625/5625 5626/5626 5627/5627 5628/5628
f 5629/5629 5630/5630 5631/5631 5632/5632
f 5633/5633 5634/5634 5635/5635 5636/5636
f 5637/5637 5638/5638 5639/5639 5640/5640
f 5641/5641 5642/5642 5643/5643 5644/5644
f 5645/5645 5646/5646 5647/5647 5648/5648
f 5649/5649 5650/5650 5651/5651 5652/5652
f 5653/5653 5654/5654 5655/5655 5656/5656
f 5657/5657 5658/5658 5659/5659 5660/5660
f 5661/5661 5662/5662 5663/5663 5664/5664
f 5665/5665 5666/5666 5667/5667 5668/5668
f 5669/5669 5670/5670 5671/5671 5672/5672
f 5673/5673 5674/5674 5675/5675 5676/5676
f 5677/5677 5678/5678 5679/5679 5680/5680
f 5681/5681 5682/5682 5683/5683 5684/5684
f 5685/5685 5686/5686 5687/5687 5688/5688
f 5689/5689 5690/5690 5691/5691 5692/5692
f 5693/5693 5694/5694 5695/5695 5696/5696
f 5697/5697 5698/5698 5699/5699 5700/5700
f 5701/5701 5702/5702 5703/5703 5704/5704
f 5705/5705 5706/5706 5707/5707 5708/5708
f 5709/5709 5710/5710 5711/5711 5712/5712
f 5713/5713 5714/5714 5715/5715 5716/5716
f 5717/5717 5718/5718 5719/5719 5720/5720
f 5721/5721 5722/5722 5723/5723 5724/5724
f 5725/5725 5726/5726 5727/5727 5728/5728
f 5729/5729 5730/5730 5731/5731 5732/5732
f 5733/5733 5734/5734 5735/5735 5736/5736
f 5737/5737 5738/5738 5739/5739 5740/5740
f 5741/5741 5742/5742 5743/5743 5744/5744
f 5745/5745 5746/5746 5747/5747 5748/5748
f 5749/5749 5750/5750 5751/5751 5752/5752
f 5753/5753 5754/5754 5755/5755 5756/5756
f 5757/5757 5758/5758 5759/5759 5760/5760
f 5761/5761 5762/5762 5763/5763 5764/5764
f 5765/5765 5766/5766 5767/5767 5768/5768
f 5769/5769 5770/5770 5771/5771 5772/5772
f 5773/5773 5774/5774 5775/5775 5776/5776
f 5777/5777 5778/5778 5779/5779 5780/5780
f 5781/5781 5782/5782 5783/5783 5784/5784
f 5785/5785 5786/5786 5787/5787 5788/5788
f 5789/5789 5790/5790 5791/5791 5792/5792
f 5793/5793 5794/5794 5795/5795 5796/5796
f 5797/5797 5798/5798 5799/5799 5800/5800
f 5801/5801 5802/5802 5803/5803 5804/5804
f 5805/5805 5806/5806 5807/5807 5808/5808
f 5809/5809 5810/5810 5811/5811 5812/5812
f 5813/5813 5814/5814 5815/5815 5816/5816
f 5817/5817 5818/5818 5819/5819 5820/5820
f 5821/5821 5822/5822 5823/5823 5824/5824
f 5825/5825 5826/5826 5827/5827 5828/5828
f 5829/5829 5830/5830 5831/5831 5832/5832
f 5833/5833 5834/5834 5835/5835 5836/5836
f 5837/5837 5838/5838 5839/5839 5840/5840
f 5841/5841 5842/5842 5843/5843 5844/5844
f 5845/5845 5846/5846 5847/5847 5848/5848
f 5849/5849 5850/5850 5851/5851 5852/5852
f 5853/5853 5854/5854 5855/5855 5856/5856
f 5857/5857 5858/5858 5859/5859 5860/5860
f 5861/5861 5862/5862 5863/5863 5864/5864
f 5865/5865 5866/5866 5867/5867 5868/5868
f 5869/5869 5870/5870 5871/5871 5872/5872
f 5873/5873 5874/5874 5875/5875 5876/5876
f 5877/5877 5878/5878 5879/5879 5880/5880
f 5881/5881 5882/5882 5883/5883 5884/5884
f 5885/5885 5886/5886 5887/5887 5888/5888
f 5889/5889 5890/5890 5891/5891 5892/5892
f 5893/5893 5894/5894 5895/5895 5896/5896
f 5897/5897 5898/5898 5899/5899 5900/5900
f 5901/5901 5902/5902 5903/5903 5904/5904
f 5905/5905 5906/5906 5907/5907 5908/5908
f 5909/5909 5910/5910 5911/5911 5912/5912
f 5913/5913 5914/5914 5915/5915 5916/5916
f 5917/5917 5918/5918 5919/5919 5920/5920
f 5921/5921 5922/5922 5923/5923 5924/5924
f 5925/5925 5926/5926 5927/5927 5928/5928
f 5929/5929 5930/5930 5931/5931 5932/5932
f 5933/5933 5934/5934 5935/5935 5936/5936
f 5937/5937 5938/5938 5939/5939 5940/5940
f 5941/5941 5942/5942 5943/5943 5944/5944
f 5945/5945 5946/5946 5947/5947 5948/5948
f 5949/5949 5950/5950 5951/5951 5952/5952
f 5953/5953 5954/5954 5955/5955 5956/5956
f 5957/5957 5958/5958 5959/5959 5960/5960
f 5961/5961 5962/5962 5963/5963 5964/5964
f 5965/5965 5966/5966 5967/5967 5968/5968
f 5969/5969 5970/5970 5971/5971 5972/5972
f 5973/5973 5974/5974 5975/5975 5976/5976
f 5977/5977 5978/5978 5979/5979 5980/5980
f 5981/5981 5982/5982 5983/5983 5984/5984
f 5985/5985 5986/5986 5987/5987 5988/5988
f 5989/5989 5990/5990 5991/5991 5992/5992
f 5993/5993 5994/5994 5995/5995 5996/5996
f 5997/5997 5998/5998 5999/5999 6000/6000
f 6001/6001 6002/6002 6003/6003 6004/6004
f 6005/6005 6006/6006 6007/6007 6008/6008
f 6009/6009 6010/6010 6011/6011 6012/6012
f 6013/6013 6014/6014 6015/6015 6016/6016
f 6017/6017 6018/6018 6019/6019 6020/6020
f 6021/6021 6022/6022 6023/6023 6024/6024
f 6025/6025 6026/6026 6027/6027 6028/6028
f 6029/6029 6030/6030 6031/6031 6032/6032
f 6033/6033 6034/6034 6035/6035 6036/6036
f 6037/6037 6038/6038 6039/6039 6040/6040
f 6041/6041 6042/6042 6043/6043 6044/6044
f 6045/6045 6046/6046 6047/6047 6048/6048
f 6049/6049 6050/6050 6051/6051 6052/6052
f 6053/6053 6054/6054 6055/6055 6056/6056
f 6057/6057 6058/6058 6059/6059 6060/6060
f 6061/6061 6062/6062 6063/6063 6064/6064
f 6065/6065 6066/6066 6067/6067 6068/6068
f 6069/6069 6070/6070 6071/6071 6072/6072
f 6073/6073 6074/6074 6075/6075 6076/6076
f 6077/6077 6078/6078 6079/6079 6080/6080
f 6081/6081 6082/6082 6083/6083 6084/6084
f 6085/6085 6086/6086 6087/6087 6088/6088
f 6089/6089 6090/6090 6091/6091 6092/6092
f 6093/6093 6094/6094 6095/6095 6096/6096
f 6097/6097 6098/6098 6099/6099 6100/6100
f 6101/6101 6102/6102 6103/6103 6104/6104
f 6105/6105 6106/6106 6107/6107 6108/6108
f 6109/6109 6110/6110 6111/6111 6112/6112
f 6113/6113 6114/6114 6115/6115 6116/6116
f 6117/6117 6118/6118 6119/6119 6120/6120
f 6121/6121 6122/6122 6123/6123 6124/6124
f 6125/6125 6126/6126 6127/6127 6128/6128
f 6129/6129 6130/6130 6131/6131 6132/6132
f 6133/6133 6134/6134 6135/6135 6136/6136
f 6137/6137 6138/6138 6139/6139 6140/6140
f 6141/6141 6142/6142 6143/6143 6144/6144
f 6145/6145 6146/6146 6147/6147 6148/6148
f 6149/6149 6150/6150 6151/6151 6152/6152
f 6153/6153 6154/6154 6155/6155 6156/6156
f 6157/6157 6158/6158 6159/6159 6160/6160
f 6161/6161 6162/6162 6163/6163 6164/6164
f 6165/6165 6166/6166 6167/6167 6168/6168
f 6169/6169 6170/6170 6171/6171 6172/6172
f 6173/6173 6174/6174 6175/6175 6176/6176
f 6177/6177 6178/6178 6179/6179 6180/6180
f 6181/6181 6182/6182 6183/6183 6184/6184
f 6185/6185 6186/6186 6187/6187 6188/6188
f 6189/6189 6190/6190 6191/6191 6192/6192
f 6193/6193 6194/6194 6195/6195 6196/6196
f 6197/6197 6198/6198 6199/6199 6200/6200
f 6201/6201 6202/6202 6203/6203 6204/6204
f 6205/6205 6206/6206 6207/6207 6208/6208
f 6209/6209 6210/6210 6211/6211 6212/6212
f 6213/6213 6214/6214 6215/6215 6216/6216
f 6217/6217 6218/6218 6219/6219 6220/6220
f 6221/6221 6222/6222 6223/6223 6224/6224
f 6225/6225 6226/6226 6227/6227 6228/6228
f 6229/6229 6230/6230 6231/6231 6232/6232
g guard
f 6233/6233 6234/6234 6235/6235 6236/6236
f 6237/6237 6238/6238 6239/6239 6240/6240
f 6241/6241 6242/6242 6243/6243 6244/6244
f 6245/6245 6246/6246 6247/6247 6248/6248
f 6249/6249 6250/6250 6251/6251 6252/6252
f 6253/6253 6254/6254 6255/6255 6256/6256
f 6257/6257 6258/6258 6259/6259 6260/6260
f 6261/6261 6262/6262 6263/6263 6264/6264
f 6265/6265 6266/6266 6267/6267 6268/6268
f 6269/6269 6270/6270 6271/6271 6272/6272
f 6273/6273 6274/6274 6275/6275 6276/6276
f 6277/6277 6278/6278 6279/6279 6280/6280
f 6281/6281 6282/6282 6283/6283 6284/6284
f 6285/6285 6286/6286 6287/6287 6288/6288
f 6289/6289 6290/6290 6291/6291 6292/6292
f 6293/6293 6294/6294 6295/6295 6296/6296
f 6297/6297 6298/6298 6299/6299 6300/6300
f 6301/6301 6302/6302 6303/6303 6304/6304
f 6305/6305 6306/6306 6307/6307 6308/6308
f 6309/6309 6310/6310 6311/6311 6312/6312
f 6313/6313 6314/6314 6315/6315 6316/6316
f 6317/6317 6318/6318 6319/6319 6320/6320
f 6321/6321 6322/6322 6323/6323 6324/6324
f 6325/6325 6326/6326 6327/6327 6328/6328
g pommel
f 6329/6329 6330/6330 6331/6331 6332/6332
f 6333/6333 6334/6334 6335/6335 6336/6336
f 6337/6337 6338/6338 6339/6339 6340/6340
f 6341/6341 6342/6342 6343/6343 6344/6344
f 6345/6345 6346/6346 6347/6347 6348/6348
f 6349/6349 6350/6350 6351/6351 6352/6352
f 6353/6353 6354/6354 6355/6355 6356/6356
f 6357/6357 6358/6358 6359/6359 6360/6360
f 6361/6361 6362/6362 6363/6363 6364/6364
f 6365/6365 6366/6366 6367/6367 6368/6368
f 6369/6369 6370/6370 6371/6371 6372/6372
f 6373/6373 6374/6374 6375/6375 6376/6376
f 6377/6377 6378/6378 6379/6379 6380/6380
f 6381/6381 6382/6382 6383/6383 6384/6384
f 6385/6385 6386/6386 6387/6387 6388/6388
f 6389/6389 6390/6390 6391/6391 6392/6392
f 6393/6393 6394/6394 6395/6395 6396/6396
f 6397/6397 6398/6398 6399/6399 6400/6400
f 6401/6401 6402/6402 6403/6403 6404/6404
f 6405/6405 6406/6406 6407/6407 6408/6408
f 6409/6409 6410/6410 6411/6411 6412/6412
f 6413/6413 6414/6414 6415/6415 6416/6416
f 6417/6417 6418/6418 6419/6419 6420/6420
f 6421/6421 6422/6422 6423/6423 6424/6424
f 6425/6425 6426/6426 6427/6427 6428/6428
f 6429/6429 6430/6430 6431/6431 6432/6432
f 6433/6433 6434/6434 6435/6435 6436/6436
f 6437/6437 6438/6438 6439/6439 6440/6440
f 6441/6441 6442/6442 6443/6443 6444/6444
f 6445/6445 6446/6446 6447/6447 6448/6448
f 6449/6449 6450/6450 6451/6451 6452/6452
f 6453/6453 6454/6454 6455/6455 6456/6456
f 6457/6457 6458/6458 6459/6459 6460/6460
f 6461/6461 6462/6462 6463/6463 6464/6464
f 6465/6465 6466/6466 6467/6467 6468/6468
f 6469/6469 6470/6470 6471/6471 6472/6472
f 6473/6473 6474/6474 6475/6475 6476/6476
f 6477/6477 6478/6478 6479/6479 6480/6480
f 6481/6481 6482/6482 6483/6483 6484/6484
f 6485/6485 6486/6486 6487/6487 6488/6488
g glow
f 6489/6489 6490/6490 6491/6491 6492/6492
f 6493/6493 6494/6494 6495/6495 6496/6496
f 6497/6497 6498/6498 6499/6499 6500/6500
f 6501/6501 6502/6502 6503/6503 6504/6504
f 6505/6505 6506/6506 6507/6507 6508/6508
f 6509/6509 6510/6510 6511/6511 6512/6512
f 6513/6513 6514/6514 6515/6515 6516/6516
f 6517/6517 6518/6518 6519/6519 6520/6520
f 6521/6521 6522/6522 6523/6523 6524/6524
f 6525/6525 6526/6526 6527/6527 6528/6528
f 6529/6529 6530/6530 6531/6531 6532/6532
f 6533/6533 6534/6534 6535/6535 6536/6536
f 6537/6537 6538/6538 6539/6539 6540/6540
f 6541/6541 6542/6542 6543/6543 6544/6544
f 6545/6545 6546/6546 6547/6547 6548/6548
f 6549/6549 6550/6550 6551/6551 6552/6552
f 6553/6553 6554/6554 6555/6555 6556/6556
f 6557/6557 6558/6558 6559/6559 6560/6560
f 6561/6561 6562/6562 6563/6563 6564/6564
f 6565/6565 6566/6566 6567/6567 6568/6568
f 6569/6569 6570/6570 6571/6571 6572/6572
f 6573/6573 6574/6574 6575/6575 6576/6576
f 6577/6577 6578/6578 6579/6579 6580/6580
f 6581/6581 6582/6582 6583/6583 6584/6584
f 6585/6585 6586/6586 6587/6587 6588/6588
f 6589/6589 6590/6590 6591/6591 6592/6592
f 6593/6593 6594/6594 6595/6595 6596/6596
f 6597/6597 6598/6598 6599/6599 6600/6600
f 6601/6601 6602/6602 6603/6603 6604/6604
f 6605/6605 6606/6606 6607/6607 6608/6608
f 6609/6609 6610/6610 6611/6611 6612/6612
f 6613/6613 6614/6614 6615/6615 6616/6616
f 6617/6617 6618/6618 6619/6619 6620/6620
f 6621/6621 6622/6622 6623/6623 6624/6624
f 6625/6625 6626/6626 6627/6627 6628/6628
f 6629/6629 6630/6630 6631/6631 6632/6632
f 6633/6633 6634/6634 6635/6635 6636/6636
f 6637/6637 6638/6638 6639/6639 6640/6640
f 6641/6641 6642/6642 6643/6643 6644/6644
f 6645/6645 6646/6646 6647/6647 6648/6648
f 6649/6649 6650/6650 6651/6651 6652/6652
f 6653/6653 6654/6654 6655/6655 6656/6656
f 6657/6657 6658/6658 6659/6659 6660/6660
f 6661/6661 6662/6662 6663/6663 6664/6664
f 6665/6665 6666/6666 6667/6667 6668/6668
f 6669/6669 6670/6670 6671/6671 6672/6672
f 6673/6673 6674/6674 6675/6675 6676/6676
f 6677/6677 6678/6678 6679/6679 6680/6680
f 6681/6681 6682/6682 6683/6683 6684/6684
f 6685/6685 6686/6686 6687/6687 6688/6688
f 6689/6689 6690/6690 6691/6691 6692/6692
f 6693/6693 6694/6694 6695/6695 6696/6696
f 6697/6697 6698/6698 6699/6699 6700/6700
f 6701/6701 6702/6702 6703/6703 6704/6704
f 6705/6705 6706/6706 6707/6707 6708/6708
f 6709/6709 6710/6710 6711/6711 6712/6712
f 6713/6713 6714/6714 6715/6715 6716/6716
f 6717/6717 6718/6718 6719/6719 6720/6720
f 6721/6721 6722/6722 6723/6723 6724/6724
f 6725/6725 6726/6726 6727/6727 6728/6728
