# Solid curved Chitauri scepter. Grip at origin. Authored quad mesh.
v 0.159617 -1.102974 0.000000
v 0.155078 -1.104270 0.023726
v 0.151434 -1.093451 0.023506
v 0.155927 -1.092157 0.000000
v 0.142155 -1.107961 0.043841
v 0.138640 -1.097137 0.043433
v 0.122814 -1.113485 0.057281
v 0.119491 -1.102653 0.056748
v 0.100000 -1.120000 0.062000
v 0.096904 -1.109160 0.061423
v 0.077186 -1.126515 0.057281
v 0.074317 -1.115667 0.056748
v 0.057845 -1.132039 0.043841
v 0.055169 -1.121183 0.043433
v 0.044922 -1.135730 0.023726
v 0.042374 -1.124869 0.023506
v 0.040383 -1.137026 0.000000
v 0.037881 -1.126163 0.000000
v 0.044922 -1.135730 -0.023726
v 0.042374 -1.124869 -0.023506
v 0.057845 -1.132039 -0.043841
v 0.055169 -1.121183 -0.043433
v 0.077186 -1.126515 -0.057281
v 0.074317 -1.115667 -0.056748
v 0.100000 -1.120000 -0.062000
v 0.096904 -1.109160 -0.061423
v 0.122814 -1.113485 -0.057281
v 0.119491 -1.102653 -0.056748
v 0.142155 -1.107961 -0.043841
v 0.138640 -1.097137 -0.043433
v 0.155078 -1.104270 -0.023726
v 0.151434 -1.093451 -0.023506
v 0.147097 -1.080753 0.023246
v 0.151538 -1.079464 0.000000
v 0.134452 -1.084426 0.042953
v 0.115527 -1.089923 0.056121
v 0.093203 -1.096406 0.060745
v 0.070879 -1.102890 0.056121
v 0.051954 -1.108386 0.042953
v 0.039309 -1.112059 0.023246
v 0.034869 -1.113349 0.000000
v 0.039309 -1.112059 -0.023246
v 0.051954 -1.108386 -0.042953
v 0.070879 -1.102890 -0.056121
v 0.093203 -1.096406 -0.060745
v 0.115527 -1.089923 -0.056121
v 0.134452 -1.084426 -0.042953
v 0.147097 -1.080753 -0.023246
v 0.142037 -1.065987 0.022940
v 0.146420 -1.064718 0.000000
v 0.129555 -1.069600 0.042388
v 0.110874 -1.075008 0.055383
v 0.088838 -1.081387 0.059946
v 0.066802 -1.087765 0.055383
v 0.048121 -1.093173 0.042388
v 0.035639 -1.096786 0.022940
v 0.031256 -1.098055 0.000000
v 0.035639 -1.096786 -0.022940
v 0.048121 -1.093173 -0.042388
v 0.066802 -1.087765 -0.055383
v 0.088838 -1.081387 -0.059946
v 0.110874 -1.075008 -0.055383
v 0.129555 -1.069600 -0.042388
v 0.142037 -1.065987 -0.022940
v 0.136158 -1.048734 0.022581
v 0.140476 -1.047497 0.000000
v 0.123861 -1.052258 0.041725
v 0.105458 -1.057530 0.054516
v 0.083750 -1.063750 0.059008
v 0.062042 -1.069970 0.054516
v 0.043639 -1.075242 0.041725
v 0.031342 -1.078766 0.022581
v 0.027024 -1.080003 0.000000
v 0.031342 -1.078766 -0.022581
v 0.043639 -1.075242 -0.041725
v 0.062042 -1.069970 -0.054516
v 0.083750 -1.063750 -0.059008
v 0.105458 -1.057530 -0.054516
v 0.123861 -1.052258 -0.041725
v 0.136158 -1.048734 -0.022581
v 0.129370 -1.028601 0.022162
v 0.133612 -1.027403 0.000000
v 0.117289 -1.032013 0.040950
v 0.099208 -1.037120 0.053504
v 0.077881 -1.043145 0.057912
v 0.056553 -1.049169 0.053504
v 0.038473 -1.054276 0.040950
v 0.026392 -1.057688 0.022162
v 0.022149 -1.058886 0.000000
v 0.026392 -1.057688 -0.022162
v 0.038473 -1.054276 -0.040950
v 0.056553 -1.049169 -0.053504
v 0.077881 -1.043145 -0.057912
v 0.099208 -1.037120 -0.053504
v 0.117289 -1.032013 -0.040950
v 0.129370 -1.028601 -0.022162
v 0.121590 -1.005210 0.021675
v 0.125744 -1.004055 0.000000
v 0.109760 -1.008497 0.040050
v 0.092056 -1.013416 0.052328
v 0.071172 -1.019219 0.056639
v 0.050288 -1.025022 0.052328
v 0.032584 -1.029941 0.040050
v 0.020754 -1.033228 0.021675
v 0.016600 -1.034382 0.000000
v 0.020754 -1.033228 -0.021675
v 0.032584 -1.029941 -0.040050
v 0.050288 -1.025022 -0.052328
v 0.071172 -1.019219 -0.056639
v 0.092056 -1.013416 -0.052328
v 0.109760 -1.008497 -0.040050
v 0.121590 -1.005210 -0.021675
v 0.112736 -0.978193 0.021113
v 0.116787 -0.977087 0.000000
v 0.101198 -0.981344 0.039012
v 0.083932 -0.986059 0.050972
v 0.063564 -0.991621 0.055171
v 0.043197 -0.997183 0.050972
v 0.025931 -1.001898 0.039012
v 0.014393 -1.005049 0.021113
v 0.010342 -1.006155 0.000000
v 0.014393 -1.005049 -0.021113
v 0.025931 -1.001898 -0.039012
v 0.043197 -0.997183 -0.050972
v 0.063564 -0.991621 -0.055171
v 0.083932 -0.986059 -0.050972
v 0.101198 -0.981344 -0.039012
v 0.112736 -0.978193 -0.021113
v 0.102476 -0.946283 0.020469
v 0.106387 -0.945153 0.000000
v 0.091336 -0.949501 0.037823
v 0.074665 -0.954318 0.049418
v 0.055000 -0.960000 0.053489
v 0.035335 -0.965682 0.049418
v 0.018664 -0.970499 0.037823
v 0.007524 -0.973717 0.020469
v 0.003613 -0.974847 0.000000
v 0.007524 -0.973717 -0.020469
v 0.018664 -0.970499 -0.037823
v 0.035335 -0.965682 -0.049418
v 0.055000 -0.960000 -0.053489
v 0.074665 -0.954318 -0.049418
v 0.091336 -0.949501 -0.037823
v 0.102476 -0.946283 -0.020469
v 0.089438 -0.909548 0.019745
v 0.093170 -0.908324 0.000000
v 0.078809 -0.913031 0.036483
v 0.062903 -0.918245 0.047668
v 0.044141 -0.924395 0.051595
v 0.025378 -0.930544 0.047668
v 0.009472 -0.935758 0.036483
v -0.001156 -0.939241 0.019745
v -0.004888 -0.940465 0.000000
v -0.001156 -0.939241 -0.019745
v 0.009472 -0.935758 -0.036483
v 0.025378 -0.930544 -0.047668
v 0.044141 -0.924395 -0.051595
v 0.062903 -0.918245 -0.047668
v 0.078809 -0.913031 -0.036483
v 0.089438 -0.909548 -0.019745
v 0.073593 -0.869912 0.018946
v 0.077146 -0.868656 0.000000
v 0.063475 -0.873489 0.035008
v 0.048332 -0.878842 0.045740
v 0.030469 -0.885156 0.049508
v 0.012606 -0.891471 0.045740
v -0.002537 -0.896824 0.035008
v -0.012656 -0.900401 0.018946
v -0.016209 -0.901657 0.000000
v -0.012656 -0.900401 -0.018946
v -0.002537 -0.896824 -0.035008
v 0.012606 -0.891471 -0.045740
v 0.030469 -0.885156 -0.049508
v 0.048332 -0.878842 -0.045740
v 0.063475 -0.873489 -0.035008
v 0.073593 -0.869912 -0.018946
v 0.056348 -0.827996 0.018076
v 0.059742 -0.826809 0.000000
v 0.046683 -0.831376 0.033400
v 0.032219 -0.836435 0.043639
v 0.015156 -0.842402 0.047234
v -0.001906 -0.848370 0.043639
v -0.016371 -0.853429 0.033400
v -0.026036 -0.856809 0.018076
v -0.029430 -0.857996 0.000000
v -0.026036 -0.856809 -0.018076
v -0.016371 -0.853429 -0.033400
v -0.001906 -0.848370 -0.043639
v 0.015156 -0.842402 -0.047234
v 0.032219 -0.836435 -0.043639
v 0.046683 -0.831376 -0.033400
v 0.056348 -0.827996 -0.018076
v 0.038745 -0.783540 0.017136
v 0.041989 -0.782492 0.000000
v 0.029507 -0.786522 0.031664
v 0.015682 -0.790985 0.041371
v -0.000625 -0.796250 0.044779
v -0.016932 -0.801515 0.041371
v -0.030757 -0.805978 0.031664
v -0.039995 -0.808960 0.017136
v -0.043239 -0.810008 0.000000
v -0.039995 -0.808960 -0.017136
v -0.030757 -0.805978 -0.031664
v -0.016932 -0.801515 -0.041371
v -0.000625 -0.796250 -0.044779
v 0.015682 -0.790985 -0.041371
v 0.029507 -0.786522 -0.031664
v 0.038745 -0.783540 -0.017136
v 0.021823 -0.736415 0.016130
v 0.024915 -0.735558 0.000000
v 0.013018 -0.738855 0.029804
v -0.000159 -0.742508 0.038941
v -0.015703 -0.746816 0.042150
v -0.031247 -0.751125 0.038941
v -0.044425 -0.754777 0.029804
v -0.053230 -0.757218 0.016130
v -0.056321 -0.758075 0.000000
v -0.053230 -0.757218 -0.016130
v -0.044425 -0.754777 -0.029804
v -0.031247 -0.751125 -0.038941
v -0.015703 -0.746816 -0.042150
v -0.000159 -0.742508 -0.038941
v 0.013018 -0.738855 -0.029804
v 0.021823 -0.736415 -0.016130
v 0.006632 -0.686549 0.015059
v 0.009560 -0.685917 0.000000
v -0.001706 -0.688349 0.027826
v -0.014186 -0.691042 0.036357
v -0.028906 -0.694219 0.039352
v -0.043627 -0.697396 0.036357
v -0.056106 -0.700089 0.027826
v -0.064445 -0.701888 0.015059
v -0.067373 -0.702520 0.000000
v -0.064445 -0.701888 -0.015059
v -0.056106 -0.700089 -0.027826
v -0.043627 -0.697396 -0.036357
v -0.028906 -0.694219 -0.039352
v -0.014186 -0.691042 -0.036357
v -0.001706 -0.688349 -0.027826
v 0.006632 -0.686549 -0.015059
v -0.005213 -0.633805 0.014159
v -0.002424 -0.633412 0.000000
v -0.013155 -0.634924 0.026163
v -0.025042 -0.636599 0.034184
v -0.039063 -0.638574 0.037000
v -0.053083 -0.640550 0.034184
v -0.064970 -0.642225 0.026163
v -0.072912 -0.643344 0.014159
v -0.075701 -0.643737 0.000000
v -0.072912 -0.643344 -0.014159
v -0.064970 -0.642225 -0.026163
v -0.053083 -0.640550 -0.034184
v -0.039063 -0.638574 -0.037000
v -0.025042 -0.636599 -0.034184
v -0.013155 -0.634924 -0.026163
v -0.005213 -0.633805 -0.014159
v -0.010868 -0.578124 0.014159
v -0.008056 -0.577970 0.000000
v -0.018876 -0.578565 0.026163
v -0.030862 -0.579223 0.034184
v -0.045000 -0.580000 0.037000
v -0.059138 -0.580777 0.034184
v -0.071124 -0.581435 0.026163
v -0.079132 -0.581876 0.014159
v -0.081944 -0.582030 0.000000
v -0.079132 -0.581876 -0.014159
v -0.071124 -0.581435 -0.026163
v -0.059138 -0.580777 -0.034184
v -0.045000 -0.580000 -0.037000
v -0.030862 -0.579223 -0.034184
v -0.018876 -0.578565 -0.026163
v -0.010868 -0.578124 -0.014159
v -0.011678 -0.515600 0.014159
v -0.008862 -0.515654 0.000000
v -0.019697 -0.515448 0.026163
v -0.031699 -0.515220 0.034184
v -0.045855 -0.514951 0.037000
v -0.060012 -0.514682 0.034184
v -0.072014 -0.514454 0.026163
v -0.080033 -0.514302 0.014159
v -0.082849 -0.514249 0.000000
v -0.080033 -0.514302 -0.014159
v -0.072014 -0.514454 -0.026163
v -0.060012 -0.514682 -0.034184
v -0.045855 -0.514951 -0.037000
v -0.031699 -0.515220 -0.034184
v -0.019697 -0.515448 -0.026163
v -0.011678 -0.515600 -0.014159
v -0.008267 -0.444062 0.014159
v -0.005456 -0.444248 0.000000
v -0.016270 -0.443530 0.026163
v -0.028247 -0.442735 0.034184
v -0.042375 -0.441797 0.037000
v -0.056503 -0.440859 0.034184
v -0.068480 -0.440063 0.026163
v -0.076483 -0.439532 0.014159
v -0.079294 -0.439345 0.000000
v -0.076483 -0.439532 -0.014159
v -0.068480 -0.440063 -0.026163
v -0.056503 -0.440859 -0.034184
v -0.042375 -0.441797 -0.037000
v -0.028247 -0.442735 -0.034184
v -0.016270 -0.443530 -0.026163
v -0.008267 -0.444062 -0.014159
v -0.001769 -0.366743 0.014159
v 0.001035 -0.367008 0.000000
v -0.009754 -0.365988 0.026163
v -0.021704 -0.364858 0.034184
v -0.035801 -0.363525 0.037000
v -0.049897 -0.362193 0.034184
v -0.061848 -0.361063 0.026163
v -0.069833 -0.360308 0.014159
v -0.072637 -0.360043 0.000000
v -0.069833 -0.360308 -0.014159
v -0.061848 -0.361063 -0.026163
v -0.049897 -0.362193 -0.034184
v -0.035801 -0.363525 -0.037000
v -0.021704 -0.364858 -0.034184
v -0.009754 -0.365988 -0.026163
v -0.001769 -0.366743 -0.014159
v 0.006607 -0.286835 0.014159
v 0.009406 -0.287140 0.000000
v -0.001367 -0.285964 0.026163
v -0.013299 -0.284662 0.034184
v -0.027375 -0.283125 0.037000
v -0.041451 -0.281588 0.034184
v -0.053383 -0.280286 0.026163
v -0.061357 -0.279415 0.014159
v -0.064156 -0.279110 0.000000
v -0.061357 -0.279415 -0.014159
v -0.053383 -0.280286 -0.026163
v -0.041451 -0.281588 -0.034184
v -0.027375 -0.283125 -0.037000
v -0.013299 -0.284662 -0.034184
v -0.001367 -0.285964 -0.026163
v 0.006607 -0.286835 -0.014159
v 0.015630 -0.207400 0.014159
v 0.018429 -0.207714 0.000000
v 0.007660 -0.206505 0.026163
v -0.004269 -0.205165 0.034184
v -0.018340 -0.203584 0.037000
v -0.032411 -0.202003 0.034184
v -0.044339 -0.200663 0.026163
v -0.052310 -0.199768 0.014159
v -0.055109 -0.199454 0.000000
v -0.052310 -0.199768 -0.014159
v -0.044339 -0.200663 -0.026163
v -0.032411 -0.202003 -0.034184
v -0.018340 -0.203584 -0.037000
v -0.004269 -0.205165 -0.034184
v 0.007660 -0.206505 -0.026163
v 0.015630 -0.207400 -0.014159
v 0.024065 -0.131403 0.014159
v 0.026867 -0.131692 0.000000
v 0.016087 -0.130579 0.026163
v 0.004147 -0.129345 0.034184
v -0.009938 -0.127891 0.037000
v -0.024022 -0.126436 0.034184
v -0.035962 -0.125203 0.026163
v -0.043940 -0.124379 0.014159
v -0.046742 -0.124089 0.000000
v -0.043940 -0.124379 -0.014159
v -0.035962 -0.125203 -0.026163
v -0.024022 -0.126436 -0.034184
v -0.009938 -0.127891 -0.037000
v 0.004147 -0.129345 -0.034184
v 0.016087 -0.130579 -0.026163
v 0.024065 -0.131403 -0.014159
v 0.030671 -0.061681 0.014159
v 0.033479 -0.061900 0.000000
v 0.022674 -0.061060 0.026163
v 0.010707 -0.060130 0.034184
v -0.003410 -0.059033 0.037000
v -0.017527 -0.057936 0.034184
v -0.029494 -0.057006 0.026163
v -0.037491 -0.056385 0.014159
v -0.040299 -0.056167 0.000000
v -0.037491 -0.056385 -0.014159
v -0.029494 -0.057006 -0.026163
v -0.017527 -0.057936 -0.034184
v -0.003410 -0.059033 -0.037000
v 0.010707 -0.060130 -0.034184
v 0.022674 -0.061060 -0.026163
v 0.030671 -0.061681 -0.014159
v 0.034161 -0.001240 0.014159
v 0.036976 -0.001342 0.000000
v 0.026146 -0.000949 0.026163
v 0.014150 -0.000514 0.034184
v 0.000000 -0.000000 0.037000
v -0.014150 0.000514 0.034184
v -0.026146 0.000949 0.026163
v -0.034161 0.001240 0.014159
v -0.036976 0.001342 0.000000
v -0.034161 0.001240 -0.014159
v -0.026146 0.000949 -0.026163
v -0.014150 0.000514 -0.034184
v -0.000000 0.000000 -0.037000
v 0.014150 -0.000514 -0.034184
v 0.026146 -0.000949 -0.026163
v 0.034161 -0.001240 -0.014159
v 0.034694 0.049221 0.014159
v 0.037510 0.049240 0.000000
v 0.026673 0.049168 0.026163
v 0.014670 0.049088 0.034184
v 0.000511 0.048994 0.037000
v -0.013648 0.048900 0.034184
v -0.025652 0.048821 0.026163
v -0.033672 0.048767 0.014159
v -0.036488 0.048749 0.000000
v -0.033672 0.048767 -0.014159
v -0.025652 0.048821 -0.026163
v -0.013648 0.048900 -0.034184
v 0.000511 0.048994 -0.037000
v 0.014670 0.049088 -0.034184
v 0.026673 0.049168 -0.026163
v 0.034694 0.049221 -0.014159
v 0.033547 0.092244 0.014159
v 0.036361 0.092371 0.000000
v 0.025535 0.091883 0.026163
v 0.013543 0.091341 0.034184
v -0.000602 0.090703 0.037000
v -0.014746 0.090065 0.034184
v -0.026738 0.089524 0.026163
v -0.034750 0.089162 0.014159
v -0.037564 0.089035 0.000000
v -0.034750 0.089162 -0.014159
v -0.026738 0.089524 -0.026163
v -0.014746 0.090065 -0.034184
v -0.000602 0.090703 -0.037000
v 0.013543 0.091341 -0.034184
v 0.025535 0.091883 -0.026163
v 0.033547 0.092244 -0.014159
v 0.031070 0.129477 0.014159
v 0.033877 0.129715 0.000000
v 0.023078 0.128800 0.026163
v 0.011118 0.127787 0.034184
v -0.002991 0.126592 0.037000
v -0.017100 0.125397 0.034184
v -0.029061 0.124384 0.026163
v -0.037053 0.123707 0.014159
v -0.039859 0.123469 0.000000
v -0.037053 0.123707 -0.014159
v -0.029061 0.124384 -0.026163
v -0.017100 0.125397 -0.034184
v -0.002991 0.126592 -0.037000
v 0.011118 0.127787 -0.034184
v 0.023078 0.128800 -0.026163
v 0.031070 0.129477 -0.014159
v 0.027627 0.162202 0.014159
v 0.030423 0.162538 0.000000
v 0.019664 0.161245 0.026163
v 0.007746 0.159814 0.034184
v -0.006312 0.158125 0.037000
v -0.020371 0.156436 0.034184
v -0.032289 0.155005 0.026163
v -0.040252 0.154048 0.014159
v -0.043048 0.153712 0.000000
v -0.040252 0.154048 -0.014159
v -0.032289 0.155005 -0.026163
v -0.020371 0.156436 -0.034184
v -0.006313 0.158125 -0.037000
v 0.007746 0.159814 -0.034184
v 0.019664 0.161245 -0.026163
v 0.027627 0.162202 -0.014159
v 0.023614 0.191646 0.014159
v 0.026402 0.192048 0.000000
v 0.015675 0.190502 0.026163
v 0.003795 0.188788 0.034184
v -0.010220 0.186768 0.037000
v -0.024234 0.184747 0.034184
v -0.036115 0.183034 0.026163
v -0.044053 0.181889 0.014159
v -0.046841 0.181487 0.000000
v -0.044053 0.181889 -0.014159
v -0.036115 0.183034 -0.026163
v -0.024234 0.184747 -0.034184
v -0.010220 0.186768 -0.037000
v 0.003795 0.188788 -0.034184
v 0.015675 0.190502 -0.026163
v 0.023614 0.191646 -0.014159
v 0.019763 0.219115 0.014296
v 0.022575 0.219538 0.000000
v 0.011755 0.217912 0.026415
v -0.000230 0.216110 0.034513
v -0.014367 0.213984 0.037357
v -0.028504 0.211859 0.034513
v -0.040489 0.210057 0.026415
v -0.048497 0.208853 0.014296
v -0.051309 0.208431 0.000000
v -0.048497 0.208853 -0.014296
v -0.040489 0.210057 -0.026415
v -0.028504 0.211859 -0.034513
v -0.014367 0.213984 -0.037357
v -0.000230 0.216110 -0.034513
v 0.011755 0.217912 -0.026415
v 0.019763 0.219115 -0.014296
v 0.016425 0.245987 0.014562
v 0.019295 0.246378 0.000000
v 0.008252 0.244873 0.026907
v -0.003980 0.243206 0.035156
v -0.018409 0.241240 0.038053
v -0.032838 0.239274 0.035156
v -0.045070 0.237607 0.026907
v -0.053244 0.236494 0.014562
v -0.056114 0.236103 0.000000
v -0.053244 0.236494 -0.014562
v -0.045070 0.237607 -0.026907
v -0.032838 0.239274 -0.035156
v -0.018409 0.241240 -0.038053
v -0.003980 0.243206 -0.035156
v 0.008252 0.244873 -0.026907
v 0.016425 0.245987 -0.014562
v 0.013538 0.274605 0.014843
v 0.016466 0.274985 0.000000
v 0.005199 0.273525 0.027427
v -0.007280 0.271908 0.035835
v -0.022000 0.270000 0.038787
v -0.036720 0.268092 0.035835
v -0.049199 0.266475 0.027427
v -0.057538 0.265395 0.014843
v -0.060466 0.265015 0.000000
v -0.057538 0.265395 -0.014843
v -0.049199 0.266475 -0.027427
v -0.036720 0.268092 -0.035835
v -0.022000 0.270000 -0.038787
v -0.007280 0.271908 -0.035835
v 0.005199 0.273525 -0.027427
v 0.013538 0.274605 -0.014843
v 0.010167 0.304849 0.015129
v 0.013140 0.305310 0.000000
v 0.001698 0.303537 0.027955
v -0.010977 0.301574 0.036525
v -0.025928 0.299258 0.039534
v -0.040878 0.296942 0.036525
v -0.053553 0.294978 0.027955
v -0.062022 0.293666 0.015129
v -0.064996 0.293205 0.000000
v -0.062022 0.293666 -0.015129
v -0.053553 0.294978 -0.027955
v -0.040878 0.296942 -0.036525
v -0.025928 0.299258 -0.039534
v -0.010977 0.301574 -0.036525
v 0.001698 0.303537 -0.027955
v 0.010167 0.304849 -0.015129
v 0.005679 0.334086 0.015402
v 0.008689 0.334654 0.000000
v -0.002894 0.332467 0.028459
v -0.015725 0.330045 0.037184
v -0.030859 0.327188 0.040247
v -0.045994 0.324330 0.037184
v -0.058824 0.321908 0.028459
v -0.067398 0.320289 0.015402
v -0.070408 0.319721 0.000000
v -0.067398 0.320289 -0.015402
v -0.058824 0.321908 -0.028459
v -0.045994 0.324330 -0.037184
v -0.030859 0.327188 -0.040247
v -0.015725 0.330045 -0.037184
v -0.002894 0.332467 -0.028459
v 0.005679 0.334086 -0.015402
v 0.000787 0.361577 0.015664
v 0.003840 0.362199 0.000000
v -0.007907 0.359805 0.028944
v -0.020919 0.357152 0.037817
v -0.036268 0.354023 0.040933
v -0.051616 0.350895 0.037817
v -0.064628 0.348242 0.028944
v -0.073322 0.346470 0.015664
v -0.076375 0.345848 0.000000
v -0.073322 0.346470 -0.015664
v -0.064628 0.348242 -0.028944
v -0.051616 0.350895 -0.037817
v -0.036268 0.354023 -0.040933
v -0.020919 0.357152 -0.037817
v -0.007907 0.359805 -0.028944
v 0.000787 0.361577 -0.015664
v -0.003924 0.387446 0.015918
v -0.000817 0.388059 0.000000
v -0.012770 0.385699 0.029413
v -0.026009 0.383084 0.038429
v -0.041625 0.380000 0.041596
v -0.057241 0.376916 0.038429
v -0.070480 0.374301 0.029413
v -0.079326 0.372554 0.015918
v -0.082433 0.371941 0.000000
v -0.079326 0.372554 -0.015918
v -0.070480 0.374301 -0.029413
v -0.057241 0.376916 -0.038429
v -0.041625 0.380000 -0.041596
v -0.026009 0.383084 -0.038429
v -0.012770 0.385699 -0.029413
v -0.003924 0.387446 -0.015918
v -0.007916 0.411818 0.016166
v -0.004745 0.412351 0.000000
v -0.016947 0.410301 0.029870
v -0.030462 0.408030 0.039027
v -0.046404 0.405352 0.042243
v -0.062347 0.402673 0.039027
v -0.075862 0.400402 0.029870
v -0.084892 0.398885 0.016166
v -0.088063 0.398352 0.000000
v -0.084892 0.398885 -0.016166
v -0.075862 0.400402 -0.029870
v -0.062347 0.402673 -0.039027
v -0.046404 0.405352 -0.042243
v -0.030462 0.408030 -0.039027
v -0.016947 0.410301 -0.029870
v -0.007916 0.411818 -0.016166
v -0.010721 0.434832 0.016410
v -0.007478 0.435205 0.000000
v -0.019955 0.433772 0.030321
v -0.033776 0.432185 0.039616
v -0.050078 0.430312 0.042880
v -0.066381 0.428440 0.039616
v -0.080201 0.426853 0.030321
v -0.089436 0.425793 0.016410
v -0.092678 0.425420 0.000000
v -0.089436 0.425793 -0.016410
v -0.080201 0.426853 -0.030321
v -0.066381 0.428440 -0.039616
v -0.050078 0.430312 -0.042880
v -0.033776 0.432185 -0.039616
v -0.019955 0.433772 -0.030321
v -0.010721 0.434832 -0.016410
v -0.011948 0.456671 0.016652
v -0.008638 0.456799 0.000000
v -0.021373 0.456306 0.030769
v -0.035480 0.455761 0.040201
v -0.052119 0.455117 0.043514
v -0.068759 0.454474 0.040201
v -0.082865 0.453928 0.030769
v -0.092290 0.453563 0.016652
v -0.095600 0.453435 0.000000
v -0.092290 0.453563 -0.016652
v -0.082865 0.453928 -0.030769
v -0.068759 0.454474 -0.040201
v -0.052119 0.455117 -0.043514
v -0.035480 0.455761 -0.040201
v -0.021373 0.456306 -0.030769
v -0.011948 0.456671 -0.016652
v -0.011285 0.477559 0.016895
v -0.007930 0.477358 0.000000
v -0.020838 0.478132 0.031218
v -0.035135 0.478989 0.040788
v -0.052000 0.480000 0.044149
v -0.068865 0.481011 0.040788
v -0.083162 0.481868 0.031218
v -0.092715 0.482441 0.016895
v -0.096070 0.482642 0.000000
v -0.092715 0.482441 -0.016895
v -0.083162 0.481868 -0.031218
v -0.068865 0.481011 -0.040788
v -0.052000 0.480000 -0.044149
v -0.035135 0.478989 -0.040788
v -0.020838 0.478132 -0.031218
v -0.011285 0.477559 -0.016895
v -0.008177 0.499528 0.017149
v -0.004807 0.498994 0.000000
v -0.017771 0.501048 0.031688
v -0.032130 0.503323 0.041402
v -0.049068 0.506006 0.044813
v -0.066006 0.508689 0.041402
v -0.080366 0.510964 0.031688
v -0.089960 0.512484 0.017149
v -0.093329 0.513018 0.000000
v -0.089960 0.512484 -0.017149
v -0.080366 0.510964 -0.031688
v -0.066006 0.508689 -0.041402
v -0.049068 0.506006 -0.044813
v -0.032130 0.503323 -0.041402
v -0.017771 0.501048 -0.031688
v -0.008177 0.499528 -0.017149
v -0.002600 0.523805 0.017416
v 0.000774 0.523017 0.000000
v -0.012207 0.526046 0.032181
v -0.026586 0.529402 0.042047
v -0.043547 0.533359 0.045511
v -0.060508 0.537317 0.042047
v -0.074886 0.540672 0.032181
v -0.084494 0.542914 0.017416
v -0.087868 0.543701 0.000000
v -0.084494 0.542914 -0.017416
v -0.074886 0.540672 -0.032181
v -0.060508 0.537317 -0.042047
v -0.043547 0.533359 -0.045511
v -0.026586 0.529402 -0.042047
v -0.012207 0.526046 -0.032181
v -0.002600 0.523805 -0.017416
v 0.004832 0.549317 0.017687
v 0.008214 0.548349 0.000000
v -0.004800 0.552073 0.032682
v -0.019216 0.556198 0.042700
v -0.036221 0.561064 0.046219
v -0.053225 0.565931 0.042700
v -0.067641 0.570056 0.032682
v -0.077273 0.572812 0.017687
v -0.080656 0.573780 0.000000
v -0.077273 0.572812 -0.017687
v -0.067641 0.570056 -0.032682
v -0.053225 0.565931 -0.042700
v -0.036221 0.561064 -0.046219
v -0.019216 0.556198 -0.042700
v -0.004800 0.552073 -0.032682
v 0.004832 0.549317 -0.017687
v 0.013372 0.574822 0.017952
v 0.016770 0.573726 0.000000
v 0.003694 0.577944 0.033170
v -0.010790 0.582615 0.043339
v -0.027875 0.588125 0.046910
v -0.044960 0.593635 0.043339
v -0.059444 0.598306 0.033170
v -0.069122 0.601428 0.017952
v -0.072520 0.602524 0.000000
v -0.069122 0.601428 -0.017952
v -0.059444 0.598306 -0.033170
v -0.044960 0.593635 -0.043339
v -0.027875 0.588125 -0.046910
v -0.010790 0.582615 -0.043339
v 0.003694 0.577944 -0.033170
v 0.013372 0.574822 -0.017952
v 0.022247 0.599231 0.018200
v 0.025669 0.598052 0.000000
v 0.012500 0.602589 0.033629
v -0.002088 0.607616 0.043938
v -0.019295 0.613545 0.047559
v -0.036502 0.619474 0.043938
v -0.051089 0.624500 0.033629
v -0.060836 0.627859 0.018200
v -0.064259 0.629038 0.000000
v -0.060836 0.627859 -0.018200
v -0.051089 0.624500 -0.033629
v -0.036502 0.619474 -0.043938
v -0.019295 0.613545 -0.047559
v -0.002088 0.607616 -0.043938
v 0.012500 0.602589 -0.033629
v 0.022247 0.599231 -0.018200
v 0.030699 0.621595 0.018422
v 0.034156 0.620381 0.000000
v 0.020853 0.625052 0.034040
v 0.006117 0.630225 0.044476
v -0.011266 0.636328 0.048140
v -0.028648 0.642431 0.044476
v -0.043384 0.647605 0.034040
v -0.053230 0.651062 0.018422
v -0.056688 0.652276 0.000000
v -0.053230 0.651062 -0.018422
v -0.043384 0.647605 -0.034040
v -0.028648 0.642431 -0.044476
v -0.011266 0.636328 -0.048140
v 0.006117 0.630225 -0.044476
v 0.020853 0.625052 -0.034040
v 0.030699 0.621595 -0.018422
v 0.038034 0.641224 0.018610
v 0.041544 0.640049 0.000000
v 0.028037 0.644568 0.034386
v 0.013076 0.649574 0.044928
v -0.004572 0.655479 0.048629
v -0.022220 0.661383 0.044928
v -0.037182 0.666389 0.034386
v -0.047178 0.669733 0.018610
v -0.050689 0.670908 0.000000
v -0.047178 0.669733 -0.018610
v -0.037182 0.666389 -0.034386
v -0.022220 0.661383 -0.044928
v -0.004572 0.655479 -0.048629
v 0.013076 0.649574 -0.044928
v 0.028037 0.644568 -0.034386
v 0.038034 0.641224 -0.018610
v 0.043180 0.656404 0.018751
v 0.046738 0.655284 0.000000
v 0.033049 0.659594 0.034648
v 0.017886 0.664368 0.045270
v 0.000000 0.670000 0.049000
v -0.017886 0.675632 0.045270
v -0.033049 0.680406 0.034648
v -0.043180 0.683596 0.018751
v -0.046738 0.684716 0.000000
v -0.043180 0.683596 -0.018751
v -0.033049 0.680406 -0.034648
v -0.017886 0.675632 -0.045270
v -0.000000 0.670000 -0.049000
v 0.017886 0.664368 -0.045270
v 0.033049 0.659594 -0.034648
v 0.043180 0.656404 -0.018751
v 0.100000 -1.120000 -0.000000
v -0.000000 0.670000 0.000000
v 0.111595 -1.153092 0.000000
v 0.110712 -1.152857 0.004592
v 0.167969 -1.116844 0.024874
v 0.172910 -1.116584 0.000000
v 0.108199 -1.152186 0.008485
v 0.153898 -1.117584 0.045962
v 0.104437 -1.151183 0.011087
v 0.132840 -1.118693 0.060052
v 0.100000 -1.150000 0.012000
v 0.108000 -1.120000 0.065000
v 0.095563 -1.148817 0.011087
v 0.083160 -1.121307 0.060052
v 0.091801 -1.147814 0.008485
v 0.062102 -1.122416 0.045962
v 0.089288 -1.147143 0.004592
v 0.048031 -1.123156 0.024874
v 0.088405 -1.146908 0.000000
v 0.043090 -1.123416 0.000000
v 0.089288 -1.147143 -0.004592
v 0.048031 -1.123156 -0.024874
v 0.091801 -1.147814 -0.008485
v 0.062102 -1.122416 -0.045962
v 0.095563 -1.148817 -0.011087
v 0.083160 -1.121307 -0.060052
v 0.100000 -1.150000 -0.012000
v 0.108000 -1.120000 -0.065000
v 0.104437 -1.151183 -0.011087
v 0.132840 -1.118693 -0.060052
v 0.108199 -1.152186 -0.008485
v 0.153898 -1.117584 -0.045962
v 0.110712 -1.152857 -0.004592
v 0.167969 -1.116844 -0.024874
v 0.153868 -1.039106 0.025257
v 0.158718 -1.037796 0.000000
v 0.140056 -1.042835 0.046669
v 0.119384 -1.048416 0.060976
v 0.095000 -1.055000 0.066000
v 0.070616 -1.061584 0.060976
v 0.049944 -1.067165 0.046669
v 0.036132 -1.070894 0.025257
v 0.031282 -1.072204 0.000000
v 0.036132 -1.070894 -0.025257
v 0.049944 -1.067165 -0.046669
v 0.070616 -1.061584 -0.060976
v 0.095000 -1.055000 -0.066000
v 0.119384 -1.048416 -0.060976
v 0.140056 -1.042835 -0.046669
v 0.153868 -1.039106 -0.025257
v 0.126463 -1.001815 0.020282
v 0.130209 -1.000316 0.000000
v 0.115796 -1.006082 0.037477
v 0.099832 -1.012467 0.048966
v 0.081000 -1.020000 0.053000
v 0.062168 -1.027533 0.048966
v 0.046204 -1.033918 0.037477
v 0.035537 -1.038185 0.020282
v 0.031791 -1.039684 0.000000
v 0.035537 -1.038185 -0.020282
v 0.046204 -1.033918 -0.037477
v 0.062168 -1.027533 -0.048966
v 0.081000 -1.020000 -0.053000
v 0.099832 -1.012467 -0.048966
v 0.115796 -1.006082 -0.037477
v 0.126463 -1.001815 -0.020282
v 0.100000 -1.150000 0.000000
v 0.081000 -1.020000 0.000000
v 0.163037 -1.120000 0.015853
v 0.147720 -1.120000 0.044134
v 0.138662 -1.109160 0.049058
v 0.157070 -1.109160 0.023033
v 0.127328 -1.096406 0.053842
v 0.148963 -1.096406 0.030891
v 0.113332 -1.081387 0.057985
v 0.138133 -1.081387 0.039144
v 0.096414 -1.063750 0.060701
v 0.123965 -1.063750 0.047199
v 0.076603 -1.043145 0.060899
v 0.105956 -1.043145 0.054056
v 0.054451 -1.019219 0.057247
v 0.083944 -1.019219 0.058256
v 0.031309 -0.991621 0.048410
v 0.058467 -0.991621 0.057948
v 0.009529 -0.960000 0.033518
v 0.031165 -0.960000 0.051215
v -0.008843 -0.924395 0.013166
v 0.003955 -0.924395 0.036956
v -0.021114 -0.885156 -0.009817
v -0.019505 -0.885156 0.016115
v -0.024579 -0.842402 -0.030734
v -0.034449 -0.842402 -0.007921
v -0.019441 -0.796250 -0.043918
v -0.038193 -0.796250 -0.029521
v -0.009447 -0.746816 -0.044714
v -0.031650 -0.746816 -0.042240
v -0.001057 -0.694219 -0.031908
v -0.019764 -0.694219 -0.041354
v -0.000220 -0.638574 -0.009552
v -0.009554 -0.638574 -0.027005
v -0.008207 -0.580000 0.015694
v -0.005187 -0.580000 -0.003867
v -0.028382 -0.514951 0.035982
v -0.013271 -0.514951 0.023200
v -0.056189 -0.441797 0.037539
v -0.036501 -0.441797 0.039566
v -0.073276 -0.363525 0.013986
v -0.061983 -0.363525 0.030240
v -0.061943 -0.283125 -0.020125
v -0.067360 -0.283125 -0.001089
v -0.025053 -0.203584 -0.039433
v -0.043136 -0.203584 -0.031387
v 0.014713 -0.127891 -0.031501
v -0.003407 -0.127891 -0.039463
v 0.036144 -0.059033 -0.005952
v 0.028449 -0.059033 -0.024187
v 0.035103 0.000000 0.019177
v 0.040000 0.000000 0.000000
v 0.020796 0.048994 0.034475
v 0.034841 0.048994 0.020529
v 0.002318 0.090703 0.039893
v 0.021087 0.090703 0.033610
v -0.015639 0.126592 0.037948
v 0.004103 0.126592 0.039366
v -0.031107 0.158125 0.031388
v -0.013024 0.158125 0.039433
v -0.043521 0.186768 0.022160
v -0.028820 0.186768 0.035412
v -0.053065 0.213984 0.011454
v -0.042836 0.213984 0.028604
v -0.059459 0.241240 -0.000495
v -0.054671 0.241240 0.019246
v -0.061554 0.270000 -0.013478
v -0.063174 0.270000 0.007135
v -0.059782 0.299258 -0.025749
v -0.067983 0.299258 -0.006366
v -0.055752 0.327188 -0.035365
v -0.069660 0.327188 -0.019101
v -0.050009 0.354023 -0.041728
v -0.068333 0.354023 -0.030032
v -0.043069 0.380000 -0.044572
v -0.064261 0.380000 -0.038424
v -0.035365 0.405352 -0.043876
v -0.057752 0.405352 -0.043797
v -0.027239 0.430312 -0.039792
v -0.049112 0.430312 -0.045870
v -0.018951 0.455117 -0.032609
v -0.038645 0.455117 -0.044519
v -0.010695 0.480000 -0.022736
v -0.026652 0.480000 -0.039755
v -0.002378 0.506006 -0.010300
v -0.013032 0.506006 -0.031423
v 0.004794 0.533359 0.004059
v 0.000822 0.533359 -0.019614
v 0.009330 0.561064 0.018645
v 0.012692 0.561064 -0.005475
v 0.010738 0.588125 0.031622
v 0.021172 0.588125 0.009239
v 0.009460 0.613545 0.041585
v 0.025877 0.613545 0.022708
v 0.006480 0.636328 0.047963
v 0.027302 0.636328 0.033583
v 0.002822 0.655479 0.051097
v 0.026414 0.655479 0.041297
v -0.000833 0.670000 0.051993
v 0.024196 0.670000 0.046028
v 0.036963 -1.120000 -0.015853
v 0.052280 -1.120000 -0.044134
v 0.055147 -1.109160 -0.049058
v 0.036739 -1.109160 -0.023033
v 0.059079 -1.096406 -0.053842
v 0.037443 -1.096406 -0.030891
v 0.064344 -1.081387 -0.057985
v 0.039543 -1.081387 -0.039144
v 0.071086 -1.063750 -0.060701
v 0.043535 -1.063750 -0.047199
v 0.079159 -1.043145 -0.060899
v 0.049806 -1.043145 -0.054056
v 0.087892 -1.019219 -0.057247
v 0.058400 -1.019219 -0.058256
v 0.095820 -0.991621 -0.048410
v 0.068662 -0.991621 -0.057948
v 0.100471 -0.960000 -0.033518
v 0.078835 -0.960000 -0.051215
v 0.097125 -0.924395 -0.013166
v 0.084326 -0.924395 -0.036956
v 0.082051 -0.885156 0.009817
v 0.080443 -0.885156 -0.016115
v 0.054892 -0.842402 0.030734
v 0.064762 -0.842402 0.007921
v 0.018191 -0.796250 0.043918
v 0.036943 -0.796250 0.029521
v -0.021959 -0.746816 0.044714
v 0.000244 -0.746816 0.042240
v -0.056755 -0.694219 0.031908
v -0.038048 -0.694219 0.041354
v -0.077905 -0.638574 0.009552
v -0.068571 -0.638574 0.027005
v -0.081793 -0.580000 -0.015694
v -0.084813 -0.580000 0.003867
v -0.063329 -0.514951 -0.035982
v -0.078440 -0.514951 -0.023200
v -0.028561 -0.441797 -0.037539
v -0.048249 -0.441797 -0.039566
v 0.001675 -0.363525 -0.013986
v -0.009618 -0.363525 -0.030240
v 0.007193 -0.283125 0.020125
v 0.012610 -0.283125 0.001089
v -0.011627 -0.203584 0.039433
v 0.006457 -0.203584 0.031387
v -0.034588 -0.127891 0.031501
v -0.016468 -0.127891 0.039463
v -0.042965 -0.059033 0.005952
v -0.035269 -0.059033 0.024187
v -0.035103 0.000000 -0.019177
v -0.040000 0.000000 0.000000
v -0.019775 0.048994 -0.034475
v -0.033819 0.048994 -0.020529
v -0.003521 0.090703 -0.039893
v -0.022290 0.090703 -0.033610
v 0.009656 0.126592 -0.037948
v -0.010085 0.126592 -0.039366
v 0.018482 0.158125 -0.031388
v 0.000399 0.158125 -0.039433
v 0.023081 0.186768 -0.022160
v 0.008381 0.186768 -0.035412
v 0.024330 0.213984 -0.011454
v 0.014102 0.213984 -0.028604
v 0.022641 0.241240 0.000495
v 0.017853 0.241240 -0.019246
v 0.017554 0.270000 0.013478
v 0.019174 0.270000 -0.007135
v 0.007927 0.299258 0.025749
v 0.016127 0.299258 0.006366
v -0.005967 0.327188 0.035365
v 0.007941 0.327188 0.019101
v -0.022526 0.354023 0.041728
v -0.004203 0.354023 0.030032
v -0.040181 0.380000 0.044572
v -0.018989 0.380000 0.038424
v -0.057443 0.405352 0.043876
v -0.035057 0.405352 0.043797
v -0.072917 0.430312 0.039792
v -0.051044 0.430312 0.045870
v -0.085288 0.455117 0.032609
v -0.065594 0.455117 0.044519
v -0.093305 0.480000 0.022736
v -0.077348 0.480000 0.039755
v -0.095759 0.506006 0.010300
v -0.085105 0.506006 0.031423
v -0.091888 0.533359 -0.004059
v -0.087916 0.533359 0.019614
v -0.081771 0.561064 -0.018645
v -0.085134 0.561064 0.005475
v -0.066488 0.588125 -0.031622
v -0.076922 0.588125 -0.009239
v -0.048050 0.613545 -0.041585
v -0.064467 0.613545 -0.022708
v -0.029011 0.636328 -0.047963
v -0.049834 0.636328 -0.033583
v -0.011967 0.655479 -0.051097
v -0.035559 0.655479 -0.041297
v 0.000833 0.670000 -0.051993
v -0.024196 0.670000 -0.046028
v 0.044578 0.433851 0.000000
v 0.041185 0.434319 0.017221
v 0.072948 0.725455 0.013777
v 0.075662 0.725081 0.000000
v 0.031521 0.435652 0.031820
v 0.065217 0.726522 0.025456
v 0.017059 0.437647 0.041575
v 0.053647 0.728118 0.033260
v 0.000000 0.440000 0.045000
v 0.040000 0.730000 0.036000
v -0.017059 0.442353 0.041575
v 0.026353 0.731882 0.033260
v -0.031521 0.444348 0.031820
v 0.014783 0.733478 0.025456
v -0.041185 0.445681 0.017221
v 0.007052 0.734545 0.013777
v -0.044578 0.446149 0.000000
v 0.004338 0.734919 0.000000
v -0.041185 0.445681 -0.017221
v 0.007052 0.734545 -0.013777
v -0.031521 0.444348 -0.031820
v 0.014783 0.733478 -0.025456
v -0.017059 0.442353 -0.041575
v 0.026353 0.731882 -0.033260
v -0.000000 0.440000 -0.045000
v 0.040000 0.730000 -0.036000
v 0.017059 0.437647 -0.041575
v 0.053647 0.728118 -0.033260
v 0.031521 0.435652 -0.031820
v 0.065217 0.726522 -0.025456
v 0.041185 0.434319 -0.017221
v 0.072948 0.725455 -0.013777
v -0.000000 0.440000 0.000000
v 0.040000 0.730000 0.000000
v 0.048296 0.453495 0.000000
v 0.042195 0.454366 0.023000
v 0.043195 0.461366 0.023000
v 0.049296 0.460495 0.000000
v 0.025527 0.456747 0.039837
v 0.026527 0.463747 0.039837
v 0.002759 0.460000 0.046000
v 0.003759 0.467000 0.046000
v -0.020010 0.463253 0.039837
v -0.019010 0.470253 0.039837
v -0.036678 0.465634 0.023000
v -0.035678 0.472634 0.023000
v -0.042779 0.466505 0.000000
v -0.041779 0.473505 0.000000
v -0.036678 0.465634 -0.023000
v -0.035678 0.472634 -0.023000
v -0.020010 0.463253 -0.039837
v -0.019010 0.470253 -0.039837
v 0.002759 0.460000 -0.046000
v 0.003759 0.467000 -0.046000
v 0.025527 0.456747 -0.039837
v 0.026527 0.463747 -0.039837
v 0.042195 0.454366 -0.023000
v 0.043195 0.461366 -0.023000
v 0.002759 0.460000 0.000000
v 0.003759 0.467000 0.000000
v 0.050641 0.470495 0.000000
v 0.044540 0.471366 0.023000
v 0.045540 0.478366 0.023000
v 0.051641 0.477495 0.000000
v 0.027872 0.473747 0.039837
v 0.028872 0.480747 0.039837
v 0.005103 0.477000 0.046000
v 0.006103 0.484000 0.046000
v -0.017665 0.480253 0.039837
v -0.016665 0.487253 0.039837
v -0.034333 0.482634 0.023000
v -0.033333 0.489634 0.023000
v -0.040434 0.483505 0.000000
v -0.039434 0.490505 0.000000
v -0.034333 0.482634 -0.023000
v -0.033333 0.489634 -0.023000
v -0.017665 0.480253 -0.039837
v -0.016665 0.487253 -0.039837
v 0.005103 0.477000 -0.046000
v 0.006103 0.484000 -0.046000
v 0.027872 0.473747 -0.039837
v 0.028872 0.480747 -0.039837
v 0.044540 0.471366 -0.023000
v 0.045540 0.478366 -0.023000
v 0.005103 0.477000 0.000000
v 0.006103 0.484000 0.000000
v 0.052986 0.487495 0.000000
v 0.046885 0.488366 0.023000
v 0.047885 0.495366 0.023000
v 0.053986 0.494495 0.000000
v 0.030217 0.490747 0.039837
v 0.031217 0.497747 0.039837
v 0.007448 0.494000 0.046000
v 0.008448 0.501000 0.046000
v -0.015321 0.497253 0.039837
v -0.014321 0.504253 0.039837
v -0.031989 0.499634 0.023000
v -0.030989 0.506634 0.023000
v -0.038089 0.500505 0.000000
v -0.037089 0.507505 0.000000
v -0.031989 0.499634 -0.023000
v -0.030989 0.506634 -0.023000
v -0.015321 0.497253 -0.039837
v -0.014321 0.504253 -0.039837
v 0.007448 0.494000 -0.046000
v 0.008448 0.501000 -0.046000
v 0.030217 0.490747 -0.039837
v 0.031217 0.497747 -0.039837
v 0.046885 0.488366 -0.023000
v 0.047885 0.495366 -0.023000
v 0.007448 0.494000 0.000000
v 0.008448 0.501000 0.000000
v 0.055331 0.504495 0.000000
v 0.049230 0.505366 0.023000
v 0.050230 0.512366 0.023000
v 0.056331 0.511495 0.000000
v 0.032562 0.507747 0.039837
v 0.033562 0.514747 0.039837
v 0.009793 0.511000 0.046000
v 0.010793 0.518000 0.046000
v -0.012976 0.514253 0.039837
v -0.011976 0.521253 0.039837
v -0.029644 0.516634 0.023000
v -0.028644 0.523634 0.023000
v -0.035745 0.517505 0.000000
v -0.034745 0.524505 0.000000
v -0.029644 0.516634 -0.023000
v -0.028644 0.523634 -0.023000
v -0.012976 0.514253 -0.039837
v -0.011976 0.521253 -0.039837
v 0.009793 0.511000 -0.046000
v 0.010793 0.518000 -0.046000
v 0.032562 0.507747 -0.039837
v 0.033562 0.514747 -0.039837
v 0.049230 0.505366 -0.023000
v 0.050230 0.512366 -0.023000
v 0.009793 0.511000 0.000000
v 0.010793 0.518000 0.000000
v 0.057676 0.521495 0.000000
v 0.051575 0.522366 0.023000
v 0.052575 0.529366 0.023000
v 0.058676 0.528495 0.000000
v 0.034907 0.524747 0.039837
v 0.035907 0.531747 0.039837
v 0.012138 0.528000 0.046000
v 0.013138 0.535000 0.046000
v -0.010631 0.531253 0.039837
v -0.009631 0.538253 0.039837
v -0.027299 0.533634 0.023000
v -0.026299 0.540634 0.023000
v -0.033400 0.534505 0.000000
v -0.032400 0.541505 0.000000
v -0.027299 0.533634 -0.023000
v -0.026299 0.540634 -0.023000
v -0.010631 0.531253 -0.039837
v -0.009631 0.538253 -0.039837
v 0.012138 0.528000 -0.046000
v 0.013138 0.535000 -0.046000
v 0.034907 0.524747 -0.039837
v 0.035907 0.531747 -0.039837
v 0.051575 0.522366 -0.023000
v 0.052575 0.529366 -0.023000
v 0.012138 0.528000 0.000000
v 0.013138 0.535000 0.000000
v 0.060020 0.538495 0.000000
v 0.053920 0.539366 0.023000
v 0.054920 0.546366 0.023000
v 0.061020 0.545495 0.000000
v 0.037252 0.541747 0.039837
v 0.038252 0.548747 0.039837
v 0.014483 0.545000 0.046000
v 0.015483 0.552000 0.046000
v -0.008286 0.548253 0.039837
v -0.007286 0.555253 0.039837
v -0.024954 0.550634 0.023000
v -0.023954 0.557634 0.023000
v -0.031055 0.551505 0.000000
v -0.030055 0.558505 0.000000
v -0.024954 0.550634 -0.023000
v -0.023954 0.557634 -0.023000
v -0.008286 0.548253 -0.039837
v -0.007286 0.555253 -0.039837
v 0.014483 0.545000 -0.046000
v 0.015483 0.552000 -0.046000
v 0.037252 0.541747 -0.039837
v 0.038252 0.548747 -0.039837
v 0.053920 0.539366 -0.023000
v 0.054920 0.546366 -0.023000
v 0.014483 0.545000 0.000000
v 0.015483 0.552000 0.000000
v 0.062365 0.555495 0.000000
v 0.056264 0.556366 0.023000
v 0.057264 0.563366 0.023000
v 0.063365 0.562495 0.000000
v 0.039596 0.558747 0.039837
v 0.040596 0.565747 0.039837
v 0.016828 0.562000 0.046000
v 0.017828 0.569000 0.046000
v -0.005941 0.565253 0.039837
v -0.004941 0.572253 0.039837
v -0.022609 0.567634 0.023000
v -0.021609 0.574634 0.023000
v -0.028710 0.568505 0.000000
v -0.027710 0.575505 0.000000
v -0.022609 0.567634 -0.023000
v -0.021609 0.574634 -0.023000
v -0.005941 0.565253 -0.039837
v -0.004941 0.572253 -0.039837
v 0.016828 0.562000 -0.046000
v 0.017828 0.569000 -0.046000
v 0.039596 0.558747 -0.039837
v 0.040596 0.565747 -0.039837
v 0.056264 0.556366 -0.023000
v 0.057264 0.563366 -0.023000
v 0.016828 0.562000 0.000000
v 0.017828 0.569000 0.000000
v 0.064710 0.572495 0.000000
v 0.058609 0.573366 0.023000
v 0.059609 0.580366 0.023000
v 0.065710 0.579495 0.000000
v 0.041941 0.575747 0.039837
v 0.042941 0.582747 0.039837
v 0.019172 0.579000 0.046000
v 0.020172 0.586000 0.046000
v -0.003596 0.582253 0.039837
v -0.002596 0.589253 0.039837
v -0.020264 0.584634 0.023000
v -0.019264 0.591634 0.023000
v -0.026365 0.585505 0.000000
v -0.025365 0.592505 0.000000
v -0.020264 0.584634 -0.023000
v -0.019264 0.591634 -0.023000
v -0.003596 0.582253 -0.039837
v -0.002596 0.589253 -0.039837
v 0.019172 0.579000 -0.046000
v 0.020172 0.586000 -0.046000
v 0.041941 0.575747 -0.039837
v 0.042941 0.582747 -0.039837
v 0.058609 0.573366 -0.023000
v 0.059609 0.580366 -0.023000
v 0.019172 0.579000 0.000000
v 0.020172 0.586000 0.000000
v 0.067055 0.589495 0.000000
v 0.060954 0.590366 0.023000
v 0.061954 0.597366 0.023000
v 0.068055 0.596495 0.000000
v 0.044286 0.592747 0.039837
v 0.045286 0.599747 0.039837
v 0.021517 0.596000 0.046000
v 0.022517 0.603000 0.046000
v -0.001252 0.599253 0.039837
v -0.000252 0.606253 0.039837
v -0.017920 0.601634 0.023000
v -0.016920 0.608634 0.023000
v -0.024020 0.602505 0.000000
v -0.023020 0.609505 0.000000
v -0.017920 0.601634 -0.023000
v -0.016920 0.608634 -0.023000
v -0.001252 0.599253 -0.039837
v -0.000252 0.606253 -0.039837
v 0.021517 0.596000 -0.046000
v 0.022517 0.603000 -0.046000
v 0.044286 0.592747 -0.039837
v 0.045286 0.599747 -0.039837
v 0.060954 0.590366 -0.023000
v 0.061954 0.597366 -0.023000
v 0.021517 0.596000 0.000000
v 0.022517 0.603000 0.000000
v 0.069400 0.606495 0.000000
v 0.063299 0.607366 0.023000
v 0.064299 0.614366 0.023000
v 0.070400 0.613495 0.000000
v 0.046631 0.609747 0.039837
v 0.047631 0.616747 0.039837
v 0.023862 0.613000 0.046000
v 0.024862 0.620000 0.046000
v 0.001093 0.616253 0.039837
v 0.002093 0.623253 0.039837
v -0.015575 0.618634 0.023000
v -0.014575 0.625634 0.023000
v -0.021676 0.619505 0.000000
v -0.020676 0.626505 0.000000
v -0.015575 0.618634 -0.023000
v -0.014575 0.625634 -0.023000
v 0.001093 0.616253 -0.039837
v 0.002093 0.623253 -0.039837
v 0.023862 0.613000 -0.046000
v 0.024862 0.620000 -0.046000
v 0.046631 0.609747 -0.039837
v 0.047631 0.616747 -0.039837
v 0.063299 0.607366 -0.023000
v 0.064299 0.614366 -0.023000
v 0.023862 0.613000 0.000000
v 0.024862 0.620000 0.000000
v 0.071745 0.623495 0.000000
v 0.065644 0.624366 0.023000
v 0.066644 0.631366 0.023000
v 0.072745 0.630495 0.000000
v 0.048976 0.626747 0.039837
v 0.049976 0.633747 0.039837
v 0.026207 0.630000 0.046000
v 0.027207 0.637000 0.046000
v 0.003438 0.633253 0.039837
v 0.004438 0.640253 0.039837
v -0.013230 0.635634 0.023000
v -0.012230 0.642634 0.023000
v -0.019331 0.636505 0.000000
v -0.018331 0.643505 0.000000
v -0.013230 0.635634 -0.023000
v -0.012230 0.642634 -0.023000
v 0.003438 0.633253 -0.039837
v 0.004438 0.640253 -0.039837
v 0.026207 0.630000 -0.046000
v 0.027207 0.637000 -0.046000
v 0.048976 0.626747 -0.039837
v 0.049976 0.633747 -0.039837
v 0.065644 0.624366 -0.023000
v 0.066644 0.631366 -0.023000
v 0.026207 0.630000 0.000000
v 0.027207 0.637000 0.000000
v 0.074089 0.640495 0.000000
v 0.067989 0.641366 0.023000
v 0.068989 0.648366 0.023000
v 0.075089 0.647495 0.000000
v 0.051321 0.643747 0.039837
v 0.052321 0.650747 0.039837
v 0.028552 0.647000 0.046000
v 0.029552 0.654000 0.046000
v 0.005783 0.650253 0.039837
v 0.006783 0.657253 0.039837
v -0.010885 0.652634 0.023000
v -0.009885 0.659634 0.023000
v -0.016986 0.653505 0.000000
v -0.015986 0.660505 0.000000
v -0.010885 0.652634 -0.023000
v -0.009885 0.659634 -0.023000
v 0.005783 0.650253 -0.039837
v 0.006783 0.657253 -0.039837
v 0.028552 0.647000 -0.046000
v 0.029552 0.654000 -0.046000
v 0.051321 0.643747 -0.039837
v 0.052321 0.650747 -0.039837
v 0.067989 0.641366 -0.023000
v 0.068989 0.648366 -0.023000
v 0.028552 0.647000 0.000000
v 0.029552 0.654000 0.000000
v 0.076434 0.657495 0.000000
v 0.070333 0.658366 0.023000
v 0.071333 0.665366 0.023000
v 0.077434 0.664495 0.000000
v 0.053665 0.660747 0.039837
v 0.054665 0.667747 0.039837
v 0.030897 0.664000 0.046000
v 0.031897 0.671000 0.046000
v 0.008128 0.667253 0.039837
v 0.009128 0.674253 0.039837
v -0.008540 0.669634 0.023000
v -0.007540 0.676634 0.023000
v -0.014641 0.670505 0.000000
v -0.013641 0.677505 0.000000
v -0.008540 0.669634 -0.023000
v -0.007540 0.676634 -0.023000
v 0.008128 0.667253 -0.039837
v 0.009128 0.674253 -0.039837
v 0.030897 0.664000 -0.046000
v 0.031897 0.671000 -0.046000
v 0.053665 0.660747 -0.039837
v 0.054665 0.667747 -0.039837
v 0.070333 0.658366 -0.023000
v 0.071333 0.665366 -0.023000
v 0.030897 0.664000 0.000000
v 0.031897 0.671000 0.000000
v 0.078779 0.674495 0.000000
v 0.072678 0.675366 0.023000
v 0.073678 0.682366 0.023000
v 0.079779 0.681495 0.000000
v 0.056010 0.677747 0.039837
v 0.057010 0.684747 0.039837
v 0.033241 0.681000 0.046000
v 0.034241 0.688000 0.046000
v 0.010473 0.684253 0.039837
v 0.011473 0.691253 0.039837
v -0.006195 0.686634 0.023000
v -0.005195 0.693634 0.023000
v -0.012296 0.687505 0.000000
v -0.011296 0.694505 0.000000
v -0.006195 0.686634 -0.023000
v -0.005195 0.693634 -0.023000
v 0.010473 0.684253 -0.039837
v 0.011473 0.691253 -0.039837
v 0.033241 0.681000 -0.046000
v 0.034241 0.688000 -0.046000
v 0.056010 0.677747 -0.039837
v 0.057010 0.684747 -0.039837
v 0.072678 0.675366 -0.023000
v 0.073678 0.682366 -0.023000
v 0.033241 0.681000 0.000000
v 0.034241 0.688000 0.000000
v 0.081124 0.691495 0.000000
v 0.075023 0.692366 0.023000
v 0.076023 0.699366 0.023000
v 0.082124 0.698495 0.000000
v 0.058355 0.694747 0.039837
v 0.059355 0.701747 0.039837
v 0.035586 0.698000 0.046000
v 0.036586 0.705000 0.046000
v 0.012817 0.701253 0.039837
v 0.013817 0.708253 0.039837
v -0.003851 0.703634 0.023000
v -0.002851 0.710634 0.023000
v -0.009951 0.704505 0.000000
v -0.008951 0.711505 0.000000
v -0.003851 0.703634 -0.023000
v -0.002851 0.710634 -0.023000
v 0.012817 0.701253 -0.039837
v 0.013817 0.708253 -0.039837
v 0.035586 0.698000 -0.046000
v 0.036586 0.705000 -0.046000
v 0.058355 0.694747 -0.039837
v 0.059355 0.701747 -0.039837
v 0.075023 0.692366 -0.023000
v 0.076023 0.699366 -0.023000
v 0.035586 0.698000 0.000000
v 0.036586 0.705000 0.000000
v -0.130000 0.340000 0.000000
v -0.141040 0.375840 0.000000
v -0.129584 0.375840 0.019488
v -0.119120 0.340000 0.018750
v -0.103808 0.375840 0.025984
v -0.094640 0.340000 0.025000
v -0.069440 0.375840 0.000000
v -0.062000 0.340000 0.000000
v -0.103808 0.375840 -0.025984
v -0.094640 0.340000 -0.025000
v -0.129584 0.375840 -0.019488
v -0.119120 0.340000 -0.018750
v -0.157520 0.426720 0.000000
v -0.145219 0.426720 0.020544
v -0.117542 0.426720 0.027392
v -0.080640 0.426720 0.000000
v -0.117542 0.426720 -0.027392
v -0.145219 0.426720 -0.020544
v -0.175480 0.485680 0.000000
v -0.162238 0.485680 0.021756
v -0.132445 0.485680 0.029008
v -0.092720 0.485680 0.000000
v -0.132445 0.485680 -0.029008
v -0.162238 0.485680 -0.021756
v -0.190960 0.545760 0.000000
v -0.176854 0.545760 0.022962
v -0.145117 0.545760 0.030616
v -0.102800 0.545760 0.000000
v -0.145117 0.545760 -0.030616
v -0.176854 0.545760 -0.022962
v -0.200000 0.600000 0.000000
v -0.185280 0.600000 0.024000
v -0.152160 0.600000 0.032000
v -0.108000 0.600000 0.000000
v -0.152160 0.600000 -0.032000
v -0.185280 0.600000 -0.024000
v -0.201688 0.648240 0.000000
v -0.186721 0.648240 0.024870
v -0.153045 0.648240 0.033160
v -0.108144 0.648240 0.000000
v -0.153045 0.648240 -0.033160
v -0.186721 0.648240 -0.024870
v -0.198664 0.695120 0.000000
v -0.183702 0.695120 0.025680
v -0.150038 0.695120 0.034240
v -0.105152 0.695120 0.000000
v -0.150038 0.695120 -0.034240
v -0.183702 0.695120 -0.025680
v -0.192296 0.740880 0.000000
v -0.177415 0.740880 0.026430
v -0.143932 0.740880 0.035240
v -0.099288 0.740880 0.000000
v -0.143932 0.740880 -0.035240
v -0.177415 0.740880 -0.026430
v -0.183952 0.785760 0.000000
v -0.169050 0.785760 0.027120
v -0.135521 0.785760 0.036160
v -0.090816 0.785760 0.000000
v -0.135521 0.785760 -0.036160
v -0.169050 0.785760 -0.027120
v -0.175000 0.830000 0.000000
v -0.159800 0.830000 0.027750
v -0.125600 0.830000 0.037000
v -0.080000 0.830000 0.000000
v -0.125600 0.830000 -0.037000
v -0.159800 0.830000 -0.027750
v -0.165552 0.873440 0.000000
v -0.149692 0.873440 0.028416
v -0.114005 0.873440 0.037888
v -0.066424 0.873440 0.000000
v -0.114005 0.873440 -0.037888
v -0.149692 0.873440 -0.028416
v -0.154696 0.915920 0.000000
v -0.137931 0.915920 0.029118
v -0.100208 0.915920 0.038824
v -0.049912 0.915920 0.000000
v -0.100208 0.915920 -0.038824
v -0.137931 0.915920 -0.029118
v -0.142264 0.957680 0.000000
v -0.124476 0.957680 0.029712
v -0.084452 0.957680 0.039616
v -0.031088 0.957680 0.000000
v -0.084452 0.957680 -0.039616
v -0.124476 0.957680 -0.029712
v -0.128088 0.998960 0.000000
v -0.109286 0.998960 0.030054
v -0.066982 0.998960 0.040072
v -0.010576 0.998960 0.000000
v -0.066982 0.998960 -0.040072
v -0.109286 0.998960 -0.030054
v -0.112000 1.040000 0.000000
v -0.092320 1.040000 0.030000
v -0.048040 1.040000 0.040000
v 0.011000 1.040000 0.000000
v -0.048040 1.040000 -0.040000
v -0.092320 1.040000 -0.030000
v -0.093888 1.080800 0.000000
v -0.073345 1.080800 0.029466
v -0.027124 1.080800 0.039288
v 0.034504 1.080800 0.000000
v -0.027124 1.080800 -0.039288
v -0.073345 1.080800 -0.029466
v -0.073864 1.121200 0.000000
v -0.052389 1.121200 0.028548
v -0.004072 1.121200 0.038064
v 0.060352 1.121200 0.000000
v -0.004072 1.121200 -0.038064
v -0.052389 1.121200 -0.028548
v -0.052096 1.161200 0.000000
v -0.029801 1.161200 0.027372
v 0.020363 1.161200 0.036496
v 0.087248 1.161200 0.000000
v 0.020363 1.161200 -0.036496
v -0.029801 1.161200 -0.027372
v -0.028752 1.200800 0.000000
v -0.005928 1.200800 0.026064
v 0.045425 1.200800 0.034752
v 0.113896 1.200800 0.000000
v 0.045425 1.200800 -0.034752
v -0.005928 1.200800 -0.026064
v -0.004000 1.240000 0.000000
v 0.018880 1.240000 0.024750
v 0.070360 1.240000 0.033000
v 0.139000 1.240000 0.000000
v 0.070360 1.240000 -0.033000
v 0.018880 1.240000 -0.024750
v 0.022096 1.278640 0.000000
v 0.044598 1.278640 0.023538
v 0.095229 1.278640 0.031384
v 0.162736 1.278640 0.000000
v 0.095229 1.278640 -0.031384
v 0.044598 1.278640 -0.023538
v 0.049648 1.316720 0.000000
v 0.071459 1.316720 0.022344
v 0.120534 1.316720 0.029792
v 0.185968 1.316720 0.000000
v 0.120534 1.316720 -0.029792
v 0.071459 1.316720 -0.022344
v 0.078752 1.354480 0.000000
v 0.099501 1.354480 0.021006
v 0.146186 1.354480 0.028008
v 0.208432 1.354480 0.000000
v 0.146186 1.354480 -0.028008
v 0.099501 1.354480 -0.021006
v 0.109504 1.392160 0.000000
v 0.128762 1.392160 0.019362
v 0.172091 1.392160 0.025816
v 0.229864 1.392160 0.000000
v 0.172091 1.392160 -0.025816
v 0.128762 1.392160 -0.019362
v 0.142000 1.430000 0.000000
v 0.159280 1.430000 0.017250
v 0.198160 1.430000 0.023000
v 0.250000 1.430000 0.000000
v 0.198160 1.430000 -0.023000
v 0.159280 1.430000 -0.017250
v 0.179920 1.471040 0.000000
v 0.194288 1.471040 0.014262
v 0.226616 1.471040 0.019016
v 0.269720 1.471040 0.000000
v 0.226616 1.471040 -0.019016
v 0.194288 1.471040 -0.014262
v 0.223200 1.515120 0.000000
v 0.233760 1.515120 0.010506
v 0.257520 1.515120 0.014008
v 0.289200 1.515120 0.000000
v 0.257520 1.515120 -0.014008
v 0.233760 1.515120 -0.010506
v 0.266320 1.557680 0.000000
v 0.272848 1.557680 0.006594
v 0.287536 1.557680 0.008792
v 0.307120 1.557680 0.000000
v 0.287536 1.557680 -0.008792
v 0.272848 1.557680 -0.006594
v 0.303760 1.594160 0.000000
v 0.306704 1.594160 0.003138
v 0.313328 1.594160 0.004184
v 0.322160 1.594160 0.000000
v 0.313328 1.594160 -0.004184
v 0.306704 1.594160 -0.003138
v 0.330000 1.620000 0.000000
v 0.330480 1.620000 0.000750
v 0.331560 1.620000 0.001000
v 0.333000 1.620000 0.000000
v 0.331560 1.620000 -0.001000
v 0.330480 1.620000 -0.000750
v 0.008000 0.300000 0.000000
v 0.012024 0.322960 0.000000
v 0.021719 0.322960 0.018078
v 0.016800 0.300000 0.017250
v 0.043532 0.322960 0.024104
v 0.036600 0.300000 0.023000
v 0.072616 0.322960 0.000000
v 0.063000 0.300000 0.000000
v 0.043532 0.322960 -0.024104
v 0.036600 0.300000 -0.023000
v 0.021719 0.322960 -0.018078
v 0.016800 0.300000 -0.017250
v 0.017272 0.355280 0.000000
v 0.028308 0.355280 0.019254
v 0.053140 0.355280 0.025672
v 0.086248 0.355280 0.000000
v 0.053140 0.355280 -0.025672
v 0.028308 0.355280 -0.019254
v 0.024008 0.393120 0.000000
v 0.036498 0.393120 0.020616
v 0.064601 0.393120 0.027488
v 0.102072 0.393120 0.000000
v 0.064601 0.393120 -0.027488
v 0.036498 0.393120 -0.020616
v 0.032496 0.432640 0.000000
v 0.046219 0.432640 0.022002
v 0.077095 0.432640 0.029336
v 0.118264 0.432640 0.000000
v 0.077095 0.432640 -0.029336
v 0.046219 0.432640 -0.022002
v 0.043000 0.470000 0.000000
v 0.057400 0.470000 0.023250
v 0.089800 0.470000 0.031000
v 0.133000 0.470000 0.000000
v 0.089800 0.470000 -0.031000
v 0.057400 0.470000 -0.023250
v 0.056528 0.505520 0.000000
v 0.070899 0.505520 0.024492
v 0.103232 0.505520 0.032656
v 0.146344 0.505520 0.000000
v 0.103232 0.505520 -0.032656
v 0.070899 0.505520 -0.024492
v 0.072904 0.541760 0.000000
v 0.086761 0.541760 0.025836
v 0.117940 0.541760 0.034448
v 0.159512 0.541760 0.000000
v 0.117940 0.541760 -0.034448
v 0.086761 0.541760 -0.025836
v 0.090616 0.578240 0.000000
v 0.103703 0.578240 0.027084
v 0.133148 0.578240 0.036112
v 0.172408 0.578240 0.000000
v 0.133148 0.578240 -0.036112
v 0.103703 0.578240 -0.027084
v 0.108152 0.614480 0.000000
v 0.120437 0.614480 0.028038
v 0.148080 0.614480 0.037384
v 0.184936 0.614480 0.000000
v 0.148080 0.614480 -0.037384
v 0.120437 0.614480 -0.028038
v 0.124000 0.650000 0.000000
v 0.135680 0.650000 0.028500
v 0.161960 0.650000 0.038000
v 0.197000 0.650000 0.000000
v 0.161960 0.650000 -0.038000
v 0.135680 0.650000 -0.028500
v 0.138336 0.684640 0.000000
v 0.149642 0.684640 0.028398
v 0.175081 0.684640 0.037864
v 0.209000 0.684640 0.000000
v 0.175081 0.684640 -0.037864
v 0.149642 0.684640 -0.028398
v 0.152168 0.718720 0.000000
v 0.163181 0.718720 0.027864
v 0.187961 0.718720 0.037152
v 0.221000 0.718720 0.000000
v 0.187961 0.718720 -0.037152
v 0.163181 0.718720 -0.027864
v 0.165232 0.752480 0.000000
v 0.175979 0.752480 0.027006
v 0.200159 0.752480 0.036008
v 0.232400 0.752480 0.000000
v 0.200159 0.752480 -0.036008
v 0.175979 0.752480 -0.027006
v 0.177264 0.786160 0.000000
v 0.187718 0.786160 0.025932
v 0.211239 0.786160 0.034576
v 0.242600 0.786160 0.000000
v 0.211239 0.786160 -0.034576
v 0.187718 0.786160 -0.025932
v 0.188000 0.820000 0.000000
v 0.198080 0.820000 0.024750
v 0.220760 0.820000 0.033000
v 0.251000 0.820000 0.000000
v 0.220760 0.820000 -0.033000
v 0.198080 0.820000 -0.024750
v 0.197424 0.854320 0.000000
v 0.207098 0.854320 0.023508
v 0.228865 0.854320 0.031344
v 0.257888 0.854320 0.000000
v 0.228865 0.854320 -0.031344
v 0.207098 0.854320 -0.023508
v 0.205712 0.888960 0.000000
v 0.214984 0.888960 0.022134
v 0.235847 0.888960 0.029512
v 0.263664 0.888960 0.000000
v 0.235847 0.888960 -0.029512
v 0.214984 0.888960 -0.022134
v 0.212888 0.923440 0.000000
v 0.221689 0.923440 0.020556
v 0.241492 0.923440 0.027408
v 0.267896 0.923440 0.000000
v 0.241492 0.923440 -0.027408
v 0.221689 0.923440 -0.020556
v 0.218976 0.957280 0.000000
v 0.227164 0.957280 0.018702
v 0.245588 0.957280 0.024936
v 0.270152 0.957280 0.000000
v 0.245588 0.957280 -0.024936
v 0.227164 0.957280 -0.018702
v 0.224000 0.990000 0.000000
v 0.231360 0.990000 0.016500
v 0.247920 0.990000 0.022000
v 0.270000 0.990000 0.000000
v 0.247920 0.990000 -0.022000
v 0.231360 0.990000 -0.016500
v 0.227672 1.023680 0.000000
v 0.233812 1.023680 0.013578
v 0.247628 1.023680 0.018104
v 0.266048 1.023680 0.000000
v 0.247628 1.023680 -0.018104
v 0.233812 1.023680 -0.013578
v 0.229976 1.058640 0.000000
v 0.234553 1.058640 0.009984
v 0.244852 1.058640 0.013312
v 0.258584 1.058640 0.000000
v 0.244852 1.058640 -0.013312
v 0.234553 1.058640 -0.009984
v 0.231344 1.091760 0.000000
v 0.234280 1.091760 0.006276
v 0.240887 1.091760 0.008368
v 0.249696 1.091760 0.000000
v 0.240887 1.091760 -0.008368
v 0.234280 1.091760 -0.006276
v 0.232208 1.119920 0.000000
v 0.233690 1.119920 0.003012
v 0.237025 1.119920 0.004016
v 0.241472 1.119920 0.000000
v 0.237025 1.119920 -0.004016
v 0.233690 1.119920 -0.003012
v 0.233000 1.140000 0.000000
v 0.233480 1.140000 0.000750
v 0.234560 1.140000 0.001000
v 0.236000 1.140000 0.000000
v 0.234560 1.140000 -0.001000
v 0.233480 1.140000 -0.000750
v 0.196000 0.860000 0.000000
v 0.194544 0.879096 0.000000
v 0.202507 0.879096 0.014472
v 0.204480 0.860000 0.015000
v 0.220423 0.879096 0.019296
v 0.223560 0.860000 0.020000
v 0.244312 0.879096 0.000000
v 0.249000 0.860000 0.000000
v 0.220423 0.879096 -0.019296
v 0.223560 0.860000 -0.020000
v 0.202507 0.879096 -0.014472
v 0.204480 0.860000 -0.015000
v 0.192272 0.906328 0.000000
v 0.199508 0.906328 0.013776
v 0.215788 0.906328 0.018368
v 0.237496 0.906328 0.000000
v 0.215788 0.906328 -0.018368
v 0.199508 0.906328 -0.013776
v 0.189928 0.937712 0.000000
v 0.196311 0.937712 0.012894
v 0.210674 0.937712 0.017192
v 0.229824 0.937712 0.000000
v 0.210674 0.937712 -0.017192
v 0.196311 0.937712 -0.012894
v 0.188256 0.969264 0.000000
v 0.193746 0.969264 0.011808
v 0.206098 0.969264 0.015744
v 0.222568 0.969264 0.000000
v 0.206098 0.969264 -0.015744
v 0.193746 0.969264 -0.011808
v 0.188000 0.997000 0.000000
v 0.192640 0.997000 0.010500
v 0.203080 0.997000 0.014000
v 0.217000 0.997000 0.000000
v 0.203080 0.997000 -0.014000
v 0.192640 0.997000 -0.010500
v 0.189768 1.022184 0.000000
v 0.193530 1.022184 0.008730
v 0.201994 1.022184 0.011640
v 0.213280 1.022184 0.000000
v 0.201994 1.022184 -0.011640
v 0.193530 1.022184 -0.008730
v 0.193064 1.047472 0.000000
v 0.195863 1.047472 0.006510
v 0.202162 1.047472 0.008680
v 0.210560 1.047472 0.000000
v 0.202162 1.047472 -0.008680
v 0.195863 1.047472 -0.006510
v 0.196976 1.070968 0.000000
v 0.198836 1.070968 0.004200
v 0.203020 1.070968 0.005600
v 0.208600 1.070968 0.000000
v 0.203020 1.070968 -0.005600
v 0.198836 1.070968 -0.004200
v 0.200592 1.090776 0.000000
v 0.201643 1.090776 0.002160
v 0.204007 1.090776 0.002880
v 0.207160 1.090776 0.000000
v 0.204007 1.090776 -0.002880
v 0.201643 1.090776 -0.002160
v 0.203000 1.105000 0.000000
v 0.203480 1.105000 0.000750
v 0.204560 1.105000 0.001000
v 0.206000 1.105000 0.000000
v 0.204560 1.105000 -0.001000
v 0.203480 1.105000 -0.000750
v -0.021640 0.428480 -0.005000
v -0.022624 0.431854 0.003485
v 0.097376 0.466854 0.003485
v 0.098360 0.463480 -0.005000
v -0.025000 0.440000 0.007000
v 0.095000 0.475000 0.007000
v -0.027376 0.448146 0.003485
v 0.092624 0.483146 0.003485
v -0.028360 0.451520 -0.005000
v 0.091640 0.486520 -0.005000
v -0.027376 0.448146 -0.013485
v 0.092624 0.483146 -0.013485
v -0.025000 0.440000 -0.017000
v 0.095000 0.475000 -0.017000
v -0.022624 0.431854 -0.013485
v 0.097376 0.466854 -0.013485
v -0.025000 0.440000 -0.005000
v 0.095000 0.475000 -0.005000
v -0.021640 0.518480 -0.005000
v -0.022624 0.521854 0.003485
v 0.097376 0.556854 0.003485
v 0.098360 0.553480 -0.005000
v -0.025000 0.530000 0.007000
v 0.095000 0.565000 0.007000
v -0.027376 0.538146 0.003485
v 0.092624 0.573146 0.003485
v -0.028360 0.541520 -0.005000
v 0.091640 0.576520 -0.005000
v -0.027376 0.538146 -0.013485
v 0.092624 0.573146 -0.013485
v -0.025000 0.530000 -0.017000
v 0.095000 0.565000 -0.017000
v -0.022624 0.521854 -0.013485
v 0.097376 0.556854 -0.013485
v -0.025000 0.530000 -0.005000
v 0.095000 0.565000 -0.005000
v -0.084017 0.692343 0.000000
v -0.084818 0.694039 0.007000
v -0.032059 0.719238 0.007000
v -0.031605 0.717418 0.000000
v -0.087008 0.698671 0.012124
v -0.033302 0.724209 0.012124
v -0.090000 0.705000 0.014000
v -0.035000 0.731000 0.014000
v -0.092992 0.711329 0.012124
v -0.036698 0.737791 0.012124
v -0.095182 0.715961 0.007000
v -0.037941 0.742762 0.007000
v -0.095983 0.717657 0.000000
v -0.038395 0.744582 0.000000
v -0.095182 0.715961 -0.007000
v -0.037941 0.742762 -0.007000
v -0.092992 0.711329 -0.012124
v -0.036698 0.737791 -0.012124
v -0.090000 0.705000 -0.014000
v -0.035000 0.731000 -0.014000
v -0.087008 0.698671 -0.012124
v -0.033302 0.724209 -0.012124
v -0.084818 0.694039 -0.007000
v -0.032059 0.719238 -0.007000
v 0.032690 0.723947 0.007000
v 0.032487 0.722082 0.000000
v 0.033244 0.729041 0.012124
v 0.034000 0.736000 0.014000
v 0.034756 0.742959 0.012124
v 0.035310 0.748053 0.007000
v 0.035513 0.749918 0.000000
v 0.035310 0.748053 -0.007000
v 0.034756 0.742959 -0.012124
v 0.034000 0.736000 -0.014000
v 0.033244 0.729041 -0.012124
v 0.032690 0.723947 -0.007000
v 0.099625 0.704355 0.007000
v 0.099102 0.702553 0.000000
v 0.101051 0.709277 0.012124
v 0.103000 0.716000 0.014000
v 0.104949 0.722723 0.012124
v 0.106375 0.727645 0.007000
v 0.106898 0.729447 0.000000
v 0.106375 0.727645 -0.007000
v 0.104949 0.722723 -0.012124
v 0.103000 0.716000 -0.014000
v 0.101051 0.709277 -0.012124
v 0.099625 0.704355 -0.007000
v -0.090000 0.705000 0.000000
v 0.103000 0.716000 0.000000
v 0.054000 0.730000 0.000000
v 0.072412 0.734055 0.006735
v 0.073929 0.734055 0.000000
v 0.068092 0.734055 0.012445
v 0.061627 0.734055 0.016260
v 0.054000 0.734055 0.017600
v 0.046373 0.734055 0.016260
v 0.039908 0.734055 0.012445
v 0.035588 0.734055 0.006735
v 0.034071 0.734055 0.000000
v 0.035588 0.734055 -0.006735
v 0.039908 0.734055 -0.012445
v 0.046373 0.734055 -0.016260
v 0.054000 0.734055 -0.017600
v 0.061627 0.734055 -0.016260
v 0.068092 0.734055 -0.012445
v 0.072412 0.734055 -0.006735
v 0.089569 0.745943 0.013011
v 0.092500 0.745943 0.000000
v 0.081224 0.745943 0.024042
v 0.068733 0.745943 0.031412
v 0.054000 0.745943 0.034000
v 0.039267 0.745943 0.031412
v 0.026776 0.745943 0.024042
v 0.018431 0.745943 0.013011
v 0.015500 0.745943 0.000000
v 0.018431 0.745943 -0.013011
v 0.026776 0.745943 -0.024042
v 0.039267 0.745943 -0.031412
v 0.054000 0.745943 -0.034000
v 0.068733 0.745943 -0.031412
v 0.081224 0.745943 -0.024042
v 0.089569 0.745943 -0.013011
v 0.104303 0.764854 0.018401
v 0.108447 0.764854 0.000000
v 0.092500 0.764854 0.034000
v 0.074836 0.764854 0.044423
v 0.054000 0.764854 0.048083
v 0.033164 0.764854 0.044423
v 0.015500 0.764854 0.034000
v 0.003697 0.764854 0.018401
v -0.000447 0.764854 0.000000
v 0.003697 0.764854 -0.018401
v 0.015500 0.764854 -0.034000
v 0.033164 0.764854 -0.044423
v 0.054000 0.764854 -0.048083
v 0.074836 0.764854 -0.044423
v 0.092500 0.764854 -0.034000
v 0.104303 0.764854 -0.018401
v 0.115608 0.789500 0.022536
v 0.120684 0.789500 0.000000
v 0.101153 0.789500 0.041641
v 0.079519 0.789500 0.054407
v 0.054000 0.789500 0.058890
v 0.028481 0.789500 0.054407
v 0.006847 0.789500 0.041641
v -0.007608 0.789500 0.022536
v -0.012684 0.789500 0.000000
v -0.007608 0.789500 -0.022536
v 0.006847 0.789500 -0.041641
v 0.028481 0.789500 -0.054407
v 0.054000 0.789500 -0.058890
v 0.079519 0.789500 -0.054407
v 0.101153 0.789500 -0.041641
v 0.115608 0.789500 -0.022536
v 0.122715 0.818201 0.025136
v 0.128376 0.818201 0.000000
v 0.106592 0.818201 0.046445
v 0.082463 0.818201 0.060683
v 0.054000 0.818201 0.065683
v 0.025537 0.818201 0.060683
v 0.001408 0.818201 0.046445
v -0.014715 0.818201 0.025136
v -0.020376 0.818201 0.000000
v -0.014715 0.818201 -0.025136
v 0.001408 0.818201 -0.046445
v 0.025537 0.818201 -0.060683
v 0.054000 0.818201 -0.065683
v 0.082463 0.818201 -0.060683
v 0.106592 0.818201 -0.046445
v 0.122715 0.818201 -0.025136
v 0.125139 0.849000 0.026022
v 0.131000 0.849000 0.000000
v 0.108447 0.849000 0.048083
v 0.083467 0.849000 0.062824
v 0.054000 0.849000 0.068000
v 0.024533 0.849000 0.062824
v -0.000447 0.849000 0.048083
v -0.017139 0.849000 0.026022
v -0.023000 0.849000 0.000000
v -0.017139 0.849000 -0.026022
v -0.000447 0.849000 -0.048083
v 0.024533 0.849000 -0.062824
v 0.054000 0.849000 -0.068000
v 0.083467 0.849000 -0.062824
v 0.108447 0.849000 -0.048083
v 0.125139 0.849000 -0.026022
v 0.122715 0.879799 0.025136
v 0.128376 0.879799 0.000000
v 0.106592 0.879799 0.046445
v 0.082463 0.879799 0.060683
v 0.054000 0.879799 0.065683
v 0.025537 0.879799 0.060683
v 0.001408 0.879799 0.046445
v -0.014715 0.879799 0.025136
v -0.020376 0.879799 0.000000
v -0.014715 0.879799 -0.025136
v 0.001408 0.879799 -0.046445
v 0.025537 0.879799 -0.060683
v 0.054000 0.879799 -0.065683
v 0.082463 0.879799 -0.060683
v 0.106592 0.879799 -0.046445
v 0.122715 0.879799 -0.025136
v 0.115608 0.908500 0.022536
v 0.120684 0.908500 0.000000
v 0.101153 0.908500 0.041641
v 0.079519 0.908500 0.054407
v 0.054000 0.908500 0.058890
v 0.028481 0.908500 0.054407
v 0.006847 0.908500 0.041641
v -0.007608 0.908500 0.022536
v -0.012684 0.908500 0.000000
v -0.007608 0.908500 -0.022536
v 0.006847 0.908500 -0.041641
v 0.028481 0.908500 -0.054407
v 0.054000 0.908500 -0.058890
v 0.079519 0.908500 -0.054407
v 0.101153 0.908500 -0.041641
v 0.115608 0.908500 -0.022536
v 0.104303 0.933146 0.018401
v 0.108447 0.933146 0.000000
v 0.092500 0.933146 0.034000
v 0.074836 0.933146 0.044423
v 0.054000 0.933146 0.048083
v 0.033164 0.933146 0.044423
v 0.015500 0.933146 0.034000
v 0.003697 0.933146 0.018401
v -0.000447 0.933146 0.000000
v 0.003697 0.933146 -0.018401
v 0.015500 0.933146 -0.034000
v 0.033164 0.933146 -0.044423
v 0.054000 0.933146 -0.048083
v 0.074836 0.933146 -0.044423
v 0.092500 0.933146 -0.034000
v 0.104303 0.933146 -0.018401
v 0.089569 0.952057 0.013011
v 0.092500 0.952057 0.000000
v 0.081224 0.952057 0.024042
v 0.068733 0.952057 0.031412
v 0.054000 0.952057 0.034000
v 0.039267 0.952057 0.031412
v 0.026776 0.952057 0.024042
v 0.018431 0.952057 0.013011
v 0.015500 0.952057 0.000000
v 0.018431 0.952057 -0.013011
v 0.026776 0.952057 -0.024042
v 0.039267 0.952057 -0.031412
v 0.054000 0.952057 -0.034000
v 0.068733 0.952057 -0.031412
v 0.081224 0.952057 -0.024042
v 0.089569 0.952057 -0.013011
v 0.072412 0.963945 0.006735
v 0.073929 0.963945 0.000000
v 0.068092 0.963945 0.012445
v 0.061627 0.963945 0.016260
v 0.054000 0.963945 0.017600
v 0.046373 0.963945 0.016260
v 0.039908 0.963945 0.012445
v 0.035588 0.963945 0.006735
v 0.034071 0.963945 0.000000
v 0.035588 0.963945 -0.006735
v 0.039908 0.963945 -0.012445
v 0.046373 0.963945 -0.016260
v 0.054000 0.963945 -0.017600
v 0.061627 0.963945 -0.016260
v 0.068092 0.963945 -0.012445
v 0.072412 0.963945 -0.006735
v 0.054000 0.968000 0.000000
v -0.081014 0.789402 -0.043000
v -0.084817 0.789577 -0.033808
v -0.083588 0.816296 -0.033808
v -0.079783 0.816147 -0.043000
v -0.094000 0.790000 -0.030000
v -0.092773 0.816656 -0.030000
v -0.103183 0.790423 -0.033808
v -0.101959 0.817016 -0.033808
v -0.106986 0.790598 -0.043000
v -0.105763 0.817165 -0.043000
v -0.103183 0.790423 -0.052192
v -0.101959 0.817016 -0.052192
v -0.094000 0.790000 -0.056000
v -0.092773 0.816656 -0.056000
v -0.084817 0.789577 -0.052192
v -0.083588 0.816296 -0.052192
v -0.082268 0.854720 -0.033808
v -0.078471 0.854449 -0.043000
v -0.091438 0.855375 -0.030000
v -0.100607 0.856030 -0.033808
v -0.104404 0.856301 -0.043000
v -0.100607 0.856030 -0.052192
v -0.091438 0.855375 -0.056000
v -0.082268 0.854720 -0.052192
v -0.078122 0.893840 -0.033808
v -0.074389 0.893087 -0.043000
v -0.087133 0.895656 -0.030000
v -0.096144 0.897473 -0.033808
v -0.099876 0.898225 -0.043000
v -0.096144 0.897473 -0.052192
v -0.087133 0.895656 -0.056000
v -0.078122 0.893840 -0.052192
v -0.068931 0.922597 -0.033808
v -0.065588 0.920773 -0.043000
v -0.077000 0.927000 -0.030000
v -0.085069 0.931403 -0.033808
v -0.088412 0.933227 -0.043000
v -0.085069 0.931403 -0.052192
v -0.077000 0.927000 -0.056000
v -0.068931 0.922597 -0.052192
v -0.052980 0.940392 -0.033808
v -0.050538 0.937471 -0.043000
v -0.058875 0.947445 -0.030000
v -0.064770 0.954499 -0.033808
v -0.067212 0.957420 -0.043000
v -0.064770 0.954499 -0.052192
v -0.058875 0.947445 -0.056000
v -0.052980 0.940392 -0.052192
v -0.030751 0.954035 -0.033808
v -0.029095 0.950607 -0.043000
v -0.034750 0.962313 -0.030000
v -0.038749 0.970590 -0.033808
v -0.040405 0.974018 -0.043000
v -0.038749 0.970590 -0.052192
v -0.034750 0.962313 -0.056000
v -0.030751 0.954035 -0.052192
v -0.005534 0.963168 -0.033808
v -0.004513 0.959500 -0.043000
v -0.008000 0.972023 -0.030000
v -0.010466 0.980879 -0.033808
v -0.011487 0.984547 -0.043000
v -0.010466 0.980879 -0.052192
v -0.008000 0.972023 -0.056000
v -0.005534 0.963168 -0.052192
v 0.018682 0.967833 -0.033808
v 0.018965 0.964036 -0.043000
v 0.018000 0.977000 -0.030000
v 0.017318 0.986167 -0.033808
v 0.017035 0.989964 -0.043000
v 0.017318 0.986167 -0.052192
v 0.018000 0.977000 -0.056000
v 0.018682 0.967833 -0.052192
v 0.043144 0.966833 -0.033808
v 0.042595 0.963065 -0.043000
v 0.044469 0.975930 -0.030000
v 0.045794 0.985026 -0.033808
v 0.046342 0.988794 -0.043000
v 0.045794 0.985026 -0.052192
v 0.044469 0.975930 -0.056000
v 0.043144 0.966833 -0.052192
v 0.069777 0.960283 -0.033808
v 0.068649 0.956646 -0.043000
v 0.072500 0.969062 -0.030000
v 0.075223 0.977842 -0.033808
v 0.076351 0.981479 -0.043000
v 0.075223 0.977842 -0.052192
v 0.072500 0.969062 -0.056000
v 0.069777 0.960283 -0.052192
v 0.094890 0.950724 -0.033808
v 0.093381 0.947228 -0.043000
v 0.098531 0.959164 -0.030000
v 0.102173 0.967604 -0.033808
v 0.103681 0.971100 -0.043000
v 0.102173 0.967604 -0.052192
v 0.098531 0.959164 -0.056000
v 0.094890 0.950724 -0.052192
v 0.114044 0.941258 -0.033808
v 0.111991 0.938051 -0.043000
v 0.119000 0.949000 -0.030000
v 0.123956 0.956742 -0.033808
v 0.126009 0.959949 -0.043000
v 0.123956 0.956742 -0.052192
v 0.119000 0.949000 -0.056000
v 0.114044 0.941258 -0.052192
v 0.125442 0.931475 -0.033808
v 0.122561 0.928986 -0.043000
v 0.132398 0.937484 -0.030000
v 0.139355 0.943494 -0.033808
v 0.142236 0.945983 -0.043000
v 0.139355 0.943494 -0.052192
v 0.132398 0.937484 -0.056000
v 0.125442 0.931475 -0.052192
v 0.132637 0.919547 -0.033808
v 0.129251 0.917806 -0.043000
v 0.140813 0.923750 -0.030000
v 0.148988 0.927953 -0.033808
v 0.152374 0.929694 -0.043000
v 0.148988 0.927953 -0.052192
v 0.140813 0.923750 -0.056000
v 0.132637 0.919547 -0.052192
v 0.137602 0.907314 -0.033808
v 0.134095 0.905832 -0.043000
v 0.146070 0.910891 -0.030000
v 0.154538 0.914468 -0.033808
v 0.158046 0.915949 -0.043000
v 0.154538 0.914468 -0.052192
v 0.146070 0.910891 -0.056000
v 0.137602 0.907314 -0.052192
v 0.141592 0.898284 -0.033808
v 0.138110 0.896744 -0.043000
v 0.150000 0.902000 -0.030000
v 0.158408 0.905716 -0.033808
v 0.161890 0.907256 -0.043000
v 0.158408 0.905716 -0.052192
v 0.150000 0.902000 -0.056000
v 0.141592 0.898284 -0.052192
v -0.094000 0.790000 -0.043000
v 0.150000 0.902000 -0.043000
v -0.081014 0.789402 0.043000
v -0.084817 0.789577 0.052192
v -0.083588 0.816296 0.052192
v -0.079783 0.816147 0.043000
v -0.094000 0.790000 0.056000
v -0.092773 0.816656 0.056000
v -0.103183 0.790423 0.052192
v -0.101959 0.817016 0.052192
v -0.106986 0.790598 0.043000
v -0.105763 0.817165 0.043000
v -0.103183 0.790423 0.033808
v -0.101959 0.817016 0.033808
v -0.094000 0.790000 0.030000
v -0.092773 0.816656 0.030000
v -0.084817 0.789577 0.033808
v -0.083588 0.816296 0.033808
v -0.082268 0.854720 0.052192
v -0.078471 0.854449 0.043000
v -0.091438 0.855375 0.056000
v -0.100607 0.856030 0.052192
v -0.104404 0.856301 0.043000
v -0.100607 0.856030 0.033808
v -0.091438 0.855375 0.030000
v -0.082268 0.854720 0.033808
v -0.078122 0.893840 0.052192
v -0.074389 0.893087 0.043000
v -0.087133 0.895656 0.056000
v -0.096144 0.897473 0.052192
v -0.099876 0.898225 0.043000
v -0.096144 0.897473 0.033808
v -0.087133 0.895656 0.030000
v -0.078122 0.893840 0.033808
v -0.068931 0.922597 0.052192
v -0.065588 0.920773 0.043000
v -0.077000 0.927000 0.056000
v -0.085069 0.931403 0.052192
v -0.088412 0.933227 0.043000
v -0.085069 0.931403 0.033808
v -0.077000 0.927000 0.030000
v -0.068931 0.922597 0.033808
v -0.052980 0.940392 0.052192
v -0.050538 0.937471 0.043000
v -0.058875 0.947445 0.056000
v -0.064770 0.954499 0.052192
v -0.067212 0.957420 0.043000
v -0.064770 0.954499 0.033808
v -0.058875 0.947445 0.030000
v -0.052980 0.940392 0.033808
v -0.030751 0.954035 0.052192
v -0.029095 0.950607 0.043000
v -0.034750 0.962313 0.056000
v -0.038749 0.970590 0.052192
v -0.040405 0.974018 0.043000
v -0.038749 0.970590 0.033808
v -0.034750 0.962313 0.030000
v -0.030751 0.954035 0.033808
v -0.005534 0.963168 0.052192
v -0.004513 0.959500 0.043000
v -0.008000 0.972023 0.056000
v -0.010466 0.980879 0.052192
v -0.011487 0.984547 0.043000
v -0.010466 0.980879 0.033808
v -0.008000 0.972023 0.030000
v -0.005534 0.963168 0.033808
v 0.018682 0.967833 0.052192
v 0.018965 0.964036 0.043000
v 0.018000 0.977000 0.056000
v 0.017318 0.986167 0.052192
v 0.017035 0.989964 0.043000
v 0.017318 0.986167 0.033808
v 0.018000 0.977000 0.030000
v 0.018682 0.967833 0.033808
v 0.043144 0.966833 0.052192
v 0.042595 0.963065 0.043000
v 0.044469 0.975930 0.056000
v 0.045794 0.985026 0.052192
v 0.046342 0.988794 0.043000
v 0.045794 0.985026 0.033808
v 0.044469 0.975930 0.030000
v 0.043144 0.966833 0.033808
v 0.069777 0.960283 0.052192
v 0.068649 0.956646 0.043000
v 0.072500 0.969062 0.056000
v 0.075223 0.977842 0.052192
v 0.076351 0.981479 0.043000
v 0.075223 0.977842 0.033808
v 0.072500 0.969062 0.030000
v 0.069777 0.960283 0.033808
v 0.094890 0.950724 0.052192
v 0.093381 0.947228 0.043000
v 0.098531 0.959164 0.056000
v 0.102173 0.967604 0.052192
v 0.103681 0.971100 0.043000
v 0.102173 0.967604 0.033808
v 0.098531 0.959164 0.030000
v 0.094890 0.950724 0.033808
v 0.114044 0.941258 0.052192
v 0.111991 0.938051 0.043000
v 0.119000 0.949000 0.056000
v 0.123956 0.956742 0.052192
v 0.126009 0.959949 0.043000
v 0.123956 0.956742 0.033808
v 0.119000 0.949000 0.030000
v 0.114044 0.941258 0.033808
v 0.125442 0.931475 0.052192
v 0.122561 0.928986 0.043000
v 0.132398 0.937484 0.056000
v 0.139355 0.943494 0.052192
v 0.142236 0.945983 0.043000
v 0.139355 0.943494 0.033808
v 0.132398 0.937484 0.030000
v 0.125442 0.931475 0.033808
v 0.132637 0.919547 0.052192
v 0.129251 0.917806 0.043000
v 0.140813 0.923750 0.056000
v 0.148988 0.927953 0.052192
v 0.152374 0.929694 0.043000
v 0.148988 0.927953 0.033808
v 0.140813 0.923750 0.030000
v 0.132637 0.919547 0.033808
v 0.137602 0.907314 0.052192
v 0.134095 0.905832 0.043000
v 0.146070 0.910891 0.056000
v 0.154538 0.914468 0.052192
v 0.158046 0.915949 0.043000
v 0.154538 0.914468 0.033808
v 0.146070 0.910891 0.030000
v 0.137602 0.907314 0.033808
v 0.141592 0.898284 0.052192
v 0.138110 0.896744 0.043000
v 0.150000 0.902000 0.056000
v 0.158408 0.905716 0.052192
v 0.161890 0.907256 0.043000
v 0.158408 0.905716 0.033808
v 0.150000 0.902000 0.030000
v 0.141592 0.898284 0.033808
v -0.094000 0.790000 0.043000
v 0.150000 0.902000 0.043000
v -0.061000 0.050000 0.000000
v -0.063064 0.062480 0.000000
v -0.060935 0.062480 0.007464
v -0.060680 0.050000 0.002250
v -0.056146 0.062480 0.009952
v -0.059960 0.050000 0.003000
v -0.049760 0.062480 0.000000
v -0.059000 0.050000 0.000000
v -0.056146 0.062480 -0.009952
v -0.059960 0.050000 -0.003000
v -0.060935 0.062480 -0.007464
v -0.060680 0.050000 -0.002250
v -0.066232 0.079440 0.000000
v -0.061446 0.079440 0.015192
v -0.050678 0.079440 0.020256
v -0.036320 0.079440 0.000000
v -0.050678 0.079440 -0.020256
v -0.061446 0.079440 -0.015192
v -0.069568 0.100160 0.000000
v -0.061829 0.100160 0.023688
v -0.044417 0.100160 0.031584
v -0.021200 0.100160 0.000000
v -0.044417 0.100160 -0.031584
v -0.061829 0.100160 -0.023688
v -0.072136 0.123920 0.000000
v -0.061701 0.123920 0.031206
v -0.038224 0.123920 0.041608
v -0.006920 0.123920 0.000000
v -0.038224 0.123920 -0.041608
v -0.061701 0.123920 -0.031206
v -0.073000 0.150000 0.000000
v -0.060680 0.150000 0.036000
v -0.032960 0.150000 0.048000
v 0.004000 0.150000 0.000000
v -0.032960 0.150000 -0.048000
v -0.060680 0.150000 -0.036000
v -0.071488 0.182240 0.000000
v -0.058254 0.182240 0.037362
v -0.028478 0.182240 0.049816
v 0.011224 0.182240 0.000000
v -0.028478 0.182240 -0.049816
v -0.058254 0.182240 -0.037362
v -0.068224 0.221120 0.000000
v -0.054679 0.221120 0.036456
v -0.024203 0.221120 0.048608
v 0.016432 0.221120 0.000000
v -0.024203 0.221120 -0.048608
v -0.054679 0.221120 -0.036456
v -0.064216 0.260880 0.000000
v -0.050721 0.260880 0.034344
v -0.020357 0.260880 0.045792
v 0.020128 0.260880 0.000000
v -0.020357 0.260880 -0.045792
v -0.050721 0.260880 -0.034344
v -0.060472 0.295760 0.000000
v -0.047146 0.295760 0.032088
v -0.017162 0.295760 0.042784
v 0.022816 0.295760 0.000000
v -0.017162 0.295760 -0.042784
v -0.047146 0.295760 -0.032088
v -0.058000 0.320000 0.000000
v -0.044720 0.320000 0.030750
v -0.014840 0.320000 0.041000
v 0.025000 0.320000 0.000000
v -0.014840 0.320000 -0.041000
v -0.044720 0.320000 -0.030750
v -0.061000 0.180000 0.000000
v -0.063064 0.192480 0.000000
v -0.060935 0.192480 0.007464
v -0.060680 0.180000 0.002250
v -0.056146 0.192480 0.009952
v -0.059960 0.180000 0.003000
v -0.049760 0.192480 0.000000
v -0.059000 0.180000 0.000000
v -0.056146 0.192480 -0.009952
v -0.059960 0.180000 -0.003000
v -0.060935 0.192480 -0.007464
v -0.060680 0.180000 -0.002250
v -0.066232 0.209440 0.000000
v -0.061446 0.209440 0.015192
v -0.050678 0.209440 0.020256
v -0.036320 0.209440 0.000000
v -0.050678 0.209440 -0.020256
v -0.061446 0.209440 -0.015192
v -0.069568 0.230160 0.000000
v -0.061829 0.230160 0.023688
v -0.044417 0.230160 0.031584
v -0.021200 0.230160 0.000000
v -0.044417 0.230160 -0.031584
v -0.061829 0.230160 -0.023688
v -0.072136 0.253920 0.000000
v -0.061701 0.253920 0.031206
v -0.038224 0.253920 0.041608
v -0.006920 0.253920 0.000000
v -0.038224 0.253920 -0.041608
v -0.061701 0.253920 -0.031206
v -0.073000 0.280000 0.000000
v -0.060680 0.280000 0.036000
v -0.032960 0.280000 0.048000
v 0.004000 0.280000 0.000000
v -0.032960 0.280000 -0.048000
v -0.060680 0.280000 -0.036000
v -0.071488 0.312240 0.000000
v -0.058254 0.312240 0.037362
v -0.028478 0.312240 0.049816
v 0.011224 0.312240 0.000000
v -0.028478 0.312240 -0.049816
v -0.058254 0.312240 -0.037362
v -0.068224 0.351120 0.000000
v -0.054679 0.351120 0.036456
v -0.024203 0.351120 0.048608
v 0.016432 0.351120 0.000000
v -0.024203 0.351120 -0.048608
v -0.054679 0.351120 -0.036456
v -0.064216 0.390880 0.000000
v -0.050721 0.390880 0.034344
v -0.020357 0.390880 0.045792
v 0.020128 0.390880 0.000000
v -0.020357 0.390880 -0.045792
v -0.050721 0.390880 -0.034344
v -0.060472 0.425760 0.000000
v -0.047146 0.425760 0.032088
v -0.017162 0.425760 0.042784
v 0.022816 0.425760 0.000000
v -0.017162 0.425760 -0.042784
v -0.047146 0.425760 -0.032088
v -0.058000 0.450000 0.000000
v -0.044720 0.450000 0.030750
v -0.014840 0.450000 0.041000
v 0.025000 0.450000 0.000000
v -0.014840 0.450000 -0.041000
v -0.044720 0.450000 -0.030750
v -0.061000 0.310000 0.000000
v -0.063064 0.322480 0.000000
v -0.060935 0.322480 0.007464
v -0.060680 0.310000 0.002250
v -0.056146 0.322480 0.009952
v -0.059960 0.310000 0.003000
v -0.049760 0.322480 0.000000
v -0.059000 0.310000 0.000000
v -0.056146 0.322480 -0.009952
v -0.059960 0.310000 -0.003000
v -0.060935 0.322480 -0.007464
v -0.060680 0.310000 -0.002250
v -0.066232 0.339440 0.000000
v -0.061446 0.339440 0.015192
v -0.050678 0.339440 0.020256
v -0.036320 0.339440 0.000000
v -0.050678 0.339440 -0.020256
v -0.061446 0.339440 -0.015192
v -0.069568 0.360160 0.000000
v -0.061829 0.360160 0.023688
v -0.044417 0.360160 0.031584
v -0.021200 0.360160 0.000000
v -0.044417 0.360160 -0.031584
v -0.061829 0.360160 -0.023688
v -0.072136 0.383920 0.000000
v -0.061701 0.383920 0.031206
v -0.038224 0.383920 0.041608
v -0.006920 0.383920 0.000000
v -0.038224 0.383920 -0.041608
v -0.061701 0.383920 -0.031206
v -0.073000 0.410000 0.000000
v -0.060680 0.410000 0.036000
v -0.032960 0.410000 0.048000
v 0.004000 0.410000 0.000000
v -0.032960 0.410000 -0.048000
v -0.060680 0.410000 -0.036000
v -0.071488 0.442240 0.000000
v -0.058254 0.442240 0.037362
v -0.028478 0.442240 0.049816
v 0.011224 0.442240 0.000000
v -0.028478 0.442240 -0.049816
v -0.058254 0.442240 -0.037362
v -0.068224 0.481120 0.000000
v -0.054679 0.481120 0.036456
v -0.024203 0.481120 0.048608
v 0.016432 0.481120 0.000000
v -0.024203 0.481120 -0.048608
v -0.054679 0.481120 -0.036456
v -0.064216 0.520880 0.000000
v -0.050721 0.520880 0.034344
v -0.020357 0.520880 0.045792
v 0.020128 0.520880 0.000000
v -0.020357 0.520880 -0.045792
v -0.050721 0.520880 -0.034344
v -0.060472 0.555760 0.000000
v -0.047146 0.555760 0.032088
v -0.017162 0.555760 0.042784
v 0.022816 0.555760 0.000000
v -0.017162 0.555760 -0.042784
v -0.047146 0.555760 -0.032088
v -0.058000 0.580000 0.000000
v -0.044720 0.580000 0.030750
v -0.014840 0.580000 0.041000
v 0.025000 0.580000 0.000000
v -0.014840 0.580000 -0.041000
v -0.044720 0.580000 -0.030750
vt 0.200000 0.050000
vt 0.400000 0.050000
vt 0.700000 0.050000
vt 0.800000 0.050000
vt 0.200000 0.150000
vt 0.400000 0.150000
vt 0.700000 0.150000
vt 0.800000 0.150000
vt 0.200000 0.250000
vt 0.400000 0.250000
vt 0.700000 0.250000
vt 0.800000 0.250000
vt 0.200000 0.350000
vt 0.400000 0.350000
vt 0.700000 0.350000
vt 0.800000 0.350000
vt 0.200000 0.450000
vt 0.400000 0.450000
vt 0.700000 0.450000
vt 0.800000 0.450000
vt 0.200000 0.550000
vt 0.400000 0.550000
vt 0.700000 0.550000
vt 0.800000 0.550000
vt 0.200000 0.650000
vt 0.400000 0.650000
vt 0.700000 0.650000
vt 0.800000 0.650000
vt 0.200000 0.750000
vt 0.400000 0.750000
vt 0.700000 0.750000
vt 0.800000 0.750000
vt 0.200000 0.850000
vt 0.400000 0.850000
vt 0.700000 0.850000
vt 0.800000 0.850000
vt 0.200000 0.950000
vt 0.400000 0.950000
vt 0.700000 0.950000
vt 0.800000 0.950000
g curved_gold_shaft
f 1/1 2/2 3/3 4/4
g curved_gold_shaft
f 2/1 5/2 6/3 3/4
g curved_gold_shaft
f 5/1 7/2 8/3 6/4
g curved_gold_shaft
f 7/1 9/2 10/3 8/4
g curved_gold_shaft
f 9/1 11/2 12/3 10/4
g curved_gold_shaft
f 11/1 13/2 14/3 12/4
g curved_gold_shaft
f 13/1 15/2 16/3 14/4
g curved_gold_shaft
f 15/1 17/2 18/3 16/4
g curved_gold_shaft
f 17/1 19/2 20/3 18/4
g curved_gold_shaft
f 19/1 21/2 22/3 20/4
g curved_gold_shaft
f 21/1 23/2 24/3 22/4
g curved_gold_shaft
f 23/1 25/2 26/3 24/4
g curved_gold_shaft
f 25/1 27/2 28/3 26/4
g curved_gold_shaft
f 27/1 29/2 30/3 28/4
g curved_gold_shaft
f 29/1 31/2 32/3 30/4
g curved_gold_shaft
f 31/1 1/2 4/3 32/4
g curved_gold_shaft
f 4/1 3/2 33/3 34/4
g curved_gold_shaft
f 3/1 6/2 35/3 33/4
g curved_gold_shaft
f 6/1 8/2 36/3 35/4
g curved_gold_shaft
f 8/1 10/2 37/3 36/4
g curved_gold_shaft
f 10/1 12/2 38/3 37/4
g curved_gold_shaft
f 12/1 14/2 39/3 38/4
g curved_gold_shaft
f 14/1 16/2 40/3 39/4
g curved_gold_shaft
f 16/1 18/2 41/3 40/4
g curved_gold_shaft
f 18/1 20/2 42/3 41/4
g curved_gold_shaft
f 20/1 22/2 43/3 42/4
g curved_gold_shaft
f 22/1 24/2 44/3 43/4
g curved_gold_shaft
f 24/1 26/2 45/3 44/4
g curved_gold_shaft
f 26/1 28/2 46/3 45/4
g curved_gold_shaft
f 28/1 30/2 47/3 46/4
g curved_gold_shaft
f 30/1 32/2 48/3 47/4
g curved_gold_shaft
f 32/1 4/2 34/3 48/4
g curved_gold_shaft
f 34/1 33/2 49/3 50/4
g curved_gold_shaft
f 33/1 35/2 51/3 49/4
g curved_gold_shaft
f 35/1 36/2 52/3 51/4
g curved_gold_shaft
f 36/1 37/2 53/3 52/4
g curved_gold_shaft
f 37/1 38/2 54/3 53/4
g curved_gold_shaft
f 38/1 39/2 55/3 54/4
g curved_gold_shaft
f 39/1 40/2 56/3 55/4
g curved_gold_shaft
f 40/1 41/2 57/3 56/4
g curved_gold_shaft
f 41/1 42/2 58/3 57/4
g curved_gold_shaft
f 42/1 43/2 59/3 58/4
g curved_gold_shaft
f 43/1 44/2 60/3 59/4
g curved_gold_shaft
f 44/1 45/2 61/3 60/4
g curved_gold_shaft
f 45/1 46/2 62/3 61/4
g curved_gold_shaft
f 46/1 47/2 63/3 62/4
g curved_gold_shaft
f 47/1 48/2 64/3 63/4
g curved_gold_shaft
f 48/1 34/2 50/3 64/4
g curved_gold_shaft
f 50/1 49/2 65/3 66/4
g curved_gold_shaft
f 49/1 51/2 67/3 65/4
g curved_gold_shaft
f 51/1 52/2 68/3 67/4
g curved_gold_shaft
f 52/1 53/2 69/3 68/4
g curved_gold_shaft
f 53/1 54/2 70/3 69/4
g curved_gold_shaft
f 54/1 55/2 71/3 70/4
g curved_gold_shaft
f 55/1 56/2 72/3 71/4
g curved_gold_shaft
f 56/1 57/2 73/3 72/4
g curved_gold_shaft
f 57/1 58/2 74/3 73/4
g curved_gold_shaft
f 58/1 59/2 75/3 74/4
g curved_gold_shaft
f 59/1 60/2 76/3 75/4
g curved_gold_shaft
f 60/1 61/2 77/3 76/4
g curved_gold_shaft
f 61/1 62/2 78/3 77/4
g curved_gold_shaft
f 62/1 63/2 79/3 78/4
g curved_gold_shaft
f 63/1 64/2 80/3 79/4
g curved_gold_shaft
f 64/1 50/2 66/3 80/4
g curved_gold_shaft
f 66/1 65/2 81/3 82/4
g curved_gold_shaft
f 65/1 67/2 83/3 81/4
g curved_gold_shaft
f 67/1 68/2 84/3 83/4
g curved_gold_shaft
f 68/1 69/2 85/3 84/4
g curved_gold_shaft
f 69/1 70/2 86/3 85/4
g curved_gold_shaft
f 70/1 71/2 87/3 86/4
g curved_gold_shaft
f 71/1 72/2 88/3 87/4
g curved_gold_shaft
f 72/1 73/2 89/3 88/4
g curved_gold_shaft
f 73/1 74/2 90/3 89/4
g curved_gold_shaft
f 74/1 75/2 91/3 90/4
g curved_gold_shaft
f 75/1 76/2 92/3 91/4
g curved_gold_shaft
f 76/1 77/2 93/3 92/4
g curved_gold_shaft
f 77/1 78/2 94/3 93/4
g curved_gold_shaft
f 78/1 79/2 95/3 94/4
g curved_gold_shaft
f 79/1 80/2 96/3 95/4
g curved_gold_shaft
f 80/1 66/2 82/3 96/4
g curved_gold_shaft
f 82/1 81/2 97/3 98/4
g curved_gold_shaft
f 81/1 83/2 99/3 97/4
g curved_gold_shaft
f 83/1 84/2 100/3 99/4
g curved_gold_shaft
f 84/1 85/2 101/3 100/4
g curved_gold_shaft
f 85/1 86/2 102/3 101/4
g curved_gold_shaft
f 86/1 87/2 103/3 102/4
g curved_gold_shaft
f 87/1 88/2 104/3 103/4
g curved_gold_shaft
f 88/1 89/2 105/3 104/4
g curved_gold_shaft
f 89/1 90/2 106/3 105/4
g curved_gold_shaft
f 90/1 91/2 107/3 106/4
g curved_gold_shaft
f 91/1 92/2 108/3 107/4
g curved_gold_shaft
f 92/1 93/2 109/3 108/4
g curved_gold_shaft
f 93/1 94/2 110/3 109/4
g curved_gold_shaft
f 94/1 95/2 111/3 110/4
g curved_gold_shaft
f 95/1 96/2 112/3 111/4
g curved_gold_shaft
f 96/1 82/2 98/3 112/4
g curved_gold_shaft
f 98/1 97/2 113/3 114/4
g curved_gold_shaft
f 97/1 99/2 115/3 113/4
g curved_gold_shaft
f 99/1 100/2 116/3 115/4
g curved_gold_shaft
f 100/1 101/2 117/3 116/4
g curved_gold_shaft
f 101/1 102/2 118/3 117/4
g curved_gold_shaft
f 102/1 103/2 119/3 118/4
g curved_gold_shaft
f 103/1 104/2 120/3 119/4
g curved_gold_shaft
f 104/1 105/2 121/3 120/4
g curved_gold_shaft
f 105/1 106/2 122/3 121/4
g curved_gold_shaft
f 106/1 107/2 123/3 122/4
g curved_gold_shaft
f 107/1 108/2 124/3 123/4
g curved_gold_shaft
f 108/1 109/2 125/3 124/4
g curved_gold_shaft
f 109/1 110/2 126/3 125/4
g curved_gold_shaft
f 110/1 111/2 127/3 126/4
g curved_gold_shaft
f 111/1 112/2 128/3 127/4
g curved_gold_shaft
f 112/1 98/2 114/3 128/4
g curved_gold_shaft
f 114/1 113/2 129/3 130/4
g curved_gold_shaft
f 113/1 115/2 131/3 129/4
g curved_gold_shaft
f 115/1 116/2 132/3 131/4
g curved_gold_shaft
f 116/1 117/2 133/3 132/4
g curved_gold_shaft
f 117/1 118/2 134/3 133/4
g curved_gold_shaft
f 118/1 119/2 135/3 134/4
g curved_gold_shaft
f 119/1 120/2 136/3 135/4
g curved_gold_shaft
f 120/1 121/2 137/3 136/4
g curved_gold_shaft
f 121/1 122/2 138/3 137/4
g curved_gold_shaft
f 122/1 123/2 139/3 138/4
g curved_gold_shaft
f 123/1 124/2 140/3 139/4
g curved_gold_shaft
f 124/1 125/2 141/3 140/4
g curved_gold_shaft
f 125/1 126/2 142/3 141/4
g curved_gold_shaft
f 126/1 127/2 143/3 142/4
g curved_gold_shaft
f 127/1 128/2 144/3 143/4
g curved_gold_shaft
f 128/1 114/2 130/3 144/4
g curved_gold_shaft
f 130/1 129/2 145/3 146/4
g curved_gold_shaft
f 129/1 131/2 147/3 145/4
g curved_gold_shaft
f 131/1 132/2 148/3 147/4
g curved_gold_shaft
f 132/1 133/2 149/3 148/4
g curved_gold_shaft
f 133/1 134/2 150/3 149/4
g curved_gold_shaft
f 134/1 135/2 151/3 150/4
g curved_gold_shaft
f 135/1 136/2 152/3 151/4
g curved_gold_shaft
f 136/1 137/2 153/3 152/4
g curved_gold_shaft
f 137/1 138/2 154/3 153/4
g curved_gold_shaft
f 138/1 139/2 155/3 154/4
g curved_gold_shaft
f 139/1 140/2 156/3 155/4
g curved_gold_shaft
f 140/1 141/2 157/3 156/4
g curved_gold_shaft
f 141/1 142/2 158/3 157/4
g curved_gold_shaft
f 142/1 143/2 159/3 158/4
g curved_gold_shaft
f 143/1 144/2 160/3 159/4
g curved_gold_shaft
f 144/1 130/2 146/3 160/4
g curved_gold_shaft
f 146/1 145/2 161/3 162/4
g curved_gold_shaft
f 145/1 147/2 163/3 161/4
g curved_gold_shaft
f 147/1 148/2 164/3 163/4
g curved_gold_shaft
f 148/1 149/2 165/3 164/4
g curved_gold_shaft
f 149/1 150/2 166/3 165/4
g curved_gold_shaft
f 150/1 151/2 167/3 166/4
g curved_gold_shaft
f 151/1 152/2 168/3 167/4
g curved_gold_shaft
f 152/1 153/2 169/3 168/4
g curved_gold_shaft
f 153/1 154/2 170/3 169/4
g curved_gold_shaft
f 154/1 155/2 171/3 170/4
g curved_gold_shaft
f 155/1 156/2 172/3 171/4
g curved_gold_shaft
f 156/1 157/2 173/3 172/4
g curved_gold_shaft
f 157/1 158/2 174/3 173/4
g curved_gold_shaft
f 158/1 159/2 175/3 174/4
g curved_gold_shaft
f 159/1 160/2 176/3 175/4
g curved_gold_shaft
f 160/1 146/2 162/3 176/4
g curved_gold_shaft
f 162/1 161/2 177/3 178/4
g curved_gold_shaft
f 161/1 163/2 179/3 177/4
g curved_gold_shaft
f 163/1 164/2 180/3 179/4
g curved_gold_shaft
f 164/1 165/2 181/3 180/4
g curved_gold_shaft
f 165/1 166/2 182/3 181/4
g curved_gold_shaft
f 166/1 167/2 183/3 182/4
g curved_gold_shaft
f 167/1 168/2 184/3 183/4
g curved_gold_shaft
f 168/1 169/2 185/3 184/4
g curved_gold_shaft
f 169/1 170/2 186/3 185/4
g curved_gold_shaft
f 170/1 171/2 187/3 186/4
g curved_gold_shaft
f 171/1 172/2 188/3 187/4
g curved_gold_shaft
f 172/1 173/2 189/3 188/4
g curved_gold_shaft
f 173/1 174/2 190/3 189/4
g curved_gold_shaft
f 174/1 175/2 191/3 190/4
g curved_gold_shaft
f 175/1 176/2 192/3 191/4
g curved_gold_shaft
f 176/1 162/2 178/3 192/4
g curved_gold_shaft
f 178/1 177/2 193/3 194/4
g curved_gold_shaft
f 177/1 179/2 195/3 193/4
g curved_gold_shaft
f 179/1 180/2 196/3 195/4
g curved_gold_shaft
f 180/1 181/2 197/3 196/4
g curved_gold_shaft
f 181/1 182/2 198/3 197/4
g curved_gold_shaft
f 182/1 183/2 199/3 198/4
g curved_gold_shaft
f 183/1 184/2 200/3 199/4
g curved_gold_shaft
f 184/1 185/2 201/3 200/4
g curved_gold_shaft
f 185/1 186/2 202/3 201/4
g curved_gold_shaft
f 186/1 187/2 203/3 202/4
g curved_gold_shaft
f 187/1 188/2 204/3 203/4
g curved_gold_shaft
f 188/1 189/2 205/3 204/4
g curved_gold_shaft
f 189/1 190/2 206/3 205/4
g curved_gold_shaft
f 190/1 191/2 207/3 206/4
g curved_gold_shaft
f 191/1 192/2 208/3 207/4
g curved_gold_shaft
f 192/1 178/2 194/3 208/4
g curved_gold_shaft
f 194/1 193/2 209/3 210/4
g curved_gold_shaft
f 193/1 195/2 211/3 209/4
g curved_gold_shaft
f 195/1 196/2 212/3 211/4
g curved_gold_shaft
f 196/1 197/2 213/3 212/4
g curved_gold_shaft
f 197/1 198/2 214/3 213/4
g curved_gold_shaft
f 198/1 199/2 215/3 214/4
g curved_gold_shaft
f 199/1 200/2 216/3 215/4
g curved_gold_shaft
f 200/1 201/2 217/3 216/4
g curved_gold_shaft
f 201/1 202/2 218/3 217/4
g curved_gold_shaft
f 202/1 203/2 219/3 218/4
g curved_gold_shaft
f 203/1 204/2 220/3 219/4
g curved_gold_shaft
f 204/1 205/2 221/3 220/4
g curved_gold_shaft
f 205/1 206/2 222/3 221/4
g curved_gold_shaft
f 206/1 207/2 223/3 222/4
g curved_gold_shaft
f 207/1 208/2 224/3 223/4
g curved_gold_shaft
f 208/1 194/2 210/3 224/4
g curved_gold_shaft
f 210/1 209/2 225/3 226/4
g curved_gold_shaft
f 209/1 211/2 227/3 225/4
g curved_gold_shaft
f 211/1 212/2 228/3 227/4
g curved_gold_shaft
f 212/1 213/2 229/3 228/4
g curved_gold_shaft
f 213/1 214/2 230/3 229/4
g curved_gold_shaft
f 214/1 215/2 231/3 230/4
g curved_gold_shaft
f 215/1 216/2 232/3 231/4
g curved_gold_shaft
f 216/1 217/2 233/3 232/4
g curved_gold_shaft
f 217/1 218/2 234/3 233/4
g curved_gold_shaft
f 218/1 219/2 235/3 234/4
g curved_gold_shaft
f 219/1 220/2 236/3 235/4
g curved_gold_shaft
f 220/1 221/2 237/3 236/4
g curved_gold_shaft
f 221/1 222/2 238/3 237/4
g curved_gold_shaft
f 222/1 223/2 239/3 238/4
g curved_gold_shaft
f 223/1 224/2 240/3 239/4
g curved_gold_shaft
f 224/1 210/2 226/3 240/4
g curved_gold_shaft
f 226/1 225/2 241/3 242/4
g curved_gold_shaft
f 225/1 227/2 243/3 241/4
g curved_gold_shaft
f 227/1 228/2 244/3 243/4
g curved_gold_shaft
f 228/1 229/2 245/3 244/4
g curved_gold_shaft
f 229/1 230/2 246/3 245/4
g curved_gold_shaft
f 230/1 231/2 247/3 246/4
g curved_gold_shaft
f 231/1 232/2 248/3 247/4
g curved_gold_shaft
f 232/1 233/2 249/3 248/4
g curved_gold_shaft
f 233/1 234/2 250/3 249/4
g curved_gold_shaft
f 234/1 235/2 251/3 250/4
g curved_gold_shaft
f 235/1 236/2 252/3 251/4
g curved_gold_shaft
f 236/1 237/2 253/3 252/4
g curved_gold_shaft
f 237/1 238/2 254/3 253/4
g curved_gold_shaft
f 238/1 239/2 255/3 254/4
g curved_gold_shaft
f 239/1 240/2 256/3 255/4
g curved_gold_shaft
f 240/1 226/2 242/3 256/4
g curved_gold_shaft
f 242/1 241/2 257/3 258/4
g curved_gold_shaft
f 241/1 243/2 259/3 257/4
g curved_gold_shaft
f 243/1 244/2 260/3 259/4
g curved_gold_shaft
f 244/1 245/2 261/3 260/4
g curved_gold_shaft
f 245/1 246/2 262/3 261/4
g curved_gold_shaft
f 246/1 247/2 263/3 262/4
g curved_gold_shaft
f 247/1 248/2 264/3 263/4
g curved_gold_shaft
f 248/1 249/2 265/3 264/4
g curved_gold_shaft
f 249/1 250/2 266/3 265/4
g curved_gold_shaft
f 250/1 251/2 267/3 266/4
g curved_gold_shaft
f 251/1 252/2 268/3 267/4
g curved_gold_shaft
f 252/1 253/2 269/3 268/4
g curved_gold_shaft
f 253/1 254/2 270/3 269/4
g curved_gold_shaft
f 254/1 255/2 271/3 270/4
g curved_gold_shaft
f 255/1 256/2 272/3 271/4
g curved_gold_shaft
f 256/1 242/2 258/3 272/4
g curved_gold_shaft
f 258/1 257/2 273/3 274/4
g curved_gold_shaft
f 257/1 259/2 275/3 273/4
g curved_gold_shaft
f 259/1 260/2 276/3 275/4
g curved_gold_shaft
f 260/1 261/2 277/3 276/4
g curved_gold_shaft
f 261/1 262/2 278/3 277/4
g curved_gold_shaft
f 262/1 263/2 279/3 278/4
g curved_gold_shaft
f 263/1 264/2 280/3 279/4
g curved_gold_shaft
f 264/1 265/2 281/3 280/4
g curved_gold_shaft
f 265/1 266/2 282/3 281/4
g curved_gold_shaft
f 266/1 267/2 283/3 282/4
g curved_gold_shaft
f 267/1 268/2 284/3 283/4
g curved_gold_shaft
f 268/1 269/2 285/3 284/4
g curved_gold_shaft
f 269/1 270/2 286/3 285/4
g curved_gold_shaft
f 270/1 271/2 287/3 286/4
g curved_gold_shaft
f 271/1 272/2 288/3 287/4
g curved_gold_shaft
f 272/1 258/2 274/3 288/4
g curved_gold_shaft
f 274/1 273/2 289/3 290/4
g curved_gold_shaft
f 273/1 275/2 291/3 289/4
g curved_gold_shaft
f 275/1 276/2 292/3 291/4
g curved_gold_shaft
f 276/1 277/2 293/3 292/4
g curved_gold_shaft
f 277/1 278/2 294/3 293/4
g curved_gold_shaft
f 278/1 279/2 295/3 294/4
g curved_gold_shaft
f 279/1 280/2 296/3 295/4
g curved_gold_shaft
f 280/1 281/2 297/3 296/4
g curved_gold_shaft
f 281/1 282/2 298/3 297/4
g curved_gold_shaft
f 282/1 283/2 299/3 298/4
g curved_gold_shaft
f 283/1 284/2 300/3 299/4
g curved_gold_shaft
f 284/1 285/2 301/3 300/4
g curved_gold_shaft
f 285/1 286/2 302/3 301/4
g curved_gold_shaft
f 286/1 287/2 303/3 302/4
g curved_gold_shaft
f 287/1 288/2 304/3 303/4
g curved_gold_shaft
f 288/1 274/2 290/3 304/4
g curved_gold_shaft
f 290/1 289/2 305/3 306/4
g curved_gold_shaft
f 289/1 291/2 307/3 305/4
g curved_gold_shaft
f 291/1 292/2 308/3 307/4
g curved_gold_shaft
f 292/1 293/2 309/3 308/4
g curved_gold_shaft
f 293/1 294/2 310/3 309/4
g curved_gold_shaft
f 294/1 295/2 311/3 310/4
g curved_gold_shaft
f 295/1 296/2 312/3 311/4
g curved_gold_shaft
f 296/1 297/2 313/3 312/4
g curved_gold_shaft
f 297/1 298/2 314/3 313/4
g curved_gold_shaft
f 298/1 299/2 315/3 314/4
g curved_gold_shaft
f 299/1 300/2 316/3 315/4
g curved_gold_shaft
f 300/1 301/2 317/3 316/4
g curved_gold_shaft
f 301/1 302/2 318/3 317/4
g curved_gold_shaft
f 302/1 303/2 319/3 318/4
g curved_gold_shaft
f 303/1 304/2 320/3 319/4
g curved_gold_shaft
f 304/1 290/2 306/3 320/4
g curved_gold_shaft
f 306/1 305/2 321/3 322/4
g curved_gold_shaft
f 305/1 307/2 323/3 321/4
g curved_gold_shaft
f 307/1 308/2 324/3 323/4
g curved_gold_shaft
f 308/1 309/2 325/3 324/4
g curved_gold_shaft
f 309/1 310/2 326/3 325/4
g curved_gold_shaft
f 310/1 311/2 327/3 326/4
g curved_gold_shaft
f 311/1 312/2 328/3 327/4
g curved_gold_shaft
f 312/1 313/2 329/3 328/4
g curved_gold_shaft
f 313/1 314/2 330/3 329/4
g curved_gold_shaft
f 314/1 315/2 331/3 330/4
g curved_gold_shaft
f 315/1 316/2 332/3 331/4
g curved_gold_shaft
f 316/1 317/2 333/3 332/4
g curved_gold_shaft
f 317/1 318/2 334/3 333/4
g curved_gold_shaft
f 318/1 319/2 335/3 334/4
g curved_gold_shaft
f 319/1 320/2 336/3 335/4
g curved_gold_shaft
f 320/1 306/2 322/3 336/4
g curved_gold_shaft
f 322/1 321/2 337/3 338/4
g curved_gold_shaft
f 321/1 323/2 339/3 337/4
g curved_gold_shaft
f 323/1 324/2 340/3 339/4
g curved_gold_shaft
f 324/1 325/2 341/3 340/4
g curved_gold_shaft
f 325/1 326/2 342/3 341/4
g curved_gold_shaft
f 326/1 327/2 343/3 342/4
g curved_gold_shaft
f 327/1 328/2 344/3 343/4
g curved_gold_shaft
f 328/1 329/2 345/3 344/4
g curved_gold_shaft
f 329/1 330/2 346/3 345/4
g curved_gold_shaft
f 330/1 331/2 347/3 346/4
g curved_gold_shaft
f 331/1 332/2 348/3 347/4
g curved_gold_shaft
f 332/1 333/2 349/3 348/4
g curved_gold_shaft
f 333/1 334/2 350/3 349/4
g curved_gold_shaft
f 334/1 335/2 351/3 350/4
g curved_gold_shaft
f 335/1 336/2 352/3 351/4
g curved_gold_shaft
f 336/1 322/2 338/3 352/4
g curved_gold_shaft
f 338/1 337/2 353/3 354/4
g curved_gold_shaft
f 337/1 339/2 355/3 353/4
g curved_gold_shaft
f 339/1 340/2 356/3 355/4
g curved_gold_shaft
f 340/1 341/2 357/3 356/4
g curved_gold_shaft
f 341/1 342/2 358/3 357/4
g curved_gold_shaft
f 342/1 343/2 359/3 358/4
g curved_gold_shaft
f 343/1 344/2 360/3 359/4
g curved_gold_shaft
f 344/1 345/2 361/3 360/4
g curved_gold_shaft
f 345/1 346/2 362/3 361/4
g curved_gold_shaft
f 346/1 347/2 363/3 362/4
g curved_gold_shaft
f 347/1 348/2 364/3 363/4
g curved_gold_shaft
f 348/1 349/2 365/3 364/4
g curved_gold_shaft
f 349/1 350/2 366/3 365/4
g curved_gold_shaft
f 350/1 351/2 367/3 366/4
g curved_gold_shaft
f 351/1 352/2 368/3 367/4
g curved_gold_shaft
f 352/1 338/2 354/3 368/4
g curved_gold_shaft
f 354/1 353/2 369/3 370/4
g curved_gold_shaft
f 353/1 355/2 371/3 369/4
g curved_gold_shaft
f 355/1 356/2 372/3 371/4
g curved_gold_shaft
f 356/1 357/2 373/3 372/4
g curved_gold_shaft
f 357/1 358/2 374/3 373/4
g curved_gold_shaft
f 358/1 359/2 375/3 374/4
g curved_gold_shaft
f 359/1 360/2 376/3 375/4
g curved_gold_shaft
f 360/1 361/2 377/3 376/4
g curved_gold_shaft
f 361/1 362/2 378/3 377/4
g curved_gold_shaft
f 362/1 363/2 379/3 378/4
g curved_gold_shaft
f 363/1 364/2 380/3 379/4
g curved_gold_shaft
f 364/1 365/2 381/3 380/4
g curved_gold_shaft
f 365/1 366/2 382/3 381/4
g curved_gold_shaft
f 366/1 367/2 383/3 382/4
g curved_gold_shaft
f 367/1 368/2 384/3 383/4
g curved_gold_shaft
f 368/1 354/2 370/3 384/4
g curved_gold_shaft
f 370/1 369/2 385/3 386/4
g curved_gold_shaft
f 369/1 371/2 387/3 385/4
g curved_gold_shaft
f 371/1 372/2 388/3 387/4
g curved_gold_shaft
f 372/1 373/2 389/3 388/4
g curved_gold_shaft
f 373/1 374/2 390/3 389/4
g curved_gold_shaft
f 374/1 375/2 391/3 390/4
g curved_gold_shaft
f 375/1 376/2 392/3 391/4
g curved_gold_shaft
f 376/1 377/2 393/3 392/4
g curved_gold_shaft
f 377/1 378/2 394/3 393/4
g curved_gold_shaft
f 378/1 379/2 395/3 394/4
g curved_gold_shaft
f 379/1 380/2 396/3 395/4
g curved_gold_shaft
f 380/1 381/2 397/3 396/4
g curved_gold_shaft
f 381/1 382/2 398/3 397/4
g curved_gold_shaft
f 382/1 383/2 399/3 398/4
g curved_gold_shaft
f 383/1 384/2 400/3 399/4
g curved_gold_shaft
f 384/1 370/2 386/3 400/4
g curved_gold_shaft
f 386/1 385/2 401/3 402/4
g curved_gold_shaft
f 385/1 387/2 403/3 401/4
g curved_gold_shaft
f 387/1 388/2 404/3 403/4
g curved_gold_shaft
f 388/1 389/2 405/3 404/4
g curved_gold_shaft
f 389/1 390/2 406/3 405/4
g curved_gold_shaft
f 390/1 391/2 407/3 406/4
g curved_gold_shaft
f 391/1 392/2 408/3 407/4
g curved_gold_shaft
f 392/1 393/2 409/3 408/4
g curved_gold_shaft
f 393/1 394/2 410/3 409/4
g curved_gold_shaft
f 394/1 395/2 411/3 410/4
g curved_gold_shaft
f 395/1 396/2 412/3 411/4
g curved_gold_shaft
f 396/1 397/2 413/3 412/4
g curved_gold_shaft
f 397/1 398/2 414/3 413/4
g curved_gold_shaft
f 398/1 399/2 415/3 414/4
g curved_gold_shaft
f 399/1 400/2 416/3 415/4
g curved_gold_shaft
f 400/1 386/2 402/3 416/4
g curved_gold_shaft
f 402/1 401/2 417/3 418/4
g curved_gold_shaft
f 401/1 403/2 419/3 417/4
g curved_gold_shaft
f 403/1 404/2 420/3 419/4
g curved_gold_shaft
f 404/1 405/2 421/3 420/4
g curved_gold_shaft
f 405/1 406/2 422/3 421/4
g curved_gold_shaft
f 406/1 407/2 423/3 422/4
g curved_gold_shaft
f 407/1 408/2 424/3 423/4
g curved_gold_shaft
f 408/1 409/2 425/3 424/4
g curved_gold_shaft
f 409/1 410/2 426/3 425/4
g curved_gold_shaft
f 410/1 411/2 427/3 426/4
g curved_gold_shaft
f 411/1 412/2 428/3 427/4
g curved_gold_shaft
f 412/1 413/2 429/3 428/4
g curved_gold_shaft
f 413/1 414/2 430/3 429/4
g curved_gold_shaft
f 414/1 415/2 431/3 430/4
g curved_gold_shaft
f 415/1 416/2 432/3 431/4
g curved_gold_shaft
f 416/1 402/2 418/3 432/4
g curved_gold_shaft
f 418/1 417/2 433/3 434/4
g curved_gold_shaft
f 417/1 419/2 435/3 433/4
g curved_gold_shaft
f 419/1 420/2 436/3 435/4
g curved_gold_shaft
f 420/1 421/2 437/3 436/4
g curved_gold_shaft
f 421/1 422/2 438/3 437/4
g curved_gold_shaft
f 422/1 423/2 439/3 438/4
g curved_gold_shaft
f 423/1 424/2 440/3 439/4
g curved_gold_shaft
f 424/1 425/2 441/3 440/4
g curved_gold_shaft
f 425/1 426/2 442/3 441/4
g curved_gold_shaft
f 426/1 427/2 443/3 442/4
g curved_gold_shaft
f 427/1 428/2 444/3 443/4
g curved_gold_shaft
f 428/1 429/2 445/3 444/4
g curved_gold_shaft
f 429/1 430/2 446/3 445/4
g curved_gold_shaft
f 430/1 431/2 447/3 446/4
g curved_gold_shaft
f 431/1 432/2 448/3 447/4
g curved_gold_shaft
f 432/1 418/2 434/3 448/4
g curved_gold_shaft
f 434/1 433/2 449/3 450/4
g curved_gold_shaft
f 433/1 435/2 451/3 449/4
g curved_gold_shaft
f 435/1 436/2 452/3 451/4
g curved_gold_shaft
f 436/1 437/2 453/3 452/4
g curved_gold_shaft
f 437/1 438/2 454/3 453/4
g curved_gold_shaft
f 438/1 439/2 455/3 454/4
g curved_gold_shaft
f 439/1 440/2 456/3 455/4
g curved_gold_shaft
f 440/1 441/2 457/3 456/4
g curved_gold_shaft
f 441/1 442/2 458/3 457/4
g curved_gold_shaft
f 442/1 443/2 459/3 458/4
g curved_gold_shaft
f 443/1 444/2 460/3 459/4
g curved_gold_shaft
f 444/1 445/2 461/3 460/4
g curved_gold_shaft
f 445/1 446/2 462/3 461/4
g curved_gold_shaft
f 446/1 447/2 463/3 462/4
g curved_gold_shaft
f 447/1 448/2 464/3 463/4
g curved_gold_shaft
f 448/1 434/2 450/3 464/4
g curved_gold_shaft
f 450/1 449/2 465/3 466/4
g curved_gold_shaft
f 449/1 451/2 467/3 465/4
g curved_gold_shaft
f 451/1 452/2 468/3 467/4
g curved_gold_shaft
f 452/1 453/2 469/3 468/4
g curved_gold_shaft
f 453/1 454/2 470/3 469/4
g curved_gold_shaft
f 454/1 455/2 471/3 470/4
g curved_gold_shaft
f 455/1 456/2 472/3 471/4
g curved_gold_shaft
f 456/1 457/2 473/3 472/4
g curved_gold_shaft
f 457/1 458/2 474/3 473/4
g curved_gold_shaft
f 458/1 459/2 475/3 474/4
g curved_gold_shaft
f 459/1 460/2 476/3 475/4
g curved_gold_shaft
f 460/1 461/2 477/3 476/4
g curved_gold_shaft
f 461/1 462/2 478/3 477/4
g curved_gold_shaft
f 462/1 463/2 479/3 478/4
g curved_gold_shaft
f 463/1 464/2 480/3 479/4
g curved_gold_shaft
f 464/1 450/2 466/3 480/4
g curved_gold_shaft
f 466/1 465/2 481/3 482/4
g curved_gold_shaft
f 465/1 467/2 483/3 481/4
g curved_gold_shaft
f 467/1 468/2 484/3 483/4
g curved_gold_shaft
f 468/1 469/2 485/3 484/4
g curved_gold_shaft
f 469/1 470/2 486/3 485/4
g curved_gold_shaft
f 470/1 471/2 487/3 486/4
g curved_gold_shaft
f 471/1 472/2 488/3 487/4
g curved_gold_shaft
f 472/1 473/2 489/3 488/4
g curved_gold_shaft
f 473/1 474/2 490/3 489/4
g curved_gold_shaft
f 474/1 475/2 491/3 490/4
g curved_gold_shaft
f 475/1 476/2 492/3 491/4
g curved_gold_shaft
f 476/1 477/2 493/3 492/4
g curved_gold_shaft
f 477/1 478/2 494/3 493/4
g curved_gold_shaft
f 478/1 479/2 495/3 494/4
g curved_gold_shaft
f 479/1 480/2 496/3 495/4
g curved_gold_shaft
f 480/1 466/2 482/3 496/4
g curved_gold_shaft
f 482/1 481/2 497/3 498/4
g curved_gold_shaft
f 481/1 483/2 499/3 497/4
g curved_gold_shaft
f 483/1 484/2 500/3 499/4
g curved_gold_shaft
f 484/1 485/2 501/3 500/4
g curved_gold_shaft
f 485/1 486/2 502/3 501/4
g curved_gold_shaft
f 486/1 487/2 503/3 502/4
g curved_gold_shaft
f 487/1 488/2 504/3 503/4
g curved_gold_shaft
f 488/1 489/2 505/3 504/4
g curved_gold_shaft
f 489/1 490/2 506/3 505/4
g curved_gold_shaft
f 490/1 491/2 507/3 506/4
g curved_gold_shaft
f 491/1 492/2 508/3 507/4
g curved_gold_shaft
f 492/1 493/2 509/3 508/4
g curved_gold_shaft
f 493/1 494/2 510/3 509/4
g curved_gold_shaft
f 494/1 495/2 511/3 510/4
g curved_gold_shaft
f 495/1 496/2 512/3 511/4
g curved_gold_shaft
f 496/1 482/2 498/3 512/4
g curved_gold_shaft
f 498/1 497/2 513/3 514/4
g curved_gold_shaft
f 497/1 499/2 515/3 513/4
g curved_gold_shaft
f 499/1 500/2 516/3 515/4
g curved_gold_shaft
f 500/1 501/2 517/3 516/4
g curved_gold_shaft
f 501/1 502/2 518/3 517/4
g curved_gold_shaft
f 502/1 503/2 519/3 518/4
g curved_gold_shaft
f 503/1 504/2 520/3 519/4
g curved_gold_shaft
f 504/1 505/2 521/3 520/4
g curved_gold_shaft
f 505/1 506/2 522/3 521/4
g curved_gold_shaft
f 506/1 507/2 523/3 522/4
g curved_gold_shaft
f 507/1 508/2 524/3 523/4
g curved_gold_shaft
f 508/1 509/2 525/3 524/4
g curved_gold_shaft
f 509/1 510/2 526/3 525/4
g curved_gold_shaft
f 510/1 511/2 527/3 526/4
g curved_gold_shaft
f 511/1 512/2 528/3 527/4
g curved_gold_shaft
f 512/1 498/2 514/3 528/4
g curved_gold_shaft
f 514/1 513/2 529/3 530/4
g curved_gold_shaft
f 513/1 515/2 531/3 529/4
g curved_gold_shaft
f 515/1 516/2 532/3 531/4
g curved_gold_shaft
f 516/1 517/2 533/3 532/4
g curved_gold_shaft
f 517/1 518/2 534/3 533/4
g curved_gold_shaft
f 518/1 519/2 535/3 534/4
g curved_gold_shaft
f 519/1 520/2 536/3 535/4
g curved_gold_shaft
f 520/1 521/2 537/3 536/4
g curved_gold_shaft
f 521/1 522/2 538/3 537/4
g curved_gold_shaft
f 522/1 523/2 539/3 538/4
g curved_gold_shaft
f 523/1 524/2 540/3 539/4
g curved_gold_shaft
f 524/1 525/2 541/3 540/4
g curved_gold_shaft
f 525/1 526/2 542/3 541/4
g curved_gold_shaft
f 526/1 527/2 543/3 542/4
g curved_gold_shaft
f 527/1 528/2 544/3 543/4
g curved_gold_shaft
f 528/1 514/2 530/3 544/4
g curved_gold_shaft
f 530/1 529/2 545/3 546/4
g curved_gold_shaft
f 529/1 531/2 547/3 545/4
g curved_gold_shaft
f 531/1 532/2 548/3 547/4
g curved_gold_shaft
f 532/1 533/2 549/3 548/4
g curved_gold_shaft
f 533/1 534/2 550/3 549/4
g curved_gold_shaft
f 534/1 535/2 551/3 550/4
g curved_gold_shaft
f 535/1 536/2 552/3 551/4
g curved_gold_shaft
f 536/1 537/2 553/3 552/4
g curved_gold_shaft
f 537/1 538/2 554/3 553/4
g curved_gold_shaft
f 538/1 539/2 555/3 554/4
g curved_gold_shaft
f 539/1 540/2 556/3 555/4
g curved_gold_shaft
f 540/1 541/2 557/3 556/4
g curved_gold_shaft
f 541/1 542/2 558/3 557/4
g curved_gold_shaft
f 542/1 543/2 559/3 558/4
g curved_gold_shaft
f 543/1 544/2 560/3 559/4
g curved_gold_shaft
f 544/1 530/2 546/3 560/4
g curved_gold_shaft
f 546/1 545/2 561/3 562/4
g curved_gold_shaft
f 545/1 547/2 563/3 561/4
g curved_gold_shaft
f 547/1 548/2 564/3 563/4
g curved_gold_shaft
f 548/1 549/2 565/3 564/4
g curved_gold_shaft
f 549/1 550/2 566/3 565/4
g curved_gold_shaft
f 550/1 551/2 567/3 566/4
g curved_gold_shaft
f 551/1 552/2 568/3 567/4
g curved_gold_shaft
f 552/1 553/2 569/3 568/4
g curved_gold_shaft
f 553/1 554/2 570/3 569/4
g curved_gold_shaft
f 554/1 555/2 571/3 570/4
g curved_gold_shaft
f 555/1 556/2 572/3 571/4
g curved_gold_shaft
f 556/1 557/2 573/3 572/4
g curved_gold_shaft
f 557/1 558/2 574/3 573/4
g curved_gold_shaft
f 558/1 559/2 575/3 574/4
g curved_gold_shaft
f 559/1 560/2 576/3 575/4
g curved_gold_shaft
f 560/1 546/2 562/3 576/4
g curved_gold_shaft
f 562/1 561/2 577/3 578/4
g curved_gold_shaft
f 561/1 563/2 579/3 577/4
g curved_gold_shaft
f 563/1 564/2 580/3 579/4
g curved_gold_shaft
f 564/1 565/2 581/3 580/4
g curved_gold_shaft
f 565/1 566/2 582/3 581/4
g curved_gold_shaft
f 566/1 567/2 583/3 582/4
g curved_gold_shaft
f 567/1 568/2 584/3 583/4
g curved_gold_shaft
f 568/1 569/2 585/3 584/4
g curved_gold_shaft
f 569/1 570/2 586/3 585/4
g curved_gold_shaft
f 570/1 571/2 587/3 586/4
g curved_gold_shaft
f 571/1 572/2 588/3 587/4
g curved_gold_shaft
f 572/1 573/2 589/3 588/4
g curved_gold_shaft
f 573/1 574/2 590/3 589/4
g curved_gold_shaft
f 574/1 575/2 591/3 590/4
g curved_gold_shaft
f 575/1 576/2 592/3 591/4
g curved_gold_shaft
f 576/1 562/2 578/3 592/4
g curved_gold_shaft
f 578/1 577/2 593/3 594/4
g curved_gold_shaft
f 577/1 579/2 595/3 593/4
g curved_gold_shaft
f 579/1 580/2 596/3 595/4
g curved_gold_shaft
f 580/1 581/2 597/3 596/4
g curved_gold_shaft
f 581/1 582/2 598/3 597/4
g curved_gold_shaft
f 582/1 583/2 599/3 598/4
g curved_gold_shaft
f 583/1 584/2 600/3 599/4
g curved_gold_shaft
f 584/1 585/2 601/3 600/4
g curved_gold_shaft
f 585/1 586/2 602/3 601/4
g curved_gold_shaft
f 586/1 587/2 603/3 602/4
g curved_gold_shaft
f 587/1 588/2 604/3 603/4
g curved_gold_shaft
f 588/1 589/2 605/3 604/4
g curved_gold_shaft
f 589/1 590/2 606/3 605/4
g curved_gold_shaft
f 590/1 591/2 607/3 606/4
g curved_gold_shaft
f 591/1 592/2 608/3 607/4
g curved_gold_shaft
f 592/1 578/2 594/3 608/4
g curved_gold_shaft
f 594/1 593/2 609/3 610/4
g curved_gold_shaft
f 593/1 595/2 611/3 609/4
g curved_gold_shaft
f 595/1 596/2 612/3 611/4
g curved_gold_shaft
f 596/1 597/2 613/3 612/4
g curved_gold_shaft
f 597/1 598/2 614/3 613/4
g curved_gold_shaft
f 598/1 599/2 615/3 614/4
g curved_gold_shaft
f 599/1 600/2 616/3 615/4
g curved_gold_shaft
f 600/1 601/2 617/3 616/4
g curved_gold_shaft
f 601/1 602/2 618/3 617/4
g curved_gold_shaft
f 602/1 603/2 619/3 618/4
g curved_gold_shaft
f 603/1 604/2 620/3 619/4
g curved_gold_shaft
f 604/1 605/2 621/3 620/4
g curved_gold_shaft
f 605/1 606/2 622/3 621/4
g curved_gold_shaft
f 606/1 607/2 623/3 622/4
g curved_gold_shaft
f 607/1 608/2 624/3 623/4
g curved_gold_shaft
f 608/1 594/2 610/3 624/4
g curved_gold_shaft
f 610/1 609/2 625/3 626/4
g curved_gold_shaft
f 609/1 611/2 627/3 625/4
g curved_gold_shaft
f 611/1 612/2 628/3 627/4
g curved_gold_shaft
f 612/1 613/2 629/3 628/4
g curved_gold_shaft
f 613/1 614/2 630/3 629/4
g curved_gold_shaft
f 614/1 615/2 631/3 630/4
g curved_gold_shaft
f 615/1 616/2 632/3 631/4
g curved_gold_shaft
f 616/1 617/2 633/3 632/4
g curved_gold_shaft
f 617/1 618/2 634/3 633/4
g curved_gold_shaft
f 618/1 619/2 635/3 634/4
g curved_gold_shaft
f 619/1 620/2 636/3 635/4
g curved_gold_shaft
f 620/1 621/2 637/3 636/4
g curved_gold_shaft
f 621/1 622/2 638/3 637/4
g curved_gold_shaft
f 622/1 623/2 639/3 638/4
g curved_gold_shaft
f 623/1 624/2 640/3 639/4
g curved_gold_shaft
f 624/1 610/2 626/3 640/4
g curved_gold_shaft
f 626/1 625/2 641/3 642/4
g curved_gold_shaft
f 625/1 627/2 643/3 641/4
g curved_gold_shaft
f 627/1 628/2 644/3 643/4
g curved_gold_shaft
f 628/1 629/2 645/3 644/4
g curved_gold_shaft
f 629/1 630/2 646/3 645/4
g curved_gold_shaft
f 630/1 631/2 647/3 646/4
g curved_gold_shaft
f 631/1 632/2 648/3 647/4
g curved_gold_shaft
f 632/1 633/2 649/3 648/4
g curved_gold_shaft
f 633/1 634/2 650/3 649/4
g curved_gold_shaft
f 634/1 635/2 651/3 650/4
g curved_gold_shaft
f 635/1 636/2 652/3 651/4
g curved_gold_shaft
f 636/1 637/2 653/3 652/4
g curved_gold_shaft
f 637/1 638/2 654/3 653/4
g curved_gold_shaft
f 638/1 639/2 655/3 654/4
g curved_gold_shaft
f 639/1 640/2 656/3 655/4
g curved_gold_shaft
f 640/1 626/2 642/3 656/4
g curved_gold_shaft
f 642/1 641/2 657/3 658/4
g curved_gold_shaft
f 641/1 643/2 659/3 657/4
g curved_gold_shaft
f 643/1 644/2 660/3 659/4
g curved_gold_shaft
f 644/1 645/2 661/3 660/4
g curved_gold_shaft
f 645/1 646/2 662/3 661/4
g curved_gold_shaft
f 646/1 647/2 663/3 662/4
g curved_gold_shaft
f 647/1 648/2 664/3 663/4
g curved_gold_shaft
f 648/1 649/2 665/3 664/4
g curved_gold_shaft
f 649/1 650/2 666/3 665/4
g curved_gold_shaft
f 650/1 651/2 667/3 666/4
g curved_gold_shaft
f 651/1 652/2 668/3 667/4
g curved_gold_shaft
f 652/1 653/2 669/3 668/4
g curved_gold_shaft
f 653/1 654/2 670/3 669/4
g curved_gold_shaft
f 654/1 655/2 671/3 670/4
g curved_gold_shaft
f 655/1 656/2 672/3 671/4
g curved_gold_shaft
f 656/1 642/2 658/3 672/4
g curved_gold_shaft
f 658/1 657/2 673/3 674/4
g curved_gold_shaft
f 657/1 659/2 675/3 673/4
g curved_gold_shaft
f 659/1 660/2 676/3 675/4
g curved_gold_shaft
f 660/1 661/2 677/3 676/4
g curved_gold_shaft
f 661/1 662/2 678/3 677/4
g curved_gold_shaft
f 662/1 663/2 679/3 678/4
g curved_gold_shaft
f 663/1 664/2 680/3 679/4
g curved_gold_shaft
f 664/1 665/2 681/3 680/4
g curved_gold_shaft
f 665/1 666/2 682/3 681/4
g curved_gold_shaft
f 666/1 667/2 683/3 682/4
g curved_gold_shaft
f 667/1 668/2 684/3 683/4
g curved_gold_shaft
f 668/1 669/2 685/3 684/4
g curved_gold_shaft
f 669/1 670/2 686/3 685/4
g curved_gold_shaft
f 670/1 671/2 687/3 686/4
g curved_gold_shaft
f 671/1 672/2 688/3 687/4
g curved_gold_shaft
f 672/1 658/2 674/3 688/4
g curved_gold_shaft
f 674/1 673/2 689/3 690/4
g curved_gold_shaft
f 673/1 675/2 691/3 689/4
g curved_gold_shaft
f 675/1 676/2 692/3 691/4
g curved_gold_shaft
f 676/1 677/2 693/3 692/4
g curved_gold_shaft
f 677/1 678/2 694/3 693/4
g curved_gold_shaft
f 678/1 679/2 695/3 694/4
g curved_gold_shaft
f 679/1 680/2 696/3 695/4
g curved_gold_shaft
f 680/1 681/2 697/3 696/4
g curved_gold_shaft
f 681/1 682/2 698/3 697/4
g curved_gold_shaft
f 682/1 683/2 699/3 698/4
g curved_gold_shaft
f 683/1 684/2 700/3 699/4
g curved_gold_shaft
f 684/1 685/2 701/3 700/4
g curved_gold_shaft
f 685/1 686/2 702/3 701/4
g curved_gold_shaft
f 686/1 687/2 703/3 702/4
g curved_gold_shaft
f 687/1 688/2 704/3 703/4
g curved_gold_shaft
f 688/1 674/2 690/3 704/4
g curved_gold_shaft
f 690/1 689/2 705/3 706/4
g curved_gold_shaft
f 689/1 691/2 707/3 705/4
g curved_gold_shaft
f 691/1 692/2 708/3 707/4
g curved_gold_shaft
f 692/1 693/2 709/3 708/4
g curved_gold_shaft
f 693/1 694/2 710/3 709/4
g curved_gold_shaft
f 694/1 695/2 711/3 710/4
g curved_gold_shaft
f 695/1 696/2 712/3 711/4
g curved_gold_shaft
f 696/1 697/2 713/3 712/4
g curved_gold_shaft
f 697/1 698/2 714/3 713/4
g curved_gold_shaft
f 698/1 699/2 715/3 714/4
g curved_gold_shaft
f 699/1 700/2 716/3 715/4
g curved_gold_shaft
f 700/1 701/2 717/3 716/4
g curved_gold_shaft
f 701/1 702/2 718/3 717/4
g curved_gold_shaft
f 702/1 703/2 719/3 718/4
g curved_gold_shaft
f 703/1 704/2 720/3 719/4
g curved_gold_shaft
f 704/1 690/2 706/3 720/4
g curved_gold_shaft
f 706/1 705/2 721/3 722/4
g curved_gold_shaft
f 705/1 707/2 723/3 721/4
g curved_gold_shaft
f 707/1 708/2 724/3 723/4
g curved_gold_shaft
f 708/1 709/2 725/3 724/4
g curved_gold_shaft
f 709/1 710/2 726/3 725/4
g curved_gold_shaft
f 710/1 711/2 727/3 726/4
g curved_gold_shaft
f 711/1 712/2 728/3 727/4
g curved_gold_shaft
f 712/1 713/2 729/3 728/4
g curved_gold_shaft
f 713/1 714/2 730/3 729/4
g curved_gold_shaft
f 714/1 715/2 731/3 730/4
g curved_gold_shaft
f 715/1 716/2 732/3 731/4
g curved_gold_shaft
f 716/1 717/2 733/3 732/4
g curved_gold_shaft
f 717/1 718/2 734/3 733/4
g curved_gold_shaft
f 718/1 719/2 735/3 734/4
g curved_gold_shaft
f 719/1 720/2 736/3 735/4
g curved_gold_shaft
f 720/1 706/2 722/3 736/4
g curved_gold_shaft
f 722/1 721/2 737/3 738/4
g curved_gold_shaft
f 721/1 723/2 739/3 737/4
g curved_gold_shaft
f 723/1 724/2 740/3 739/4
g curved_gold_shaft
f 724/1 725/2 741/3 740/4
g curved_gold_shaft
f 725/1 726/2 742/3 741/4
g curved_gold_shaft
f 726/1 727/2 743/3 742/4
g curved_gold_shaft
f 727/1 728/2 744/3 743/4
g curved_gold_shaft
f 728/1 729/2 745/3 744/4
g curved_gold_shaft
f 729/1 730/2 746/3 745/4
g curved_gold_shaft
f 730/1 731/2 747/3 746/4
g curved_gold_shaft
f 731/1 732/2 748/3 747/4
g curved_gold_shaft
f 732/1 733/2 749/3 748/4
g curved_gold_shaft
f 733/1 734/2 750/3 749/4
g curved_gold_shaft
f 734/1 735/2 751/3 750/4
g curved_gold_shaft
f 735/1 736/2 752/3 751/4
g curved_gold_shaft
f 736/1 722/2 738/3 752/4
g curved_gold_shaft
f 738/1 737/2 753/3 754/4
g curved_gold_shaft
f 737/1 739/2 755/3 753/4
g curved_gold_shaft
f 739/1 740/2 756/3 755/4
g curved_gold_shaft
f 740/1 741/2 757/3 756/4
g curved_gold_shaft
f 741/1 742/2 758/3 757/4
g curved_gold_shaft
f 742/1 743/2 759/3 758/4
g curved_gold_shaft
f 743/1 744/2 760/3 759/4
g curved_gold_shaft
f 744/1 745/2 761/3 760/4
g curved_gold_shaft
f 745/1 746/2 762/3 761/4
g curved_gold_shaft
f 746/1 747/2 763/3 762/4
g curved_gold_shaft
f 747/1 748/2 764/3 763/4
g curved_gold_shaft
f 748/1 749/2 765/3 764/4
g curved_gold_shaft
f 749/1 750/2 766/3 765/4
g curved_gold_shaft
f 750/1 751/2 767/3 766/4
g curved_gold_shaft
f 751/1 752/2 768/3 767/4
g curved_gold_shaft
f 752/1 738/2 754/3 768/4
g curved_gold_shaft
f 754/1 753/2 769/3 770/4
g curved_gold_shaft
f 753/1 755/2 771/3 769/4
g curved_gold_shaft
f 755/1 756/2 772/3 771/4
g curved_gold_shaft
f 756/1 757/2 773/3 772/4
g curved_gold_shaft
f 757/1 758/2 774/3 773/4
g curved_gold_shaft
f 758/1 759/2 775/3 774/4
g curved_gold_shaft
f 759/1 760/2 776/3 775/4
g curved_gold_shaft
f 760/1 761/2 777/3 776/4
g curved_gold_shaft
f 761/1 762/2 778/3 777/4
g curved_gold_shaft
f 762/1 763/2 779/3 778/4
g curved_gold_shaft
f 763/1 764/2 780/3 779/4
g curved_gold_shaft
f 764/1 765/2 781/3 780/4
g curved_gold_shaft
f 765/1 766/2 782/3 781/4
g curved_gold_shaft
f 766/1 767/2 783/3 782/4
g curved_gold_shaft
f 767/1 768/2 784/3 783/4
g curved_gold_shaft
f 768/1 754/2 770/3 784/4
g curved_gold_shaft
f 785/1 2/2 1/3 1/4
g curved_gold_shaft
f 785/1 5/2 2/3 2/4
g curved_gold_shaft
f 785/1 7/2 5/3 5/4
g curved_gold_shaft
f 785/1 9/2 7/3 7/4
g curved_gold_shaft
f 785/1 11/2 9/3 9/4
g curved_gold_shaft
f 785/1 13/2 11/3 11/4
g curved_gold_shaft
f 785/1 15/2 13/3 13/4
g curved_gold_shaft
f 785/1 17/2 15/3 15/4
g curved_gold_shaft
f 785/1 19/2 17/3 17/4
g curved_gold_shaft
f 785/1 21/2 19/3 19/4
g curved_gold_shaft
f 785/1 23/2 21/3 21/4
g curved_gold_shaft
f 785/1 25/2 23/3 23/4
g curved_gold_shaft
f 785/1 27/2 25/3 25/4
g curved_gold_shaft
f 785/1 29/2 27/3 27/4
g curved_gold_shaft
f 785/1 31/2 29/3 29/4
g curved_gold_shaft
f 785/1 1/2 31/3 31/4
g curved_gold_shaft
f 786/1 770/2 769/3 769/4
g curved_gold_shaft
f 786/1 769/2 771/3 771/4
g curved_gold_shaft
f 786/1 771/2 772/3 772/4
g curved_gold_shaft
f 786/1 772/2 773/3 773/4
g curved_gold_shaft
f 786/1 773/2 774/3 774/4
g curved_gold_shaft
f 786/1 774/2 775/3 775/4
g curved_gold_shaft
f 786/1 775/2 776/3 776/4
g curved_gold_shaft
f 786/1 776/2 777/3 777/4
g curved_gold_shaft
f 786/1 777/2 778/3 778/4
g curved_gold_shaft
f 786/1 778/2 779/3 779/4
g curved_gold_shaft
f 786/1 779/2 780/3 780/4
g curved_gold_shaft
f 786/1 780/2 781/3 781/4
g curved_gold_shaft
f 786/1 781/2 782/3 782/4
g curved_gold_shaft
f 786/1 782/2 783/3 783/4
g curved_gold_shaft
f 786/1 783/2 784/3 784/4
g curved_gold_shaft
f 786/1 784/2 770/3 770/4
g rounded_pommel
f 787/5 788/6 789/7 790/8
g rounded_pommel
f 788/5 791/6 792/7 789/8
g rounded_pommel
f 791/5 793/6 794/7 792/8
g rounded_pommel
f 793/5 795/6 796/7 794/8
g rounded_pommel
f 795/5 797/6 798/7 796/8
g rounded_pommel
f 797/5 799/6 800/7 798/8
g rounded_pommel
f 799/5 801/6 802/7 800/8
g rounded_pommel
f 801/5 803/6 804/7 802/8
g rounded_pommel
f 803/5 805/6 806/7 804/8
g rounded_pommel
f 805/5 807/6 808/7 806/8
g rounded_pommel
f 807/5 809/6 810/7 808/8
g rounded_pommel
f 809/5 811/6 812/7 810/8
g rounded_pommel
f 811/5 813/6 814/7 812/8
g rounded_pommel
f 813/5 815/6 816/7 814/8
g rounded_pommel
f 815/5 817/6 818/7 816/8
g rounded_pommel
f 817/5 787/6 790/7 818/8
g rounded_pommel
f 790/5 789/6 819/7 820/8
g rounded_pommel
f 789/5 792/6 821/7 819/8
g rounded_pommel
f 792/5 794/6 822/7 821/8
g rounded_pommel
f 794/5 796/6 823/7 822/8
g rounded_pommel
f 796/5 798/6 824/7 823/8
g rounded_pommel
f 798/5 800/6 825/7 824/8
g rounded_pommel
f 800/5 802/6 826/7 825/8
g rounded_pommel
f 802/5 804/6 827/7 826/8
g rounded_pommel
f 804/5 806/6 828/7 827/8
g rounded_pommel
f 806/5 808/6 829/7 828/8
g rounded_pommel
f 808/5 810/6 830/7 829/8
g rounded_pommel
f 810/5 812/6 831/7 830/8
g rounded_pommel
f 812/5 814/6 832/7 831/8
g rounded_pommel
f 814/5 816/6 833/7 832/8
g rounded_pommel
f 816/5 818/6 834/7 833/8
g rounded_pommel
f 818/5 790/6 820/7 834/8
g rounded_pommel
f 820/5 819/6 835/7 836/8
g rounded_pommel
f 819/5 821/6 837/7 835/8
g rounded_pommel
f 821/5 822/6 838/7 837/8
g rounded_pommel
f 822/5 823/6 839/7 838/8
g rounded_pommel
f 823/5 824/6 840/7 839/8
g rounded_pommel
f 824/5 825/6 841/7 840/8
g rounded_pommel
f 825/5 826/6 842/7 841/8
g rounded_pommel
f 826/5 827/6 843/7 842/8
g rounded_pommel
f 827/5 828/6 844/7 843/8
g rounded_pommel
f 828/5 829/6 845/7 844/8
g rounded_pommel
f 829/5 830/6 846/7 845/8
g rounded_pommel
f 830/5 831/6 847/7 846/8
g rounded_pommel
f 831/5 832/6 848/7 847/8
g rounded_pommel
f 832/5 833/6 849/7 848/8
g rounded_pommel
f 833/5 834/6 850/7 849/8
g rounded_pommel
f 834/5 820/6 836/7 850/8
g rounded_pommel
f 851/5 788/6 787/7 787/8
g rounded_pommel
f 851/5 791/6 788/7 788/8
g rounded_pommel
f 851/5 793/6 791/7 791/8
g rounded_pommel
f 851/5 795/6 793/7 793/8
g rounded_pommel
f 851/5 797/6 795/7 795/8
g rounded_pommel
f 851/5 799/6 797/7 797/8
g rounded_pommel
f 851/5 801/6 799/7 799/8
g rounded_pommel
f 851/5 803/6 801/7 801/8
g rounded_pommel
f 851/5 805/6 803/7 803/8
g rounded_pommel
f 851/5 807/6 805/7 805/8
g rounded_pommel
f 851/5 809/6 807/7 807/8
g rounded_pommel
f 851/5 811/6 809/7 809/8
g rounded_pommel
f 851/5 813/6 811/7 811/8
g rounded_pommel
f 851/5 815/6 813/7 813/8
g rounded_pommel
f 851/5 817/6 815/7 815/8
g rounded_pommel
f 851/5 787/6 817/7 817/8
g rounded_pommel
f 852/5 836/6 835/7 835/8
g rounded_pommel
f 852/5 835/6 837/7 837/8
g rounded_pommel
f 852/5 837/6 838/7 838/8
g rounded_pommel
f 852/5 838/6 839/7 839/8
g rounded_pommel
f 852/5 839/6 840/7 840/8
g rounded_pommel
f 852/5 840/6 841/7 841/8
g rounded_pommel
f 852/5 841/6 842/7 842/8
g rounded_pommel
f 852/5 842/6 843/7 843/8
g rounded_pommel
f 852/5 843/6 844/7 844/8
g rounded_pommel
f 852/5 844/6 845/7 845/8
g rounded_pommel
f 852/5 845/6 846/7 846/8
g rounded_pommel
f 852/5 846/6 847/7 847/8
g rounded_pommel
f 852/5 847/6 848/7 848/8
g rounded_pommel
f 852/5 848/6 849/7 849/8
g rounded_pommel
f 852/5 849/6 850/7 850/8
g rounded_pommel
f 852/5 850/6 836/7 836/8
g spiral_armour
f 853/5 854/6 855/7 856/8
g spiral_armour
f 856/5 855/6 857/7 858/8
g spiral_armour
f 858/5 857/6 859/7 860/8
g spiral_armour
f 860/5 859/6 861/7 862/8
g spiral_armour
f 862/5 861/6 863/7 864/8
g spiral_armour
f 864/5 863/6 865/7 866/8
g spiral_armour
f 866/5 865/6 867/7 868/8
g spiral_armour
f 868/5 867/6 869/7 870/8
g spiral_armour
f 870/5 869/6 871/7 872/8
g spiral_armour
f 872/5 871/6 873/7 874/8
g spiral_armour
f 874/5 873/6 875/7 876/8
g spiral_armour
f 876/5 875/6 877/7 878/8
g spiral_armour
f 878/5 877/6 879/7 880/8
g spiral_armour
f 880/5 879/6 881/7 882/8
g spiral_armour
f 882/5 881/6 883/7 884/8
g spiral_armour
f 884/5 883/6 885/7 886/8
g spiral_armour
f 886/5 885/6 887/7 888/8
g spiral_armour
f 888/5 887/6 889/7 890/8
g spiral_armour
f 890/5 889/6 891/7 892/8
g spiral_armour
f 892/5 891/6 893/7 894/8
g spiral_armour
f 894/5 893/6 895/7 896/8
g spiral_armour
f 896/5 895/6 897/7 898/8
g spiral_armour
f 898/5 897/6 899/7 900/8
g spiral_armour
f 900/5 899/6 901/7 902/8
g spiral_armour
f 902/5 901/6 903/7 904/8
g spiral_armour
f 904/5 903/6 905/7 906/8
g spiral_armour
f 906/5 905/6 907/7 908/8
g spiral_armour
f 908/5 907/6 909/7 910/8
g spiral_armour
f 910/5 909/6 911/7 912/8
g spiral_armour
f 912/5 911/6 913/7 914/8
g spiral_armour
f 914/5 913/6 915/7 916/8
g spiral_armour
f 916/5 915/6 917/7 918/8
g spiral_armour
f 918/5 917/6 919/7 920/8
g spiral_armour
f 920/5 919/6 921/7 922/8
g spiral_armour
f 922/5 921/6 923/7 924/8
g spiral_armour
f 924/5 923/6 925/7 926/8
g spiral_armour
f 926/5 925/6 927/7 928/8
g spiral_armour
f 928/5 927/6 929/7 930/8
g spiral_armour
f 930/5 929/6 931/7 932/8
g spiral_armour
f 932/5 931/6 933/7 934/8
g spiral_armour
f 934/5 933/6 935/7 936/8
g spiral_armour
f 936/5 935/6 937/7 938/8
g spiral_armour
f 938/5 937/6 939/7 940/8
g spiral_armour
f 940/5 939/6 941/7 942/8
g spiral_armour
f 942/5 941/6 943/7 944/8
g spiral_armour
f 944/5 943/6 945/7 946/8
g spiral_armour
f 946/5 945/6 947/7 948/8
g spiral_armour
f 948/5 947/6 949/7 950/8
g spiral_armour
f 951/9 952/10 953/11 954/12
g spiral_armour
f 954/9 953/10 955/11 956/12
g spiral_armour
f 956/9 955/10 957/11 958/12
g spiral_armour
f 958/9 957/10 959/11 960/12
g spiral_armour
f 960/9 959/10 961/11 962/12
g spiral_armour
f 962/9 961/10 963/11 964/12
g spiral_armour
f 964/9 963/10 965/11 966/12
g spiral_armour
f 966/9 965/10 967/11 968/12
g spiral_armour
f 968/9 967/10 969/11 970/12
g spiral_armour
f 970/9 969/10 971/11 972/12
g spiral_armour
f 972/9 971/10 973/11 974/12
g spiral_armour
f 974/9 973/10 975/11 976/12
g spiral_armour
f 976/9 975/10 977/11 978/12
g spiral_armour
f 978/9 977/10 979/11 980/12
g spiral_armour
f 980/9 979/10 981/11 982/12
g spiral_armour
f 982/9 981/10 983/11 984/12
g spiral_armour
f 984/9 983/10 985/11 986/12
g spiral_armour
f 986/9 985/10 987/11 988/12
g spiral_armour
f 988/9 987/10 989/11 990/12
g spiral_armour
f 990/9 989/10 991/11 992/12
g spiral_armour
f 992/9 991/10 993/11 994/12
g spiral_armour
f 994/9 993/10 995/11 996/12
g spiral_armour
f 996/9 995/10 997/11 998/12
g spiral_armour
f 998/9 997/10 999/11 1000/12
g spiral_armour
f 1000/9 999/10 1001/11 1002/12
g spiral_armour
f 1002/9 1001/10 1003/11 1004/12
g spiral_armour
f 1004/9 1003/10 1005/11 1006/12
g spiral_armour
f 1006/9 1005/10 1007/11 1008/12
g spiral_armour
f 1008/9 1007/10 1009/11 1010/12
g spiral_armour
f 1010/9 1009/10 1011/11 1012/12
g spiral_armour
f 1012/9 1011/10 1013/11 1014/12
g spiral_armour
f 1014/9 1013/10 1015/11 1016/12
g spiral_armour
f 1016/9 1015/10 1017/11 1018/12
g spiral_armour
f 1018/9 1017/10 1019/11 1020/12
g spiral_armour
f 1020/9 1019/10 1021/11 1022/12
g spiral_armour
f 1022/9 1021/10 1023/11 1024/12
g spiral_armour
f 1024/9 1023/10 1025/11 1026/12
g spiral_armour
f 1026/9 1025/10 1027/11 1028/12
g spiral_armour
f 1028/9 1027/10 1029/11 1030/12
g spiral_armour
f 1030/9 1029/10 1031/11 1032/12
g spiral_armour
f 1032/9 1031/10 1033/11 1034/12
g spiral_armour
f 1034/9 1033/10 1035/11 1036/12
g spiral_armour
f 1036/9 1035/10 1037/11 1038/12
g spiral_armour
f 1038/9 1037/10 1039/11 1040/12
g spiral_armour
f 1040/9 1039/10 1041/11 1042/12
g spiral_armour
f 1042/9 1041/10 1043/11 1044/12
g spiral_armour
f 1044/9 1043/10 1045/11 1046/12
g spiral_armour
f 1046/9 1045/10 1047/11 1048/12
g neck
f 1049/25 1050/26 1051/27 1052/28
g neck
f 1050/25 1053/26 1054/27 1051/28
g neck
f 1053/25 1055/26 1056/27 1054/28
g neck
f 1055/25 1057/26 1058/27 1056/28
g neck
f 1057/25 1059/26 1060/27 1058/28
g neck
f 1059/25 1061/26 1062/27 1060/28
g neck
f 1061/25 1063/26 1064/27 1062/28
g neck
f 1063/25 1065/26 1066/27 1064/28
g neck
f 1065/25 1067/26 1068/27 1066/28
g neck
f 1067/25 1069/26 1070/27 1068/28
g neck
f 1069/25 1071/26 1072/27 1070/28
g neck
f 1071/25 1073/26 1074/27 1072/28
g neck
f 1073/25 1075/26 1076/27 1074/28
g neck
f 1075/25 1077/26 1078/27 1076/28
g neck
f 1077/25 1079/26 1080/27 1078/28
g neck
f 1079/25 1049/26 1052/27 1080/28
g neck
f 1081/25 1050/26 1049/27 1049/28
g neck
f 1081/25 1053/26 1050/27 1050/28
g neck
f 1081/25 1055/26 1053/27 1053/28
g neck
f 1081/25 1057/26 1055/27 1055/28
g neck
f 1081/25 1059/26 1057/27 1057/28
g neck
f 1081/25 1061/26 1059/27 1059/28
g neck
f 1081/25 1063/26 1061/27 1061/28
g neck
f 1081/25 1065/26 1063/27 1063/28
g neck
f 1081/25 1067/26 1065/27 1065/28
g neck
f 1081/25 1069/26 1067/27 1067/28
g neck
f 1081/25 1071/26 1069/27 1069/28
g neck
f 1081/25 1073/26 1071/27 1071/28
g neck
f 1081/25 1075/26 1073/27 1073/28
g neck
f 1081/25 1077/26 1075/27 1075/28
g neck
f 1081/25 1079/26 1077/27 1077/28
g neck
f 1081/25 1049/26 1079/27 1079/28
g neck
f 1082/25 1052/26 1051/27 1051/28
g neck
f 1082/25 1051/26 1054/27 1054/28
g neck
f 1082/25 1054/26 1056/27 1056/28
g neck
f 1082/25 1056/26 1058/27 1058/28
g neck
f 1082/25 1058/26 1060/27 1060/28
g neck
f 1082/25 1060/26 1062/27 1062/28
g neck
f 1082/25 1062/26 1064/27 1064/28
g neck
f 1082/25 1064/26 1066/27 1066/28
g neck
f 1082/25 1066/26 1068/27 1068/28
g neck
f 1082/25 1068/26 1070/27 1070/28
g neck
f 1082/25 1070/26 1072/27 1072/28
g neck
f 1082/25 1072/26 1074/27 1074/28
g neck
f 1082/25 1074/26 1076/27 1076/28
g neck
f 1082/25 1076/26 1078/27 1078/28
g neck
f 1082/25 1078/26 1080/27 1080/28
g neck
f 1082/25 1080/26 1052/27 1052/28
g neck_rib
f 1083/21 1084/22 1085/23 1086/24
g neck_rib
f 1084/21 1087/22 1088/23 1085/24
g neck_rib
f 1087/21 1089/22 1090/23 1088/24
g neck_rib
f 1089/21 1091/22 1092/23 1090/24
g neck_rib
f 1091/21 1093/22 1094/23 1092/24
g neck_rib
f 1093/21 1095/22 1096/23 1094/24
g neck_rib
f 1095/21 1097/22 1098/23 1096/24
g neck_rib
f 1097/21 1099/22 1100/23 1098/24
g neck_rib
f 1099/21 1101/22 1102/23 1100/24
g neck_rib
f 1101/21 1103/22 1104/23 1102/24
g neck_rib
f 1103/21 1105/22 1106/23 1104/24
g neck_rib
f 1105/21 1083/22 1086/23 1106/24
g neck_rib
f 1107/21 1084/22 1083/23 1083/24
g neck_rib
f 1107/21 1087/22 1084/23 1084/24
g neck_rib
f 1107/21 1089/22 1087/23 1087/24
g neck_rib
f 1107/21 1091/22 1089/23 1089/24
g neck_rib
f 1107/21 1093/22 1091/23 1091/24
g neck_rib
f 1107/21 1095/22 1093/23 1093/24
g neck_rib
f 1107/21 1097/22 1095/23 1095/24
g neck_rib
f 1107/21 1099/22 1097/23 1097/24
g neck_rib
f 1107/21 1101/22 1099/23 1099/24
g neck_rib
f 1107/21 1103/22 1101/23 1101/24
g neck_rib
f 1107/21 1105/22 1103/23 1103/24
g neck_rib
f 1107/21 1083/22 1105/23 1105/24
g neck_rib
f 1108/21 1086/22 1085/23 1085/24
g neck_rib
f 1108/21 1085/22 1088/23 1088/24
g neck_rib
f 1108/21 1088/22 1090/23 1090/24
g neck_rib
f 1108/21 1090/22 1092/23 1092/24
g neck_rib
f 1108/21 1092/22 1094/23 1094/24
g neck_rib
f 1108/21 1094/22 1096/23 1096/24
g neck_rib
f 1108/21 1096/22 1098/23 1098/24
g neck_rib
f 1108/21 1098/22 1100/23 1100/24
g neck_rib
f 1108/21 1100/22 1102/23 1102/24
g neck_rib
f 1108/21 1102/22 1104/23 1104/24
g neck_rib
f 1108/21 1104/22 1106/23 1106/24
g neck_rib
f 1108/21 1106/22 1086/23 1086/24
g neck_rib
f 1109/21 1110/22 1111/23 1112/24
g neck_rib
f 1110/21 1113/22 1114/23 1111/24
g neck_rib
f 1113/21 1115/22 1116/23 1114/24
g neck_rib
f 1115/21 1117/22 1118/23 1116/24
g neck_rib
f 1117/21 1119/22 1120/23 1118/24
g neck_rib
f 1119/21 1121/22 1122/23 1120/24
g neck_rib
f 1121/21 1123/22 1124/23 1122/24
g neck_rib
f 1123/21 1125/22 1126/23 1124/24
g neck_rib
f 1125/21 1127/22 1128/23 1126/24
g neck_rib
f 1127/21 1129/22 1130/23 1128/24
g neck_rib
f 1129/21 1131/22 1132/23 1130/24
g neck_rib
f 1131/21 1109/22 1112/23 1132/24
g neck_rib
f 1133/21 1110/22 1109/23 1109/24
g neck_rib
f 1133/21 1113/22 1110/23 1110/24
g neck_rib
f 1133/21 1115/22 1113/23 1113/24
g neck_rib
f 1133/21 1117/22 1115/23 1115/24
g neck_rib
f 1133/21 1119/22 1117/23 1117/24
g neck_rib
f 1133/21 1121/22 1119/23 1119/24
g neck_rib
f 1133/21 1123/22 1121/23 1121/24
g neck_rib
f 1133/21 1125/22 1123/23 1123/24
g neck_rib
f 1133/21 1127/22 1125/23 1125/24
g neck_rib
f 1133/21 1129/22 1127/23 1127/24
g neck_rib
f 1133/21 1131/22 1129/23 1129/24
g neck_rib
f 1133/21 1109/22 1131/23 1131/24
g neck_rib
f 1134/21 1112/22 1111/23 1111/24
g neck_rib
f 1134/21 1111/22 1114/23 1114/24
g neck_rib
f 1134/21 1114/22 1116/23 1116/24
g neck_rib
f 1134/21 1116/22 1118/23 1118/24
g neck_rib
f 1134/21 1118/22 1120/23 1120/24
g neck_rib
f 1134/21 1120/22 1122/23 1122/24
g neck_rib
f 1134/21 1122/22 1124/23 1124/24
g neck_rib
f 1134/21 1124/22 1126/23 1126/24
g neck_rib
f 1134/21 1126/22 1128/23 1128/24
g neck_rib
f 1134/21 1128/22 1130/23 1130/24
g neck_rib
f 1134/21 1130/22 1132/23 1132/24
g neck_rib
f 1134/21 1132/22 1112/23 1112/24
g neck_rib
f 1135/21 1136/22 1137/23 1138/24
g neck_rib
f 1136/21 1139/22 1140/23 1137/24
g neck_rib
f 1139/21 1141/22 1142/23 1140/24
g neck_rib
f 1141/21 1143/22 1144/23 1142/24
g neck_rib
f 1143/21 1145/22 1146/23 1144/24
g neck_rib
f 1145/21 1147/22 1148/23 1146/24
g neck_rib
f 1147/21 1149/22 1150/23 1148/24
g neck_rib
f 1149/21 1151/22 1152/23 1150/24
g neck_rib
f 1151/21 1153/22 1154/23 1152/24
g neck_rib
f 1153/21 1155/22 1156/23 1154/24
g neck_rib
f 1155/21 1157/22 1158/23 1156/24
g neck_rib
f 1157/21 1135/22 1138/23 1158/24
g neck_rib
f 1159/21 1136/22 1135/23 1135/24
g neck_rib
f 1159/21 1139/22 1136/23 1136/24
g neck_rib
f 1159/21 1141/22 1139/23 1139/24
g neck_rib
f 1159/21 1143/22 1141/23 1141/24
g neck_rib
f 1159/21 1145/22 1143/23 1143/24
g neck_rib
f 1159/21 1147/22 1145/23 1145/24
g neck_rib
f 1159/21 1149/22 1147/23 1147/24
g neck_rib
f 1159/21 1151/22 1149/23 1149/24
g neck_rib
f 1159/21 1153/22 1151/23 1151/24
g neck_rib
f 1159/21 1155/22 1153/23 1153/24
g neck_rib
f 1159/21 1157/22 1155/23 1155/24
g neck_rib
f 1159/21 1135/22 1157/23 1157/24
g neck_rib
f 1160/21 1138/22 1137/23 1137/24
g neck_rib
f 1160/21 1137/22 1140/23 1140/24
g neck_rib
f 1160/21 1140/22 1142/23 1142/24
g neck_rib
f 1160/21 1142/22 1144/23 1144/24
g neck_rib
f 1160/21 1144/22 1146/23 1146/24
g neck_rib
f 1160/21 1146/22 1148/23 1148/24
g neck_rib
f 1160/21 1148/22 1150/23 1150/24
g neck_rib
f 1160/21 1150/22 1152/23 1152/24
g neck_rib
f 1160/21 1152/22 1154/23 1154/24
g neck_rib
f 1160/21 1154/22 1156/23 1156/24
g neck_rib
f 1160/21 1156/22 1158/23 1158/24
g neck_rib
f 1160/21 1158/22 1138/23 1138/24
g neck_rib
f 1161/21 1162/22 1163/23 1164/24
g neck_rib
f 1162/21 1165/22 1166/23 1163/24
g neck_rib
f 1165/21 1167/22 1168/23 1166/24
g neck_rib
f 1167/21 1169/22 1170/23 1168/24
g neck_rib
f 1169/21 1171/22 1172/23 1170/24
g neck_rib
f 1171/21 1173/22 1174/23 1172/24
g neck_rib
f 1173/21 1175/22 1176/23 1174/24
g neck_rib
f 1175/21 1177/22 1178/23 1176/24
g neck_rib
f 1177/21 1179/22 1180/23 1178/24
g neck_rib
f 1179/21 1181/22 1182/23 1180/24
g neck_rib
f 1181/21 1183/22 1184/23 1182/24
g neck_rib
f 1183/21 1161/22 1164/23 1184/24
g neck_rib
f 1185/21 1162/22 1161/23 1161/24
g neck_rib
f 1185/21 1165/22 1162/23 1162/24
g neck_rib
f 1185/21 1167/22 1165/23 1165/24
g neck_rib
f 1185/21 1169/22 1167/23 1167/24
g neck_rib
f 1185/21 1171/22 1169/23 1169/24
g neck_rib
f 1185/21 1173/22 1171/23 1171/24
g neck_rib
f 1185/21 1175/22 1173/23 1173/24
g neck_rib
f 1185/21 1177/22 1175/23 1175/24
g neck_rib
f 1185/21 1179/22 1177/23 1177/24
g neck_rib
f 1185/21 1181/22 1179/23 1179/24
g neck_rib
f 1185/21 1183/22 1181/23 1181/24
g neck_rib
f 1185/21 1161/22 1183/23 1183/24
g neck_rib
f 1186/21 1164/22 1163/23 1163/24
g neck_rib
f 1186/21 1163/22 1166/23 1166/24
g neck_rib
f 1186/21 1166/22 1168/23 1168/24
g neck_rib
f 1186/21 1168/22 1170/23 1170/24
g neck_rib
f 1186/21 1170/22 1172/23 1172/24
g neck_rib
f 1186/21 1172/22 1174/23 1174/24
g neck_rib
f 1186/21 1174/22 1176/23 1176/24
g neck_rib
f 1186/21 1176/22 1178/23 1178/24
g neck_rib
f 1186/21 1178/22 1180/23 1180/24
g neck_rib
f 1186/21 1180/22 1182/23 1182/24
g neck_rib
f 1186/21 1182/22 1184/23 1184/24
g neck_rib
f 1186/21 1184/22 1164/23 1164/24
g neck_rib
f 1187/21 1188/22 1189/23 1190/24
g neck_rib
f 1188/21 1191/22 1192/23 1189/24
g neck_rib
f 1191/21 1193/22 1194/23 1192/24
g neck_rib
f 1193/21 1195/22 1196/23 1194/24
g neck_rib
f 1195/21 1197/22 1198/23 1196/24
g neck_rib
f 1197/21 1199/22 1200/23 1198/24
g neck_rib
f 1199/21 1201/22 1202/23 1200/24
g neck_rib
f 1201/21 1203/22 1204/23 1202/24
g neck_rib
f 1203/21 1205/22 1206/23 1204/24
g neck_rib
f 1205/21 1207/22 1208/23 1206/24
g neck_rib
f 1207/21 1209/22 1210/23 1208/24
g neck_rib
f 1209/21 1187/22 1190/23 1210/24
g neck_rib
f 1211/21 1188/22 1187/23 1187/24
g neck_rib
f 1211/21 1191/22 1188/23 1188/24
g neck_rib
f 1211/21 1193/22 1191/23 1191/24
g neck_rib
f 1211/21 1195/22 1193/23 1193/24
g neck_rib
f 1211/21 1197/22 1195/23 1195/24
g neck_rib
f 1211/21 1199/22 1197/23 1197/24
g neck_rib
f 1211/21 1201/22 1199/23 1199/24
g neck_rib
f 1211/21 1203/22 1201/23 1201/24
g neck_rib
f 1211/21 1205/22 1203/23 1203/24
g neck_rib
f 1211/21 1207/22 1205/23 1205/24
g neck_rib
f 1211/21 1209/22 1207/23 1207/24
g neck_rib
f 1211/21 1187/22 1209/23 1209/24
g neck_rib
f 1212/21 1190/22 1189/23 1189/24
g neck_rib
f 1212/21 1189/22 1192/23 1192/24
g neck_rib
f 1212/21 1192/22 1194/23 1194/24
g neck_rib
f 1212/21 1194/22 1196/23 1196/24
g neck_rib
f 1212/21 1196/22 1198/23 1198/24
g neck_rib
f 1212/21 1198/22 1200/23 1200/24
g neck_rib
f 1212/21 1200/22 1202/23 1202/24
g neck_rib
f 1212/21 1202/22 1204/23 1204/24
g neck_rib
f 1212/21 1204/22 1206/23 1206/24
g neck_rib
f 1212/21 1206/22 1208/23 1208/24
g neck_rib
f 1212/21 1208/22 1210/23 1210/24
g neck_rib
f 1212/21 1210/22 1190/23 1190/24
g neck_rib
f 1213/21 1214/22 1215/23 1216/24
g neck_rib
f 1214/21 1217/22 1218/23 1215/24
g neck_rib
f 1217/21 1219/22 1220/23 1218/24
g neck_rib
f 1219/21 1221/22 1222/23 1220/24
g neck_rib
f 1221/21 1223/22 1224/23 1222/24
g neck_rib
f 1223/21 1225/22 1226/23 1224/24
g neck_rib
f 1225/21 1227/22 1228/23 1226/24
g neck_rib
f 1227/21 1229/22 1230/23 1228/24
g neck_rib
f 1229/21 1231/22 1232/23 1230/24
g neck_rib
f 1231/21 1233/22 1234/23 1232/24
g neck_rib
f 1233/21 1235/22 1236/23 1234/24
g neck_rib
f 1235/21 1213/22 1216/23 1236/24
g neck_rib
f 1237/21 1214/22 1213/23 1213/24
g neck_rib
f 1237/21 1217/22 1214/23 1214/24
g neck_rib
f 1237/21 1219/22 1217/23 1217/24
g neck_rib
f 1237/21 1221/22 1219/23 1219/24
g neck_rib
f 1237/21 1223/22 1221/23 1221/24
g neck_rib
f 1237/21 1225/22 1223/23 1223/24
g neck_rib
f 1237/21 1227/22 1225/23 1225/24
g neck_rib
f 1237/21 1229/22 1227/23 1227/24
g neck_rib
f 1237/21 1231/22 1229/23 1229/24
g neck_rib
f 1237/21 1233/22 1231/23 1231/24
g neck_rib
f 1237/21 1235/22 1233/23 1233/24
g neck_rib
f 1237/21 1213/22 1235/23 1235/24
g neck_rib
f 1238/21 1216/22 1215/23 1215/24
g neck_rib
f 1238/21 1215/22 1218/23 1218/24
g neck_rib
f 1238/21 1218/22 1220/23 1220/24
g neck_rib
f 1238/21 1220/22 1222/23 1222/24
g neck_rib
f 1238/21 1222/22 1224/23 1224/24
g neck_rib
f 1238/21 1224/22 1226/23 1226/24
g neck_rib
f 1238/21 1226/22 1228/23 1228/24
g neck_rib
f 1238/21 1228/22 1230/23 1230/24
g neck_rib
f 1238/21 1230/22 1232/23 1232/24
g neck_rib
f 1238/21 1232/22 1234/23 1234/24
g neck_rib
f 1238/21 1234/22 1236/23 1236/24
g neck_rib
f 1238/21 1236/22 1216/23 1216/24
g neck_rib
f 1239/21 1240/22 1241/23 1242/24
g neck_rib
f 1240/21 1243/22 1244/23 1241/24
g neck_rib
f 1243/21 1245/22 1246/23 1244/24
g neck_rib
f 1245/21 1247/22 1248/23 1246/24
g neck_rib
f 1247/21 1249/22 1250/23 1248/24
g neck_rib
f 1249/21 1251/22 1252/23 1250/24
g neck_rib
f 1251/21 1253/22 1254/23 1252/24
g neck_rib
f 1253/21 1255/22 1256/23 1254/24
g neck_rib
f 1255/21 1257/22 1258/23 1256/24
g neck_rib
f 1257/21 1259/22 1260/23 1258/24
g neck_rib
f 1259/21 1261/22 1262/23 1260/24
g neck_rib
f 1261/21 1239/22 1242/23 1262/24
g neck_rib
f 1263/21 1240/22 1239/23 1239/24
g neck_rib
f 1263/21 1243/22 1240/23 1240/24
g neck_rib
f 1263/21 1245/22 1243/23 1243/24
g neck_rib
f 1263/21 1247/22 1245/23 1245/24
g neck_rib
f 1263/21 1249/22 1247/23 1247/24
g neck_rib
f 1263/21 1251/22 1249/23 1249/24
g neck_rib
f 1263/21 1253/22 1251/23 1251/24
g neck_rib
f 1263/21 1255/22 1253/23 1253/24
g neck_rib
f 1263/21 1257/22 1255/23 1255/24
g neck_rib
f 1263/21 1259/22 1257/23 1257/24
g neck_rib
f 1263/21 1261/22 1259/23 1259/24
g neck_rib
f 1263/21 1239/22 1261/23 1261/24
g neck_rib
f 1264/21 1242/22 1241/23 1241/24
g neck_rib
f 1264/21 1241/22 1244/23 1244/24
g neck_rib
f 1264/21 1244/22 1246/23 1246/24
g neck_rib
f 1264/21 1246/22 1248/23 1248/24
g neck_rib
f 1264/21 1248/22 1250/23 1250/24
g neck_rib
f 1264/21 1250/22 1252/23 1252/24
g neck_rib
f 1264/21 1252/22 1254/23 1254/24
g neck_rib
f 1264/21 1254/22 1256/23 1256/24
g neck_rib
f 1264/21 1256/22 1258/23 1258/24
g neck_rib
f 1264/21 1258/22 1260/23 1260/24
g neck_rib
f 1264/21 1260/22 1262/23 1262/24
g neck_rib
f 1264/21 1262/22 1242/23 1242/24
g neck_rib
f 1265/21 1266/22 1267/23 1268/24
g neck_rib
f 1266/21 1269/22 1270/23 1267/24
g neck_rib
f 1269/21 1271/22 1272/23 1270/24
g neck_rib
f 1271/21 1273/22 1274/23 1272/24
g neck_rib
f 1273/21 1275/22 1276/23 1274/24
g neck_rib
f 1275/21 1277/22 1278/23 1276/24
g neck_rib
f 1277/21 1279/22 1280/23 1278/24
g neck_rib
f 1279/21 1281/22 1282/23 1280/24
g neck_rib
f 1281/21 1283/22 1284/23 1282/24
g neck_rib
f 1283/21 1285/22 1286/23 1284/24
g neck_rib
f 1285/21 1287/22 1288/23 1286/24
g neck_rib
f 1287/21 1265/22 1268/23 1288/24
g neck_rib
f 1289/21 1266/22 1265/23 1265/24
g neck_rib
f 1289/21 1269/22 1266/23 1266/24
g neck_rib
f 1289/21 1271/22 1269/23 1269/24
g neck_rib
f 1289/21 1273/22 1271/23 1271/24
g neck_rib
f 1289/21 1275/22 1273/23 1273/24
g neck_rib
f 1289/21 1277/22 1275/23 1275/24
g neck_rib
f 1289/21 1279/22 1277/23 1277/24
g neck_rib
f 1289/21 1281/22 1279/23 1279/24
g neck_rib
f 1289/21 1283/22 1281/23 1281/24
g neck_rib
f 1289/21 1285/22 1283/23 1283/24
g neck_rib
f 1289/21 1287/22 1285/23 1285/24
g neck_rib
f 1289/21 1265/22 1287/23 1287/24
g neck_rib
f 1290/21 1268/22 1267/23 1267/24
g neck_rib
f 1290/21 1267/22 1270/23 1270/24
g neck_rib
f 1290/21 1270/22 1272/23 1272/24
g neck_rib
f 1290/21 1272/22 1274/23 1274/24
g neck_rib
f 1290/21 1274/22 1276/23 1276/24
g neck_rib
f 1290/21 1276/22 1278/23 1278/24
g neck_rib
f 1290/21 1278/22 1280/23 1280/24
g neck_rib
f 1290/21 1280/22 1282/23 1282/24
g neck_rib
f 1290/21 1282/22 1284/23 1284/24
g neck_rib
f 1290/21 1284/22 1286/23 1286/24
g neck_rib
f 1290/21 1286/22 1288/23 1288/24
g neck_rib
f 1290/21 1288/22 1268/23 1268/24
g neck_rib
f 1291/21 1292/22 1293/23 1294/24
g neck_rib
f 1292/21 1295/22 1296/23 1293/24
g neck_rib
f 1295/21 1297/22 1298/23 1296/24
g neck_rib
f 1297/21 1299/22 1300/23 1298/24
g neck_rib
f 1299/21 1301/22 1302/23 1300/24
g neck_rib
f 1301/21 1303/22 1304/23 1302/24
g neck_rib
f 1303/21 1305/22 1306/23 1304/24
g neck_rib
f 1305/21 1307/22 1308/23 1306/24
g neck_rib
f 1307/21 1309/22 1310/23 1308/24
g neck_rib
f 1309/21 1311/22 1312/23 1310/24
g neck_rib
f 1311/21 1313/22 1314/23 1312/24
g neck_rib
f 1313/21 1291/22 1294/23 1314/24
g neck_rib
f 1315/21 1292/22 1291/23 1291/24
g neck_rib
f 1315/21 1295/22 1292/23 1292/24
g neck_rib
f 1315/21 1297/22 1295/23 1295/24
g neck_rib
f 1315/21 1299/22 1297/23 1297/24
g neck_rib
f 1315/21 1301/22 1299/23 1299/24
g neck_rib
f 1315/21 1303/22 1301/23 1301/24
g neck_rib
f 1315/21 1305/22 1303/23 1303/24
g neck_rib
f 1315/21 1307/22 1305/23 1305/24
g neck_rib
f 1315/21 1309/22 1307/23 1307/24
g neck_rib
f 1315/21 1311/22 1309/23 1309/24
g neck_rib
f 1315/21 1313/22 1311/23 1311/24
g neck_rib
f 1315/21 1291/22 1313/23 1313/24
g neck_rib
f 1316/21 1294/22 1293/23 1293/24
g neck_rib
f 1316/21 1293/22 1296/23 1296/24
g neck_rib
f 1316/21 1296/22 1298/23 1298/24
g neck_rib
f 1316/21 1298/22 1300/23 1300/24
g neck_rib
f 1316/21 1300/22 1302/23 1302/24
g neck_rib
f 1316/21 1302/22 1304/23 1304/24
g neck_rib
f 1316/21 1304/22 1306/23 1306/24
g neck_rib
f 1316/21 1306/22 1308/23 1308/24
g neck_rib
f 1316/21 1308/22 1310/23 1310/24
g neck_rib
f 1316/21 1310/22 1312/23 1312/24
g neck_rib
f 1316/21 1312/22 1314/23 1314/24
g neck_rib
f 1316/21 1314/22 1294/23 1294/24
g neck_rib
f 1317/21 1318/22 1319/23 1320/24
g neck_rib
f 1318/21 1321/22 1322/23 1319/24
g neck_rib
f 1321/21 1323/22 1324/23 1322/24
g neck_rib
f 1323/21 1325/22 1326/23 1324/24
g neck_rib
f 1325/21 1327/22 1328/23 1326/24
g neck_rib
f 1327/21 1329/22 1330/23 1328/24
g neck_rib
f 1329/21 1331/22 1332/23 1330/24
g neck_rib
f 1331/21 1333/22 1334/23 1332/24
g neck_rib
f 1333/21 1335/22 1336/23 1334/24
g neck_rib
f 1335/21 1337/22 1338/23 1336/24
g neck_rib
f 1337/21 1339/22 1340/23 1338/24
g neck_rib
f 1339/21 1317/22 1320/23 1340/24
g neck_rib
f 1341/21 1318/22 1317/23 1317/24
g neck_rib
f 1341/21 1321/22 1318/23 1318/24
g neck_rib
f 1341/21 1323/22 1321/23 1321/24
g neck_rib
f 1341/21 1325/22 1323/23 1323/24
g neck_rib
f 1341/21 1327/22 1325/23 1325/24
g neck_rib
f 1341/21 1329/22 1327/23 1327/24
g neck_rib
f 1341/21 1331/22 1329/23 1329/24
g neck_rib
f 1341/21 1333/22 1331/23 1331/24
g neck_rib
f 1341/21 1335/22 1333/23 1333/24
g neck_rib
f 1341/21 1337/22 1335/23 1335/24
g neck_rib
f 1341/21 1339/22 1337/23 1337/24
g neck_rib
f 1341/21 1317/22 1339/23 1339/24
g neck_rib
f 1342/21 1320/22 1319/23 1319/24
g neck_rib
f 1342/21 1319/22 1322/23 1322/24
g neck_rib
f 1342/21 1322/22 1324/23 1324/24
g neck_rib
f 1342/21 1324/22 1326/23 1326/24
g neck_rib
f 1342/21 1326/22 1328/23 1328/24
g neck_rib
f 1342/21 1328/22 1330/23 1330/24
g neck_rib
f 1342/21 1330/22 1332/23 1332/24
g neck_rib
f 1342/21 1332/22 1334/23 1334/24
g neck_rib
f 1342/21 1334/22 1336/23 1336/24
g neck_rib
f 1342/21 1336/22 1338/23 1338/24
g neck_rib
f 1342/21 1338/22 1340/23 1340/24
g neck_rib
f 1342/21 1340/22 1320/23 1320/24
g neck_rib
f 1343/21 1344/22 1345/23 1346/24
g neck_rib
f 1344/21 1347/22 1348/23 1345/24
g neck_rib
f 1347/21 1349/22 1350/23 1348/24
g neck_rib
f 1349/21 1351/22 1352/23 1350/24
g neck_rib
f 1351/21 1353/22 1354/23 1352/24
g neck_rib
f 1353/21 1355/22 1356/23 1354/24
g neck_rib
f 1355/21 1357/22 1358/23 1356/24
g neck_rib
f 1357/21 1359/22 1360/23 1358/24
g neck_rib
f 1359/21 1361/22 1362/23 1360/24
g neck_rib
f 1361/21 1363/22 1364/23 1362/24
g neck_rib
f 1363/21 1365/22 1366/23 1364/24
g neck_rib
f 1365/21 1343/22 1346/23 1366/24
g neck_rib
f 1367/21 1344/22 1343/23 1343/24
g neck_rib
f 1367/21 1347/22 1344/23 1344/24
g neck_rib
f 1367/21 1349/22 1347/23 1347/24
g neck_rib
f 1367/21 1351/22 1349/23 1349/24
g neck_rib
f 1367/21 1353/22 1351/23 1351/24
g neck_rib
f 1367/21 1355/22 1353/23 1353/24
g neck_rib
f 1367/21 1357/22 1355/23 1355/24
g neck_rib
f 1367/21 1359/22 1357/23 1357/24
g neck_rib
f 1367/21 1361/22 1359/23 1359/24
g neck_rib
f 1367/21 1363/22 1361/23 1361/24
g neck_rib
f 1367/21 1365/22 1363/23 1363/24
g neck_rib
f 1367/21 1343/22 1365/23 1365/24
g neck_rib
f 1368/21 1346/22 1345/23 1345/24
g neck_rib
f 1368/21 1345/22 1348/23 1348/24
g neck_rib
f 1368/21 1348/22 1350/23 1350/24
g neck_rib
f 1368/21 1350/22 1352/23 1352/24
g neck_rib
f 1368/21 1352/22 1354/23 1354/24
g neck_rib
f 1368/21 1354/22 1356/23 1356/24
g neck_rib
f 1368/21 1356/22 1358/23 1358/24
g neck_rib
f 1368/21 1358/22 1360/23 1360/24
g neck_rib
f 1368/21 1360/22 1362/23 1362/24
g neck_rib
f 1368/21 1362/22 1364/23 1364/24
g neck_rib
f 1368/21 1364/22 1366/23 1366/24
g neck_rib
f 1368/21 1366/22 1346/23 1346/24
g neck_rib
f 1369/21 1370/22 1371/23 1372/24
g neck_rib
f 1370/21 1373/22 1374/23 1371/24
g neck_rib
f 1373/21 1375/22 1376/23 1374/24
g neck_rib
f 1375/21 1377/22 1378/23 1376/24
g neck_rib
f 1377/21 1379/22 1380/23 1378/24
g neck_rib
f 1379/21 1381/22 1382/23 1380/24
g neck_rib
f 1381/21 1383/22 1384/23 1382/24
g neck_rib
f 1383/21 1385/22 1386/23 1384/24
g neck_rib
f 1385/21 1387/22 1388/23 1386/24
g neck_rib
f 1387/21 1389/22 1390/23 1388/24
g neck_rib
f 1389/21 1391/22 1392/23 1390/24
g neck_rib
f 1391/21 1369/22 1372/23 1392/24
g neck_rib
f 1393/21 1370/22 1369/23 1369/24
g neck_rib
f 1393/21 1373/22 1370/23 1370/24
g neck_rib
f 1393/21 1375/22 1373/23 1373/24
g neck_rib
f 1393/21 1377/22 1375/23 1375/24
g neck_rib
f 1393/21 1379/22 1377/23 1377/24
g neck_rib
f 1393/21 1381/22 1379/23 1379/24
g neck_rib
f 1393/21 1383/22 1381/23 1381/24
g neck_rib
f 1393/21 1385/22 1383/23 1383/24
g neck_rib
f 1393/21 1387/22 1385/23 1385/24
g neck_rib
f 1393/21 1389/22 1387/23 1387/24
g neck_rib
f 1393/21 1391/22 1389/23 1389/24
g neck_rib
f 1393/21 1369/22 1391/23 1391/24
g neck_rib
f 1394/21 1372/22 1371/23 1371/24
g neck_rib
f 1394/21 1371/22 1374/23 1374/24
g neck_rib
f 1394/21 1374/22 1376/23 1376/24
g neck_rib
f 1394/21 1376/22 1378/23 1378/24
g neck_rib
f 1394/21 1378/22 1380/23 1380/24
g neck_rib
f 1394/21 1380/22 1382/23 1382/24
g neck_rib
f 1394/21 1382/22 1384/23 1384/24
g neck_rib
f 1394/21 1384/22 1386/23 1386/24
g neck_rib
f 1394/21 1386/22 1388/23 1388/24
g neck_rib
f 1394/21 1388/22 1390/23 1390/24
g neck_rib
f 1394/21 1390/22 1392/23 1392/24
g neck_rib
f 1394/21 1392/22 1372/23 1372/24
g neck_rib
f 1395/21 1396/22 1397/23 1398/24
g neck_rib
f 1396/21 1399/22 1400/23 1397/24
g neck_rib
f 1399/21 1401/22 1402/23 1400/24
g neck_rib
f 1401/21 1403/22 1404/23 1402/24
g neck_rib
f 1403/21 1405/22 1406/23 1404/24
g neck_rib
f 1405/21 1407/22 1408/23 1406/24
g neck_rib
f 1407/21 1409/22 1410/23 1408/24
g neck_rib
f 1409/21 1411/22 1412/23 1410/24
g neck_rib
f 1411/21 1413/22 1414/23 1412/24
g neck_rib
f 1413/21 1415/22 1416/23 1414/24
g neck_rib
f 1415/21 1417/22 1418/23 1416/24
g neck_rib
f 1417/21 1395/22 1398/23 1418/24
g neck_rib
f 1419/21 1396/22 1395/23 1395/24
g neck_rib
f 1419/21 1399/22 1396/23 1396/24
g neck_rib
f 1419/21 1401/22 1399/23 1399/24
g neck_rib
f 1419/21 1403/22 1401/23 1401/24
g neck_rib
f 1419/21 1405/22 1403/23 1403/24
g neck_rib
f 1419/21 1407/22 1405/23 1405/24
g neck_rib
f 1419/21 1409/22 1407/23 1407/24
g neck_rib
f 1419/21 1411/22 1409/23 1409/24
g neck_rib
f 1419/21 1413/22 1411/23 1411/24
g neck_rib
f 1419/21 1415/22 1413/23 1413/24
g neck_rib
f 1419/21 1417/22 1415/23 1415/24
g neck_rib
f 1419/21 1395/22 1417/23 1417/24
g neck_rib
f 1420/21 1398/22 1397/23 1397/24
g neck_rib
f 1420/21 1397/22 1400/23 1400/24
g neck_rib
f 1420/21 1400/22 1402/23 1402/24
g neck_rib
f 1420/21 1402/22 1404/23 1404/24
g neck_rib
f 1420/21 1404/22 1406/23 1406/24
g neck_rib
f 1420/21 1406/22 1408/23 1408/24
g neck_rib
f 1420/21 1408/22 1410/23 1410/24
g neck_rib
f 1420/21 1410/22 1412/23 1412/24
g neck_rib
f 1420/21 1412/22 1414/23 1414/24
g neck_rib
f 1420/21 1414/22 1416/23 1416/24
g neck_rib
f 1420/21 1416/22 1418/23 1418/24
g neck_rib
f 1420/21 1418/22 1398/23 1398/24
g neck_rib
f 1421/21 1422/22 1423/23 1424/24
g neck_rib
f 1422/21 1425/22 1426/23 1423/24
g neck_rib
f 1425/21 1427/22 1428/23 1426/24
g neck_rib
f 1427/21 1429/22 1430/23 1428/24
g neck_rib
f 1429/21 1431/22 1432/23 1430/24
g neck_rib
f 1431/21 1433/22 1434/23 1432/24
g neck_rib
f 1433/21 1435/22 1436/23 1434/24
g neck_rib
f 1435/21 1437/22 1438/23 1436/24
g neck_rib
f 1437/21 1439/22 1440/23 1438/24
g neck_rib
f 1439/21 1441/22 1442/23 1440/24
g neck_rib
f 1441/21 1443/22 1444/23 1442/24
g neck_rib
f 1443/21 1421/22 1424/23 1444/24
g neck_rib
f 1445/21 1422/22 1421/23 1421/24
g neck_rib
f 1445/21 1425/22 1422/23 1422/24
g neck_rib
f 1445/21 1427/22 1425/23 1425/24
g neck_rib
f 1445/21 1429/22 1427/23 1427/24
g neck_rib
f 1445/21 1431/22 1429/23 1429/24
g neck_rib
f 1445/21 1433/22 1431/23 1431/24
g neck_rib
f 1445/21 1435/22 1433/23 1433/24
g neck_rib
f 1445/21 1437/22 1435/23 1435/24
g neck_rib
f 1445/21 1439/22 1437/23 1437/24
g neck_rib
f 1445/21 1441/22 1439/23 1439/24
g neck_rib
f 1445/21 1443/22 1441/23 1441/24
g neck_rib
f 1445/21 1421/22 1443/23 1443/24
g neck_rib
f 1446/21 1424/22 1423/23 1423/24
g neck_rib
f 1446/21 1423/22 1426/23 1426/24
g neck_rib
f 1446/21 1426/22 1428/23 1428/24
g neck_rib
f 1446/21 1428/22 1430/23 1430/24
g neck_rib
f 1446/21 1430/22 1432/23 1432/24
g neck_rib
f 1446/21 1432/22 1434/23 1434/24
g neck_rib
f 1446/21 1434/22 1436/23 1436/24
g neck_rib
f 1446/21 1436/22 1438/23 1438/24
g neck_rib
f 1446/21 1438/22 1440/23 1440/24
g neck_rib
f 1446/21 1440/22 1442/23 1442/24
g neck_rib
f 1446/21 1442/22 1444/23 1444/24
g neck_rib
f 1446/21 1444/22 1424/23 1424/24
g neck_rib
f 1447/21 1448/22 1449/23 1450/24
g neck_rib
f 1448/21 1451/22 1452/23 1449/24
g neck_rib
f 1451/21 1453/22 1454/23 1452/24
g neck_rib
f 1453/21 1455/22 1456/23 1454/24
g neck_rib
f 1455/21 1457/22 1458/23 1456/24
g neck_rib
f 1457/21 1459/22 1460/23 1458/24
g neck_rib
f 1459/21 1461/22 1462/23 1460/24
g neck_rib
f 1461/21 1463/22 1464/23 1462/24
g neck_rib
f 1463/21 1465/22 1466/23 1464/24
g neck_rib
f 1465/21 1467/22 1468/23 1466/24
g neck_rib
f 1467/21 1469/22 1470/23 1468/24
g neck_rib
f 1469/21 1447/22 1450/23 1470/24
g neck_rib
f 1471/21 1448/22 1447/23 1447/24
g neck_rib
f 1471/21 1451/22 1448/23 1448/24
g neck_rib
f 1471/21 1453/22 1451/23 1451/24
g neck_rib
f 1471/21 1455/22 1453/23 1453/24
g neck_rib
f 1471/21 1457/22 1455/23 1455/24
g neck_rib
f 1471/21 1459/22 1457/23 1457/24
g neck_rib
f 1471/21 1461/22 1459/23 1459/24
g neck_rib
f 1471/21 1463/22 1461/23 1461/24
g neck_rib
f 1471/21 1465/22 1463/23 1463/24
g neck_rib
f 1471/21 1467/22 1465/23 1465/24
g neck_rib
f 1471/21 1469/22 1467/23 1467/24
g neck_rib
f 1471/21 1447/22 1469/23 1469/24
g neck_rib
f 1472/21 1450/22 1449/23 1449/24
g neck_rib
f 1472/21 1449/22 1452/23 1452/24
g neck_rib
f 1472/21 1452/22 1454/23 1454/24
g neck_rib
f 1472/21 1454/22 1456/23 1456/24
g neck_rib
f 1472/21 1456/22 1458/23 1458/24
g neck_rib
f 1472/21 1458/22 1460/23 1460/24
g neck_rib
f 1472/21 1460/22 1462/23 1462/24
g neck_rib
f 1472/21 1462/22 1464/23 1464/24
g neck_rib
f 1472/21 1464/22 1466/23 1466/24
g neck_rib
f 1472/21 1466/22 1468/23 1468/24
g neck_rib
f 1472/21 1468/22 1470/23 1470/24
g neck_rib
f 1472/21 1470/22 1450/23 1450/24
g long_swept_blade
f 1473/17 1474/18 1475/19 1476/20
g long_swept_blade
f 1476/13 1475/14 1477/15 1478/16
g long_swept_blade
f 1478/21 1477/22 1479/23 1480/24
g long_swept_blade
f 1480/21 1479/22 1481/23 1482/24
g long_swept_blade
f 1482/13 1481/14 1483/15 1484/16
g long_swept_blade
f 1484/17 1483/18 1474/19 1473/20
g long_swept_blade
f 1474/17 1485/18 1486/19 1475/20
g long_swept_blade
f 1475/13 1486/14 1487/15 1477/16
g long_swept_blade
f 1477/21 1487/22 1488/23 1479/24
g long_swept_blade
f 1479/21 1488/22 1489/23 1481/24
g long_swept_blade
f 1481/13 1489/14 1490/15 1483/16
g long_swept_blade
f 1483/17 1490/18 1485/19 1474/20
g long_swept_blade
f 1485/17 1491/18 1492/19 1486/20
g long_swept_blade
f 1486/13 1492/14 1493/15 1487/16
g long_swept_blade
f 1487/21 1493/22 1494/23 1488/24
g long_swept_blade
f 1488/21 1494/22 1495/23 1489/24
g long_swept_blade
f 1489/13 1495/14 1496/15 1490/16
g long_swept_blade
f 1490/17 1496/18 1491/19 1485/20
g long_swept_blade
f 1491/17 1497/18 1498/19 1492/20
g long_swept_blade
f 1492/13 1498/14 1499/15 1493/16
g long_swept_blade
f 1493/21 1499/22 1500/23 1494/24
g long_swept_blade
f 1494/21 1500/22 1501/23 1495/24
g long_swept_blade
f 1495/13 1501/14 1502/15 1496/16
g long_swept_blade
f 1496/17 1502/18 1497/19 1491/20
g long_swept_blade
f 1497/17 1503/18 1504/19 1498/20
g long_swept_blade
f 1498/13 1504/14 1505/15 1499/16
g long_swept_blade
f 1499/21 1505/22 1506/23 1500/24
g long_swept_blade
f 1500/21 1506/22 1507/23 1501/24
g long_swept_blade
f 1501/13 1507/14 1508/15 1502/16
g long_swept_blade
f 1502/17 1508/18 1503/19 1497/20
g long_swept_blade
f 1503/17 1509/18 1510/19 1504/20
g long_swept_blade
f 1504/13 1510/14 1511/15 1505/16
g long_swept_blade
f 1505/21 1511/22 1512/23 1506/24
g long_swept_blade
f 1506/21 1512/22 1513/23 1507/24
g long_swept_blade
f 1507/13 1513/14 1514/15 1508/16
g long_swept_blade
f 1508/17 1514/18 1509/19 1503/20
g long_swept_blade
f 1509/17 1515/18 1516/19 1510/20
g long_swept_blade
f 1510/13 1516/14 1517/15 1511/16
g long_swept_blade
f 1511/21 1517/22 1518/23 1512/24
g long_swept_blade
f 1512/21 1518/22 1519/23 1513/24
g long_swept_blade
f 1513/13 1519/14 1520/15 1514/16
g long_swept_blade
f 1514/17 1520/18 1515/19 1509/20
g long_swept_blade
f 1515/17 1521/18 1522/19 1516/20
g long_swept_blade
f 1516/13 1522/14 1523/15 1517/16
g long_swept_blade
f 1517/21 1523/22 1524/23 1518/24
g long_swept_blade
f 1518/21 1524/22 1525/23 1519/24
g long_swept_blade
f 1519/13 1525/14 1526/15 1520/16
g long_swept_blade
f 1520/17 1526/18 1521/19 1515/20
g long_swept_blade
f 1521/17 1527/18 1528/19 1522/20
g long_swept_blade
f 1522/13 1528/14 1529/15 1523/16
g long_swept_blade
f 1523/21 1529/22 1530/23 1524/24
g long_swept_blade
f 1524/21 1530/22 1531/23 1525/24
g long_swept_blade
f 1525/13 1531/14 1532/15 1526/16
g long_swept_blade
f 1526/17 1532/18 1527/19 1521/20
g long_swept_blade
f 1527/17 1533/18 1534/19 1528/20
g long_swept_blade
f 1528/13 1534/14 1535/15 1529/16
g long_swept_blade
f 1529/21 1535/22 1536/23 1530/24
g long_swept_blade
f 1530/21 1536/22 1537/23 1531/24
g long_swept_blade
f 1531/13 1537/14 1538/15 1532/16
g long_swept_blade
f 1532/17 1538/18 1533/19 1527/20
g long_swept_blade
f 1533/17 1539/18 1540/19 1534/20
g long_swept_blade
f 1534/13 1540/14 1541/15 1535/16
g long_swept_blade
f 1535/21 1541/22 1542/23 1536/24
g long_swept_blade
f 1536/21 1542/22 1543/23 1537/24
g long_swept_blade
f 1537/13 1543/14 1544/15 1538/16
g long_swept_blade
f 1538/17 1544/18 1539/19 1533/20
g long_swept_blade
f 1539/17 1545/18 1546/19 1540/20
g long_swept_blade
f 1540/13 1546/14 1547/15 1541/16
g long_swept_blade
f 1541/21 1547/22 1548/23 1542/24
g long_swept_blade
f 1542/21 1548/22 1549/23 1543/24
g long_swept_blade
f 1543/13 1549/14 1550/15 1544/16
g long_swept_blade
f 1544/17 1550/18 1545/19 1539/20
g long_swept_blade
f 1545/17 1551/18 1552/19 1546/20
g long_swept_blade
f 1546/13 1552/14 1553/15 1547/16
g long_swept_blade
f 1547/21 1553/22 1554/23 1548/24
g long_swept_blade
f 1548/21 1554/22 1555/23 1549/24
g long_swept_blade
f 1549/13 1555/14 1556/15 1550/16
g long_swept_blade
f 1550/17 1556/18 1551/19 1545/20
g long_swept_blade
f 1551/17 1557/18 1558/19 1552/20
g long_swept_blade
f 1552/13 1558/14 1559/15 1553/16
g long_swept_blade
f 1553/21 1559/22 1560/23 1554/24
g long_swept_blade
f 1554/21 1560/22 1561/23 1555/24
g long_swept_blade
f 1555/13 1561/14 1562/15 1556/16
g long_swept_blade
f 1556/17 1562/18 1557/19 1551/20
g long_swept_blade
f 1557/17 1563/18 1564/19 1558/20
g long_swept_blade
f 1558/13 1564/14 1565/15 1559/16
g long_swept_blade
f 1559/21 1565/22 1566/23 1560/24
g long_swept_blade
f 1560/21 1566/22 1567/23 1561/24
g long_swept_blade
f 1561/13 1567/14 1568/15 1562/16
g long_swept_blade
f 1562/17 1568/18 1563/19 1557/20
g long_swept_blade
f 1563/17 1569/18 1570/19 1564/20
g long_swept_blade
f 1564/13 1570/14 1571/15 1565/16
g long_swept_blade
f 1565/21 1571/22 1572/23 1566/24
g long_swept_blade
f 1566/21 1572/22 1573/23 1567/24
g long_swept_blade
f 1567/13 1573/14 1574/15 1568/16
g long_swept_blade
f 1568/17 1574/18 1569/19 1563/20
g long_swept_blade
f 1569/17 1575/18 1576/19 1570/20
g long_swept_blade
f 1570/13 1576/14 1577/15 1571/16
g long_swept_blade
f 1571/21 1577/22 1578/23 1572/24
g long_swept_blade
f 1572/21 1578/22 1579/23 1573/24
g long_swept_blade
f 1573/13 1579/14 1580/15 1574/16
g long_swept_blade
f 1574/17 1580/18 1575/19 1569/20
g long_swept_blade
f 1575/17 1581/18 1582/19 1576/20
g long_swept_blade
f 1576/13 1582/14 1583/15 1577/16
g long_swept_blade
f 1577/21 1583/22 1584/23 1578/24
g long_swept_blade
f 1578/21 1584/22 1585/23 1579/24
g long_swept_blade
f 1579/13 1585/14 1586/15 1580/16
g long_swept_blade
f 1580/17 1586/18 1581/19 1575/20
g long_swept_blade
f 1581/17 1587/18 1588/19 1582/20
g long_swept_blade
f 1582/13 1588/14 1589/15 1583/16
g long_swept_blade
f 1583/21 1589/22 1590/23 1584/24
g long_swept_blade
f 1584/21 1590/22 1591/23 1585/24
g long_swept_blade
f 1585/13 1591/14 1592/15 1586/16
g long_swept_blade
f 1586/17 1592/18 1587/19 1581/20
g long_swept_blade
f 1587/17 1593/18 1594/19 1588/20
g long_swept_blade
f 1588/13 1594/14 1595/15 1589/16
g long_swept_blade
f 1589/21 1595/22 1596/23 1590/24
g long_swept_blade
f 1590/21 1596/22 1597/23 1591/24
g long_swept_blade
f 1591/13 1597/14 1598/15 1592/16
g long_swept_blade
f 1592/17 1598/18 1593/19 1587/20
g long_swept_blade
f 1593/17 1599/18 1600/19 1594/20
g long_swept_blade
f 1594/13 1600/14 1601/15 1595/16
g long_swept_blade
f 1595/21 1601/22 1602/23 1596/24
g long_swept_blade
f 1596/21 1602/22 1603/23 1597/24
g long_swept_blade
f 1597/13 1603/14 1604/15 1598/16
g long_swept_blade
f 1598/17 1604/18 1599/19 1593/20
g long_swept_blade
f 1599/17 1605/18 1606/19 1600/20
g long_swept_blade
f 1600/13 1606/14 1607/15 1601/16
g long_swept_blade
f 1601/21 1607/22 1608/23 1602/24
g long_swept_blade
f 1602/21 1608/22 1609/23 1603/24
g long_swept_blade
f 1603/13 1609/14 1610/15 1604/16
g long_swept_blade
f 1604/17 1610/18 1605/19 1599/20
g long_swept_blade
f 1605/17 1611/18 1612/19 1606/20
g long_swept_blade
f 1606/13 1612/14 1613/15 1607/16
g long_swept_blade
f 1607/21 1613/22 1614/23 1608/24
g long_swept_blade
f 1608/21 1614/22 1615/23 1609/24
g long_swept_blade
f 1609/13 1615/14 1616/15 1610/16
g long_swept_blade
f 1610/17 1616/18 1611/19 1605/20
g long_swept_blade
f 1611/17 1617/18 1618/19 1612/20
g long_swept_blade
f 1612/13 1618/14 1619/15 1613/16
g long_swept_blade
f 1613/21 1619/22 1620/23 1614/24
g long_swept_blade
f 1614/21 1620/22 1621/23 1615/24
g long_swept_blade
f 1615/13 1621/14 1622/15 1616/16
g long_swept_blade
f 1616/17 1622/18 1617/19 1611/20
g long_swept_blade
f 1617/17 1623/18 1624/19 1618/20
g long_swept_blade
f 1618/13 1624/14 1625/15 1619/16
g long_swept_blade
f 1619/21 1625/22 1626/23 1620/24
g long_swept_blade
f 1620/21 1626/22 1627/23 1621/24
g long_swept_blade
f 1621/13 1627/14 1628/15 1622/16
g long_swept_blade
f 1622/17 1628/18 1623/19 1617/20
g long_swept_blade
f 1623/17 1629/18 1630/19 1624/20
g long_swept_blade
f 1624/13 1630/14 1631/15 1625/16
g long_swept_blade
f 1625/21 1631/22 1632/23 1626/24
g long_swept_blade
f 1626/21 1632/22 1633/23 1627/24
g long_swept_blade
f 1627/13 1633/14 1634/15 1628/16
g long_swept_blade
f 1628/17 1634/18 1629/19 1623/20
g long_swept_blade
f 1629/17 1635/18 1636/19 1630/20
g long_swept_blade
f 1630/13 1636/14 1637/15 1631/16
g long_swept_blade
f 1631/21 1637/22 1638/23 1632/24
g long_swept_blade
f 1632/21 1638/22 1639/23 1633/24
g long_swept_blade
f 1633/13 1639/14 1640/15 1634/16
g long_swept_blade
f 1634/17 1640/18 1635/19 1629/20
g long_swept_blade
f 1635/17 1641/18 1642/19 1636/20
g long_swept_blade
f 1636/13 1642/14 1643/15 1637/16
g long_swept_blade
f 1637/21 1643/22 1644/23 1638/24
g long_swept_blade
f 1638/21 1644/22 1645/23 1639/24
g long_swept_blade
f 1639/13 1645/14 1646/15 1640/16
g long_swept_blade
f 1640/17 1646/18 1641/19 1635/20
g long_swept_blade
f 1641/17 1647/18 1648/19 1642/20
g long_swept_blade
f 1642/13 1648/14 1649/15 1643/16
g long_swept_blade
f 1643/21 1649/22 1650/23 1644/24
g long_swept_blade
f 1644/21 1650/22 1651/23 1645/24
g long_swept_blade
f 1645/13 1651/14 1652/15 1646/16
g long_swept_blade
f 1646/17 1652/18 1647/19 1641/20
g long_swept_blade
f 1647/17 1653/18 1654/19 1648/20
g long_swept_blade
f 1648/13 1654/14 1655/15 1649/16
g long_swept_blade
f 1649/21 1655/22 1656/23 1650/24
g long_swept_blade
f 1650/21 1656/22 1657/23 1651/24
g long_swept_blade
f 1651/13 1657/14 1658/15 1652/16
g long_swept_blade
f 1652/17 1658/18 1653/19 1647/20
g long_swept_blade
f 1473/13 1476/14 1478/15 1478/16
g long_swept_blade
f 1473/13 1478/14 1480/15 1480/16
g long_swept_blade
f 1473/13 1480/14 1482/15 1482/16
g long_swept_blade
f 1473/13 1482/14 1484/15 1484/16
g long_swept_blade
f 1653/13 1654/14 1655/15 1655/16
g long_swept_blade
f 1653/13 1655/14 1656/15 1656/16
g long_swept_blade
f 1653/13 1656/14 1657/15 1657/16
g long_swept_blade
f 1653/13 1657/14 1658/15 1658/16
g short_fork_outer
f 1659/17 1660/18 1661/19 1662/20
g short_fork_outer
f 1662/13 1661/14 1663/15 1664/16
g short_fork_outer
f 1664/21 1663/22 1665/23 1666/24
g short_fork_outer
f 1666/21 1665/22 1667/23 1668/24
g short_fork_outer
f 1668/13 1667/14 1669/15 1670/16
g short_fork_outer
f 1670/17 1669/18 1660/19 1659/20
g short_fork_outer
f 1660/17 1671/18 1672/19 1661/20
g short_fork_outer
f 1661/13 1672/14 1673/15 1663/16
g short_fork_outer
f 1663/21 1673/22 1674/23 1665/24
g short_fork_outer
f 1665/21 1674/22 1675/23 1667/24
g short_fork_outer
f 1667/13 1675/14 1676/15 1669/16
g short_fork_outer
f 1669/17 1676/18 1671/19 1660/20
g short_fork_outer
f 1671/17 1677/18 1678/19 1672/20
g short_fork_outer
f 1672/13 1678/14 1679/15 1673/16
g short_fork_outer
f 1673/21 1679/22 1680/23 1674/24
g short_fork_outer
f 1674/21 1680/22 1681/23 1675/24
g short_fork_outer
f 1675/13 1681/14 1682/15 1676/16
g short_fork_outer
f 1676/17 1682/18 1677/19 1671/20
g short_fork_outer
f 1677/17 1683/18 1684/19 1678/20
g short_fork_outer
f 1678/13 1684/14 1685/15 1679/16
g short_fork_outer
f 1679/21 1685/22 1686/23 1680/24
g short_fork_outer
f 1680/21 1686/22 1687/23 1681/24
g short_fork_outer
f 1681/13 1687/14 1688/15 1682/16
g short_fork_outer
f 1682/17 1688/18 1683/19 1677/20
g short_fork_outer
f 1683/17 1689/18 1690/19 1684/20
g short_fork_outer
f 1684/13 1690/14 1691/15 1685/16
g short_fork_outer
f 1685/21 1691/22 1692/23 1686/24
g short_fork_outer
f 1686/21 1692/22 1693/23 1687/24
g short_fork_outer
f 1687/13 1693/14 1694/15 1688/16
g short_fork_outer
f 1688/17 1694/18 1689/19 1683/20
g short_fork_outer
f 1689/17 1695/18 1696/19 1690/20
g short_fork_outer
f 1690/13 1696/14 1697/15 1691/16
g short_fork_outer
f 1691/21 1697/22 1698/23 1692/24
g short_fork_outer
f 1692/21 1698/22 1699/23 1693/24
g short_fork_outer
f 1693/13 1699/14 1700/15 1694/16
g short_fork_outer
f 1694/17 1700/18 1695/19 1689/20
g short_fork_outer
f 1695/17 1701/18 1702/19 1696/20
g short_fork_outer
f 1696/13 1702/14 1703/15 1697/16
g short_fork_outer
f 1697/21 1703/22 1704/23 1698/24
g short_fork_outer
f 1698/21 1704/22 1705/23 1699/24
g short_fork_outer
f 1699/13 1705/14 1706/15 1700/16
g short_fork_outer
f 1700/17 1706/18 1701/19 1695/20
g short_fork_outer
f 1701/17 1707/18 1708/19 1702/20
g short_fork_outer
f 1702/13 1708/14 1709/15 1703/16
g short_fork_outer
f 1703/21 1709/22 1710/23 1704/24
g short_fork_outer
f 1704/21 1710/22 1711/23 1705/24
g short_fork_outer
f 1705/13 1711/14 1712/15 1706/16
g short_fork_outer
f 1706/17 1712/18 1707/19 1701/20
g short_fork_outer
f 1707/17 1713/18 1714/19 1708/20
g short_fork_outer
f 1708/13 1714/14 1715/15 1709/16
g short_fork_outer
f 1709/21 1715/22 1716/23 1710/24
g short_fork_outer
f 1710/21 1716/22 1717/23 1711/24
g short_fork_outer
f 1711/13 1717/14 1718/15 1712/16
g short_fork_outer
f 1712/17 1718/18 1713/19 1707/20
g short_fork_outer
f 1713/17 1719/18 1720/19 1714/20
g short_fork_outer
f 1714/13 1720/14 1721/15 1715/16
g short_fork_outer
f 1715/21 1721/22 1722/23 1716/24
g short_fork_outer
f 1716/21 1722/22 1723/23 1717/24
g short_fork_outer
f 1717/13 1723/14 1724/15 1718/16
g short_fork_outer
f 1718/17 1724/18 1719/19 1713/20
g short_fork_outer
f 1719/17 1725/18 1726/19 1720/20
g short_fork_outer
f 1720/13 1726/14 1727/15 1721/16
g short_fork_outer
f 1721/21 1727/22 1728/23 1722/24
g short_fork_outer
f 1722/21 1728/22 1729/23 1723/24
g short_fork_outer
f 1723/13 1729/14 1730/15 1724/16
g short_fork_outer
f 1724/17 1730/18 1725/19 1719/20
g short_fork_outer
f 1725/17 1731/18 1732/19 1726/20
g short_fork_outer
f 1726/13 1732/14 1733/15 1727/16
g short_fork_outer
f 1727/21 1733/22 1734/23 1728/24
g short_fork_outer
f 1728/21 1734/22 1735/23 1729/24
g short_fork_outer
f 1729/13 1735/14 1736/15 1730/16
g short_fork_outer
f 1730/17 1736/18 1731/19 1725/20
g short_fork_outer
f 1731/17 1737/18 1738/19 1732/20
g short_fork_outer
f 1732/13 1738/14 1739/15 1733/16
g short_fork_outer
f 1733/21 1739/22 1740/23 1734/24
g short_fork_outer
f 1734/21 1740/22 1741/23 1735/24
g short_fork_outer
f 1735/13 1741/14 1742/15 1736/16
g short_fork_outer
f 1736/17 1742/18 1737/19 1731/20
g short_fork_outer
f 1737/17 1743/18 1744/19 1738/20
g short_fork_outer
f 1738/13 1744/14 1745/15 1739/16
g short_fork_outer
f 1739/21 1745/22 1746/23 1740/24
g short_fork_outer
f 1740/21 1746/22 1747/23 1741/24
g short_fork_outer
f 1741/13 1747/14 1748/15 1742/16
g short_fork_outer
f 1742/17 1748/18 1743/19 1737/20
g short_fork_outer
f 1743/17 1749/18 1750/19 1744/20
g short_fork_outer
f 1744/13 1750/14 1751/15 1745/16
g short_fork_outer
f 1745/21 1751/22 1752/23 1746/24
g short_fork_outer
f 1746/21 1752/22 1753/23 1747/24
g short_fork_outer
f 1747/13 1753/14 1754/15 1748/16
g short_fork_outer
f 1748/17 1754/18 1749/19 1743/20
g short_fork_outer
f 1749/17 1755/18 1756/19 1750/20
g short_fork_outer
f 1750/13 1756/14 1757/15 1751/16
g short_fork_outer
f 1751/21 1757/22 1758/23 1752/24
g short_fork_outer
f 1752/21 1758/22 1759/23 1753/24
g short_fork_outer
f 1753/13 1759/14 1760/15 1754/16
g short_fork_outer
f 1754/17 1760/18 1755/19 1749/20
g short_fork_outer
f 1755/17 1761/18 1762/19 1756/20
g short_fork_outer
f 1756/13 1762/14 1763/15 1757/16
g short_fork_outer
f 1757/21 1763/22 1764/23 1758/24
g short_fork_outer
f 1758/21 1764/22 1765/23 1759/24
g short_fork_outer
f 1759/13 1765/14 1766/15 1760/16
g short_fork_outer
f 1760/17 1766/18 1761/19 1755/20
g short_fork_outer
f 1761/17 1767/18 1768/19 1762/20
g short_fork_outer
f 1762/13 1768/14 1769/15 1763/16
g short_fork_outer
f 1763/21 1769/22 1770/23 1764/24
g short_fork_outer
f 1764/21 1770/22 1771/23 1765/24
g short_fork_outer
f 1765/13 1771/14 1772/15 1766/16
g short_fork_outer
f 1766/17 1772/18 1767/19 1761/20
g short_fork_outer
f 1767/17 1773/18 1774/19 1768/20
g short_fork_outer
f 1768/13 1774/14 1775/15 1769/16
g short_fork_outer
f 1769/21 1775/22 1776/23 1770/24
g short_fork_outer
f 1770/21 1776/22 1777/23 1771/24
g short_fork_outer
f 1771/13 1777/14 1778/15 1772/16
g short_fork_outer
f 1772/17 1778/18 1773/19 1767/20
g short_fork_outer
f 1773/17 1779/18 1780/19 1774/20
g short_fork_outer
f 1774/13 1780/14 1781/15 1775/16
g short_fork_outer
f 1775/21 1781/22 1782/23 1776/24
g short_fork_outer
f 1776/21 1782/22 1783/23 1777/24
g short_fork_outer
f 1777/13 1783/14 1784/15 1778/16
g short_fork_outer
f 1778/17 1784/18 1779/19 1773/20
g short_fork_outer
f 1779/17 1785/18 1786/19 1780/20
g short_fork_outer
f 1780/13 1786/14 1787/15 1781/16
g short_fork_outer
f 1781/21 1787/22 1788/23 1782/24
g short_fork_outer
f 1782/21 1788/22 1789/23 1783/24
g short_fork_outer
f 1783/13 1789/14 1790/15 1784/16
g short_fork_outer
f 1784/17 1790/18 1785/19 1779/20
g short_fork_outer
f 1785/17 1791/18 1792/19 1786/20
g short_fork_outer
f 1786/13 1792/14 1793/15 1787/16
g short_fork_outer
f 1787/21 1793/22 1794/23 1788/24
g short_fork_outer
f 1788/21 1794/22 1795/23 1789/24
g short_fork_outer
f 1789/13 1795/14 1796/15 1790/16
g short_fork_outer
f 1790/17 1796/18 1791/19 1785/20
g short_fork_outer
f 1791/17 1797/18 1798/19 1792/20
g short_fork_outer
f 1792/13 1798/14 1799/15 1793/16
g short_fork_outer
f 1793/21 1799/22 1800/23 1794/24
g short_fork_outer
f 1794/21 1800/22 1801/23 1795/24
g short_fork_outer
f 1795/13 1801/14 1802/15 1796/16
g short_fork_outer
f 1796/17 1802/18 1797/19 1791/20
g short_fork_outer
f 1797/17 1803/18 1804/19 1798/20
g short_fork_outer
f 1798/13 1804/14 1805/15 1799/16
g short_fork_outer
f 1799/21 1805/22 1806/23 1800/24
g short_fork_outer
f 1800/21 1806/22 1807/23 1801/24
g short_fork_outer
f 1801/13 1807/14 1808/15 1802/16
g short_fork_outer
f 1802/17 1808/18 1803/19 1797/20
g short_fork_outer
f 1803/17 1809/18 1810/19 1804/20
g short_fork_outer
f 1804/13 1810/14 1811/15 1805/16
g short_fork_outer
f 1805/21 1811/22 1812/23 1806/24
g short_fork_outer
f 1806/21 1812/22 1813/23 1807/24
g short_fork_outer
f 1807/13 1813/14 1814/15 1808/16
g short_fork_outer
f 1808/17 1814/18 1809/19 1803/20
g short_fork_outer
f 1659/13 1662/14 1664/15 1664/16
g short_fork_outer
f 1659/13 1664/14 1666/15 1666/16
g short_fork_outer
f 1659/13 1666/14 1668/15 1668/16
g short_fork_outer
f 1659/13 1668/14 1670/15 1670/16
g short_fork_outer
f 1809/13 1810/14 1811/15 1811/16
g short_fork_outer
f 1809/13 1811/14 1812/15 1812/16
g short_fork_outer
f 1809/13 1812/14 1813/15 1813/16
g short_fork_outer
f 1809/13 1813/14 1814/15 1814/16
g short_fork_inner
f 1815/17 1816/18 1817/19 1818/20
g short_fork_inner
f 1818/13 1817/14 1819/15 1820/16
g short_fork_inner
f 1820/21 1819/22 1821/23 1822/24
g short_fork_inner
f 1822/21 1821/22 1823/23 1824/24
g short_fork_inner
f 1824/13 1823/14 1825/15 1826/16
g short_fork_inner
f 1826/17 1825/18 1816/19 1815/20
g short_fork_inner
f 1816/17 1827/18 1828/19 1817/20
g short_fork_inner
f 1817/13 1828/14 1829/15 1819/16
g short_fork_inner
f 1819/21 1829/22 1830/23 1821/24
g short_fork_inner
f 1821/21 1830/22 1831/23 1823/24
g short_fork_inner
f 1823/13 1831/14 1832/15 1825/16
g short_fork_inner
f 1825/17 1832/18 1827/19 1816/20
g short_fork_inner
f 1827/17 1833/18 1834/19 1828/20
g short_fork_inner
f 1828/13 1834/14 1835/15 1829/16
g short_fork_inner
f 1829/21 1835/22 1836/23 1830/24
g short_fork_inner
f 1830/21 1836/22 1837/23 1831/24
g short_fork_inner
f 1831/13 1837/14 1838/15 1832/16
g short_fork_inner
f 1832/17 1838/18 1833/19 1827/20
g short_fork_inner
f 1833/17 1839/18 1840/19 1834/20
g short_fork_inner
f 1834/13 1840/14 1841/15 1835/16
g short_fork_inner
f 1835/21 1841/22 1842/23 1836/24
g short_fork_inner
f 1836/21 1842/22 1843/23 1837/24
g short_fork_inner
f 1837/13 1843/14 1844/15 1838/16
g short_fork_inner
f 1838/17 1844/18 1839/19 1833/20
g short_fork_inner
f 1839/17 1845/18 1846/19 1840/20
g short_fork_inner
f 1840/13 1846/14 1847/15 1841/16
g short_fork_inner
f 1841/21 1847/22 1848/23 1842/24
g short_fork_inner
f 1842/21 1848/22 1849/23 1843/24
g short_fork_inner
f 1843/13 1849/14 1850/15 1844/16
g short_fork_inner
f 1844/17 1850/18 1845/19 1839/20
g short_fork_inner
f 1845/17 1851/18 1852/19 1846/20
g short_fork_inner
f 1846/13 1852/14 1853/15 1847/16
g short_fork_inner
f 1847/21 1853/22 1854/23 1848/24
g short_fork_inner
f 1848/21 1854/22 1855/23 1849/24
g short_fork_inner
f 1849/13 1855/14 1856/15 1850/16
g short_fork_inner
f 1850/17 1856/18 1851/19 1845/20
g short_fork_inner
f 1851/17 1857/18 1858/19 1852/20
g short_fork_inner
f 1852/13 1858/14 1859/15 1853/16
g short_fork_inner
f 1853/21 1859/22 1860/23 1854/24
g short_fork_inner
f 1854/21 1860/22 1861/23 1855/24
g short_fork_inner
f 1855/13 1861/14 1862/15 1856/16
g short_fork_inner
f 1856/17 1862/18 1857/19 1851/20
g short_fork_inner
f 1857/17 1863/18 1864/19 1858/20
g short_fork_inner
f 1858/13 1864/14 1865/15 1859/16
g short_fork_inner
f 1859/21 1865/22 1866/23 1860/24
g short_fork_inner
f 1860/21 1866/22 1867/23 1861/24
g short_fork_inner
f 1861/13 1867/14 1868/15 1862/16
g short_fork_inner
f 1862/17 1868/18 1863/19 1857/20
g short_fork_inner
f 1863/17 1869/18 1870/19 1864/20
g short_fork_inner
f 1864/13 1870/14 1871/15 1865/16
g short_fork_inner
f 1865/21 1871/22 1872/23 1866/24
g short_fork_inner
f 1866/21 1872/22 1873/23 1867/24
g short_fork_inner
f 1867/13 1873/14 1874/15 1868/16
g short_fork_inner
f 1868/17 1874/18 1869/19 1863/20
g short_fork_inner
f 1869/17 1875/18 1876/19 1870/20
g short_fork_inner
f 1870/13 1876/14 1877/15 1871/16
g short_fork_inner
f 1871/21 1877/22 1878/23 1872/24
g short_fork_inner
f 1872/21 1878/22 1879/23 1873/24
g short_fork_inner
f 1873/13 1879/14 1880/15 1874/16
g short_fork_inner
f 1874/17 1880/18 1875/19 1869/20
g short_fork_inner
f 1815/13 1818/14 1820/15 1820/16
g short_fork_inner
f 1815/13 1820/14 1822/15 1822/16
g short_fork_inner
f 1815/13 1822/14 1824/15 1824/16
g short_fork_inner
f 1815/13 1824/14 1826/15 1826/16
g short_fork_inner
f 1875/13 1876/14 1877/15 1877/16
g short_fork_inner
f 1875/13 1877/14 1878/15 1878/16
g short_fork_inner
f 1875/13 1878/14 1879/15 1879/16
g short_fork_inner
f 1875/13 1879/14 1880/15 1880/16
g silver_crossbrace
f 1881/13 1882/14 1883/15 1884/16
g silver_crossbrace
f 1882/13 1885/14 1886/15 1883/16
g silver_crossbrace
f 1885/13 1887/14 1888/15 1886/16
g silver_crossbrace
f 1887/13 1889/14 1890/15 1888/16
g silver_crossbrace
f 1889/13 1891/14 1892/15 1890/16
g silver_crossbrace
f 1891/13 1893/14 1894/15 1892/16
g silver_crossbrace
f 1893/13 1895/14 1896/15 1894/16
g silver_crossbrace
f 1895/13 1881/14 1884/15 1896/16
g silver_crossbrace
f 1897/13 1882/14 1881/15 1881/16
g silver_crossbrace
f 1897/13 1885/14 1882/15 1882/16
g silver_crossbrace
f 1897/13 1887/14 1885/15 1885/16
g silver_crossbrace
f 1897/13 1889/14 1887/15 1887/16
g silver_crossbrace
f 1897/13 1891/14 1889/15 1889/16
g silver_crossbrace
f 1897/13 1893/14 1891/15 1891/16
g silver_crossbrace
f 1897/13 1895/14 1893/15 1893/16
g silver_crossbrace
f 1897/13 1881/14 1895/15 1895/16
g silver_crossbrace
f 1898/13 1884/14 1883/15 1883/16
g silver_crossbrace
f 1898/13 1883/14 1886/15 1886/16
g silver_crossbrace
f 1898/13 1886/14 1888/15 1888/16
g silver_crossbrace
f 1898/13 1888/14 1890/15 1890/16
g silver_crossbrace
f 1898/13 1890/14 1892/15 1892/16
g silver_crossbrace
f 1898/13 1892/14 1894/15 1894/16
g silver_crossbrace
f 1898/13 1894/14 1896/15 1896/16
g silver_crossbrace
f 1898/13 1896/14 1884/15 1884/16
g silver_crossbrace
f 1899/13 1900/14 1901/15 1902/16
g silver_crossbrace
f 1900/13 1903/14 1904/15 1901/16
g silver_crossbrace
f 1903/13 1905/14 1906/15 1904/16
g silver_crossbrace
f 1905/13 1907/14 1908/15 1906/16
g silver_crossbrace
f 1907/13 1909/14 1910/15 1908/16
g silver_crossbrace
f 1909/13 1911/14 1912/15 1910/16
g silver_crossbrace
f 1911/13 1913/14 1914/15 1912/16
g silver_crossbrace
f 1913/13 1899/14 1902/15 1914/16
g silver_crossbrace
f 1915/13 1900/14 1899/15 1899/16
g silver_crossbrace
f 1915/13 1903/14 1900/15 1900/16
g silver_crossbrace
f 1915/13 1905/14 1903/15 1903/16
g silver_crossbrace
f 1915/13 1907/14 1905/15 1905/16
g silver_crossbrace
f 1915/13 1909/14 1907/15 1907/16
g silver_crossbrace
f 1915/13 1911/14 1909/15 1909/16
g silver_crossbrace
f 1915/13 1913/14 1911/15 1911/16
g silver_crossbrace
f 1915/13 1899/14 1913/15 1913/16
g silver_crossbrace
f 1916/13 1902/14 1901/15 1901/16
g silver_crossbrace
f 1916/13 1901/14 1904/15 1904/16
g silver_crossbrace
f 1916/13 1904/14 1906/15 1906/16
g silver_crossbrace
f 1916/13 1906/14 1908/15 1908/16
g silver_crossbrace
f 1916/13 1908/14 1910/15 1910/16
g silver_crossbrace
f 1916/13 1910/14 1912/15 1912/16
g silver_crossbrace
f 1916/13 1912/14 1914/15 1914/16
g silver_crossbrace
f 1916/13 1914/14 1902/15 1902/16
g gold_socket
f 1917/5 1918/6 1919/7 1920/8
g gold_socket
f 1918/5 1921/6 1922/7 1919/8
g gold_socket
f 1921/5 1923/6 1924/7 1922/8
g gold_socket
f 1923/5 1925/6 1926/7 1924/8
g gold_socket
f 1925/5 1927/6 1928/7 1926/8
g gold_socket
f 1927/5 1929/6 1930/7 1928/8
g gold_socket
f 1929/5 1931/6 1932/7 1930/8
g gold_socket
f 1931/5 1933/6 1934/7 1932/8
g gold_socket
f 1933/5 1935/6 1936/7 1934/8
g gold_socket
f 1935/5 1937/6 1938/7 1936/8
g gold_socket
f 1937/5 1939/6 1940/7 1938/8
g gold_socket
f 1939/5 1917/6 1920/7 1940/8
g gold_socket
f 1920/5 1919/6 1941/7 1942/8
g gold_socket
f 1919/5 1922/6 1943/7 1941/8
g gold_socket
f 1922/5 1924/6 1944/7 1943/8
g gold_socket
f 1924/5 1926/6 1945/7 1944/8
g gold_socket
f 1926/5 1928/6 1946/7 1945/8
g gold_socket
f 1928/5 1930/6 1947/7 1946/8
g gold_socket
f 1930/5 1932/6 1948/7 1947/8
g gold_socket
f 1932/5 1934/6 1949/7 1948/8
g gold_socket
f 1934/5 1936/6 1950/7 1949/8
g gold_socket
f 1936/5 1938/6 1951/7 1950/8
g gold_socket
f 1938/5 1940/6 1952/7 1951/8
g gold_socket
f 1940/5 1920/6 1942/7 1952/8
g gold_socket
f 1942/5 1941/6 1953/7 1954/8
g gold_socket
f 1941/5 1943/6 1955/7 1953/8
g gold_socket
f 1943/5 1944/6 1956/7 1955/8
g gold_socket
f 1944/5 1945/6 1957/7 1956/8
g gold_socket
f 1945/5 1946/6 1958/7 1957/8
g gold_socket
f 1946/5 1947/6 1959/7 1958/8
g gold_socket
f 1947/5 1948/6 1960/7 1959/8
g gold_socket
f 1948/5 1949/6 1961/7 1960/8
g gold_socket
f 1949/5 1950/6 1962/7 1961/8
g gold_socket
f 1950/5 1951/6 1963/7 1962/8
g gold_socket
f 1951/5 1952/6 1964/7 1963/8
g gold_socket
f 1952/5 1942/6 1954/7 1964/8
g gold_socket
f 1965/5 1918/6 1917/7 1917/8
g gold_socket
f 1965/5 1921/6 1918/7 1918/8
g gold_socket
f 1965/5 1923/6 1921/7 1921/8
g gold_socket
f 1965/5 1925/6 1923/7 1923/8
g gold_socket
f 1965/5 1927/6 1925/7 1925/8
g gold_socket
f 1965/5 1929/6 1927/7 1927/8
g gold_socket
f 1965/5 1931/6 1929/7 1929/8
g gold_socket
f 1965/5 1933/6 1931/7 1931/8
g gold_socket
f 1965/5 1935/6 1933/7 1933/8
g gold_socket
f 1965/5 1937/6 1935/7 1935/8
g gold_socket
f 1965/5 1939/6 1937/7 1937/8
g gold_socket
f 1965/5 1917/6 1939/7 1939/8
g gold_socket
f 1966/5 1954/6 1953/7 1953/8
g gold_socket
f 1966/5 1953/6 1955/7 1955/8
g gold_socket
f 1966/5 1955/6 1956/7 1956/8
g gold_socket
f 1966/5 1956/6 1957/7 1957/8
g gold_socket
f 1966/5 1957/6 1958/7 1958/8
g gold_socket
f 1966/5 1958/6 1959/7 1959/8
g gold_socket
f 1966/5 1959/6 1960/7 1960/8
g gold_socket
f 1966/5 1960/6 1961/7 1961/8
g gold_socket
f 1966/5 1961/6 1962/7 1962/8
g gold_socket
f 1966/5 1962/6 1963/7 1963/8
g gold_socket
f 1966/5 1963/6 1964/7 1964/8
g gold_socket
f 1966/5 1964/6 1954/7 1954/8
g gem_blue_facets
f 1967/37 1967/38 1968/39 1969/40
g gem_blue_facets
f 1967/29 1967/30 1970/31 1968/32
g gem_blue_facets
f 1967/29 1967/30 1971/31 1970/32
g gem_blue_facets
f 1967/29 1967/30 1972/31 1971/32
g gem_blue_facets
f 1967/29 1967/30 1973/31 1972/32
g gem_blue_facets
f 1967/33 1967/34 1974/35 1973/36
g gem_blue_facets
f 1967/29 1967/30 1975/31 1974/32
g gem_blue_facets
f 1967/29 1967/30 1976/31 1975/32
g gem_blue_facets
f 1967/29 1967/30 1977/31 1976/32
g gem_blue_facets
f 1967/29 1967/30 1978/31 1977/32
g gem_blue_facets
f 1967/33 1967/34 1979/35 1978/36
g gem_blue_facets
f 1967/29 1967/30 1980/31 1979/32
g gem_blue_facets
f 1967/29 1967/30 1981/31 1980/32
g gem_blue_facets
f 1967/29 1967/30 1982/31 1981/32
g gem_blue_facets
f 1967/29 1967/30 1983/31 1982/32
g gem_blue_facets
f 1967/33 1967/34 1969/35 1983/36
g gem_blue_facets
f 1969/29 1968/30 1984/31 1985/32
g gem_blue_facets
f 1968/29 1970/30 1986/31 1984/32
g gem_blue_facets
f 1970/29 1971/30 1987/31 1986/32
g gem_blue_facets
f 1971/33 1972/34 1988/35 1987/36
g gem_blue_facets
f 1972/29 1973/30 1989/31 1988/32
g gem_blue_facets
f 1973/29 1974/30 1990/31 1989/32
g gem_blue_facets
f 1974/29 1975/30 1991/31 1990/32
g gem_blue_facets
f 1975/29 1976/30 1992/31 1991/32
g gem_blue_facets
f 1976/33 1977/34 1993/35 1992/36
g gem_blue_facets
f 1977/29 1978/30 1994/31 1993/32
g gem_blue_facets
f 1978/29 1979/30 1995/31 1994/32
g gem_blue_facets
f 1979/29 1980/30 1996/31 1995/32
g gem_blue_facets
f 1980/29 1981/30 1997/31 1996/32
g gem_blue_facets
f 1981/37 1982/38 1998/39 1997/40
g gem_blue_facets
f 1982/29 1983/30 1999/31 1998/32
g gem_blue_facets
f 1983/29 1969/30 1985/31 1999/32
g gem_blue_facets
f 1985/29 1984/30 2000/31 2001/32
g gem_blue_facets
f 1984/33 1986/34 2002/35 2000/36
g gem_blue_facets
f 1986/29 1987/30 2003/31 2002/32
g gem_blue_facets
f 1987/37 1988/38 2004/39 2003/40
g gem_blue_facets
f 1988/29 1989/30 2005/31 2004/32
g gem_blue_facets
f 1989/29 1990/30 2006/31 2005/32
g gem_blue_facets
f 1990/33 1991/34 2007/35 2006/36
g gem_blue_facets
f 1991/29 1992/30 2008/31 2007/32
g gem_blue_facets
f 1992/29 1993/30 2009/31 2008/32
g gem_blue_facets
f 1993/29 1994/30 2010/31 2009/32
g gem_blue_facets
f 1994/29 1995/30 2011/31 2010/32
g gem_blue_facets
f 1995/33 1996/34 2012/35 2011/36
g gem_blue_facets
f 1996/29 1997/30 2013/31 2012/32
g gem_blue_facets
f 1997/29 1998/30 2014/31 2013/32
g gem_blue_facets
f 1998/29 1999/30 2015/31 2014/32
g gem_blue_facets
f 1999/29 1985/30 2001/31 2015/32
g gem_blue_facets
f 2001/29 2000/30 2016/31 2017/32
g gem_blue_facets
f 2000/29 2002/30 2018/31 2016/32
g gem_blue_facets
f 2002/29 2003/30 2019/31 2018/32
g gem_blue_facets
f 2003/29 2004/30 2020/31 2019/32
g gem_blue_facets
f 2004/33 2005/34 2021/35 2020/36
g gem_blue_facets
f 2005/29 2006/30 2022/31 2021/32
g gem_blue_facets
f 2006/29 2007/30 2023/31 2022/32
g gem_blue_facets
f 2007/29 2008/30 2024/31 2023/32
g gem_blue_facets
f 2008/29 2009/30 2025/31 2024/32
g gem_blue_facets
f 2009/33 2010/34 2026/35 2025/36
g gem_blue_facets
f 2010/29 2011/30 2027/31 2026/32
g gem_blue_facets
f 2011/29 2012/30 2028/31 2027/32
g gem_blue_facets
f 2012/29 2013/30 2029/31 2028/32
g gem_blue_facets
f 2013/29 2014/30 2030/31 2029/32
g gem_blue_facets
f 2014/33 2015/34 2031/35 2030/36
g gem_blue_facets
f 2015/29 2001/30 2017/31 2031/32
g gem_blue_facets
f 2017/29 2016/30 2032/31 2033/32
g gem_blue_facets
f 2016/29 2018/30 2034/31 2032/32
g gem_blue_facets
f 2018/33 2019/34 2035/35 2034/36
g gem_blue_facets
f 2019/29 2020/30 2036/31 2035/32
g gem_blue_facets
f 2020/29 2021/30 2037/31 2036/32
g gem_blue_facets
f 2021/29 2022/30 2038/31 2037/32
g gem_blue_facets
f 2022/37 2023/38 2039/39 2038/40
g gem_blue_facets
f 2023/33 2024/34 2040/35 2039/36
g gem_blue_facets
f 2024/29 2025/30 2041/31 2040/32
g gem_blue_facets
f 2025/29 2026/30 2042/31 2041/32
g gem_blue_facets
f 2026/29 2027/30 2043/31 2042/32
g gem_blue_facets
f 2027/29 2028/30 2044/31 2043/32
g gem_blue_facets
f 2028/33 2029/34 2045/35 2044/36
g gem_blue_facets
f 2029/29 2030/30 2046/31 2045/32
g gem_blue_facets
f 2030/29 2031/30 2047/31 2046/32
g gem_blue_facets
f 2031/29 2017/30 2033/31 2047/32
g gem_blue_facets
f 2033/33 2032/34 2048/35 2049/36
g gem_blue_facets
f 2032/29 2034/30 2050/31 2048/32
g gem_blue_facets
f 2034/29 2035/30 2051/31 2050/32
g gem_blue_facets
f 2035/29 2036/30 2052/31 2051/32
g gem_blue_facets
f 2036/29 2037/30 2053/31 2052/32
g gem_blue_facets
f 2037/33 2038/34 2054/35 2053/36
g gem_blue_facets
f 2038/29 2039/30 2055/31 2054/32
g gem_blue_facets
f 2039/29 2040/30 2056/31 2055/32
g gem_blue_facets
f 2040/29 2041/30 2057/31 2056/32
g gem_blue_facets
f 2041/29 2042/30 2058/31 2057/32
g gem_blue_facets
f 2042/33 2043/34 2059/35 2058/36
g gem_blue_facets
f 2043/29 2044/30 2060/31 2059/32
g gem_blue_facets
f 2044/29 2045/30 2061/31 2060/32
g gem_blue_facets
f 2045/29 2046/30 2062/31 2061/32
g gem_blue_facets
f 2046/29 2047/30 2063/31 2062/32
g gem_blue_facets
f 2047/33 2033/34 2049/35 2063/36
g gem_blue_facets
f 2049/29 2048/30 2064/31 2065/32
g gem_blue_facets
f 2048/29 2050/30 2066/31 2064/32
g gem_blue_facets
f 2050/29 2051/30 2067/31 2066/32
g gem_blue_facets
f 2051/33 2052/34 2068/35 2067/36
g gem_blue_facets
f 2052/29 2053/30 2069/31 2068/32
g gem_blue_facets
f 2053/29 2054/30 2070/31 2069/32
g gem_blue_facets
f 2054/29 2055/30 2071/31 2070/32
g gem_blue_facets
f 2055/29 2056/30 2072/31 2071/32
g gem_blue_facets
f 2056/33 2057/34 2073/35 2072/36
g gem_blue_facets
f 2057/37 2058/38 2074/39 2073/40
g gem_blue_facets
f 2058/29 2059/30 2075/31 2074/32
g gem_blue_facets
f 2059/29 2060/30 2076/31 2075/32
g gem_blue_facets
f 2060/29 2061/30 2077/31 2076/32
g gem_blue_facets
f 2061/33 2062/34 2078/35 2077/36
g gem_blue_facets
f 2062/29 2063/30 2079/31 2078/32
g gem_blue_facets
f 2063/29 2049/30 2065/31 2079/32
g gem_blue_facets
f 2065/29 2064/30 2080/31 2081/32
g gem_blue_facets
f 2064/33 2066/34 2082/35 2080/36
g gem_blue_facets
f 2066/29 2067/30 2083/31 2082/32
g gem_blue_facets
f 2067/29 2068/30 2084/31 2083/32
g gem_blue_facets
f 2068/29 2069/30 2085/31 2084/32
g gem_blue_facets
f 2069/29 2070/30 2086/31 2085/32
g gem_blue_facets
f 2070/33 2071/34 2087/35 2086/36
g gem_blue_facets
f 2071/29 2072/30 2088/31 2087/32
g gem_blue_facets
f 2072/29 2073/30 2089/31 2088/32
g gem_blue_facets
f 2073/29 2074/30 2090/31 2089/32
g gem_blue_facets
f 2074/29 2075/30 2091/31 2090/32
g gem_blue_facets
f 2075/33 2076/34 2092/35 2091/36
g gem_blue_facets
f 2076/29 2077/30 2093/31 2092/32
g gem_blue_facets
f 2077/29 2078/30 2094/31 2093/32
g gem_blue_facets
f 2078/29 2079/30 2095/31 2094/32
g gem_blue_facets
f 2079/29 2065/30 2081/31 2095/32
g gem_blue_facets
f 2081/29 2080/30 2096/31 2097/32
g gem_blue_facets
f 2080/29 2082/30 2098/31 2096/32
g gem_blue_facets
f 2082/29 2083/30 2099/31 2098/32
g gem_blue_facets
f 2083/29 2084/30 2100/31 2099/32
g gem_blue_facets
f 2084/33 2085/34 2101/35 2100/36
g gem_blue_facets
f 2085/29 2086/30 2102/31 2101/32
g gem_blue_facets
f 2086/29 2087/30 2103/31 2102/32
g gem_blue_facets
f 2087/29 2088/30 2104/31 2103/32
g gem_blue_facets
f 2088/29 2089/30 2105/31 2104/32
g gem_blue_facets
f 2089/33 2090/34 2106/35 2105/36
g gem_blue_facets
f 2090/29 2091/30 2107/31 2106/32
g gem_blue_facets
f 2091/29 2092/30 2108/31 2107/32
g gem_blue_facets
f 2092/37 2093/38 2109/39 2108/40
g gem_blue_facets
f 2093/29 2094/30 2110/31 2109/32
g gem_blue_facets
f 2094/33 2095/34 2111/35 2110/36
g gem_blue_facets
f 2095/29 2081/30 2097/31 2111/32
g gem_blue_facets
f 2097/29 2096/30 2112/31 2113/32
g gem_blue_facets
f 2096/29 2098/30 2114/31 2112/32
g gem_blue_facets
f 2098/37 2099/38 2115/39 2114/40
g gem_blue_facets
f 2099/29 2100/30 2116/31 2115/32
g gem_blue_facets
f 2100/29 2101/30 2117/31 2116/32
g gem_blue_facets
f 2101/29 2102/30 2118/31 2117/32
g gem_blue_facets
f 2102/29 2103/30 2119/31 2118/32
g gem_blue_facets
f 2103/33 2104/34 2120/35 2119/36
g gem_blue_facets
f 2104/29 2105/30 2121/31 2120/32
g gem_blue_facets
f 2105/29 2106/30 2122/31 2121/32
g gem_blue_facets
f 2106/29 2107/30 2123/31 2122/32
g gem_blue_facets
f 2107/29 2108/30 2124/31 2123/32
g gem_blue_facets
f 2108/33 2109/34 2125/35 2124/36
g gem_blue_facets
f 2109/29 2110/30 2126/31 2125/32
g gem_blue_facets
f 2110/29 2111/30 2127/31 2126/32
g gem_blue_facets
f 2111/29 2097/30 2113/31 2127/32
g gem_blue_facets
f 2113/33 2112/34 2128/35 2129/36
g gem_blue_facets
f 2112/29 2114/30 2130/31 2128/32
g gem_blue_facets
f 2114/29 2115/30 2131/31 2130/32
g gem_blue_facets
f 2115/29 2116/30 2132/31 2131/32
g gem_blue_facets
f 2116/29 2117/30 2133/31 2132/32
g gem_blue_facets
f 2117/33 2118/34 2134/35 2133/36
g gem_blue_facets
f 2118/29 2119/30 2135/31 2134/32
g gem_blue_facets
f 2119/29 2120/30 2136/31 2135/32
g gem_blue_facets
f 2120/29 2121/30 2137/31 2136/32
g gem_blue_facets
f 2121/29 2122/30 2138/31 2137/32
g gem_blue_facets
f 2122/33 2123/34 2139/35 2138/36
g gem_blue_facets
f 2123/29 2124/30 2140/31 2139/32
g gem_blue_facets
f 2124/29 2125/30 2141/31 2140/32
g gem_blue_facets
f 2125/29 2126/30 2142/31 2141/32
g gem_blue_facets
f 2126/29 2127/30 2143/31 2142/32
g gem_blue_facets
f 2127/37 2113/38 2129/39 2143/40
g gem_blue_facets
f 2129/29 2128/30 2144/31 2144/32
g gem_blue_facets
f 2128/29 2130/30 2144/31 2144/32
g gem_blue_facets
f 2130/29 2131/30 2144/31 2144/32
g gem_blue_facets
f 2131/33 2132/34 2144/35 2144/36
g gem_blue_facets
f 2132/29 2133/30 2144/31 2144/32
g gem_blue_facets
f 2133/37 2134/38 2144/39 2144/40
g gem_blue_facets
f 2134/29 2135/30 2144/31 2144/32
g gem_blue_facets
f 2135/29 2136/30 2144/31 2144/32
g gem_blue_facets
f 2136/33 2137/34 2144/35 2144/36
g gem_blue_facets
f 2137/29 2138/30 2144/31 2144/32
g gem_blue_facets
f 2138/29 2139/30 2144/31 2144/32
g gem_blue_facets
f 2139/29 2140/30 2144/31 2144/32
g gem_blue_facets
f 2140/29 2141/30 2144/31 2144/32
g gem_blue_facets
f 2141/33 2142/34 2144/35 2144/36
g gem_blue_facets
f 2142/29 2143/30 2144/31 2144/32
g gem_blue_facets
f 2143/29 2129/30 2144/31 2144/32
g gem_claw
f 2145/13 2146/14 2147/15 2148/16
g gem_claw
f 2146/13 2149/14 2150/15 2147/16
g gem_claw
f 2149/13 2151/14 2152/15 2150/16
g gem_claw
f 2151/13 2153/14 2154/15 2152/16
g gem_claw
f 2153/13 2155/14 2156/15 2154/16
g gem_claw
f 2155/13 2157/14 2158/15 2156/16
g gem_claw
f 2157/13 2159/14 2160/15 2158/16
g gem_claw
f 2159/13 2145/14 2148/15 2160/16
g gem_claw
f 2148/13 2147/14 2161/15 2162/16
g gem_claw
f 2147/13 2150/14 2163/15 2161/16
g gem_claw
f 2150/13 2152/14 2164/15 2163/16
g gem_claw
f 2152/13 2154/14 2165/15 2164/16
g gem_claw
f 2154/13 2156/14 2166/15 2165/16
g gem_claw
f 2156/13 2158/14 2167/15 2166/16
g gem_claw
f 2158/13 2160/14 2168/15 2167/16
g gem_claw
f 2160/13 2148/14 2162/15 2168/16
g gem_claw
f 2162/13 2161/14 2169/15 2170/16
g gem_claw
f 2161/13 2163/14 2171/15 2169/16
g gem_claw
f 2163/13 2164/14 2172/15 2171/16
g gem_claw
f 2164/13 2165/14 2173/15 2172/16
g gem_claw
f 2165/13 2166/14 2174/15 2173/16
g gem_claw
f 2166/13 2167/14 2175/15 2174/16
g gem_claw
f 2167/13 2168/14 2176/15 2175/16
g gem_claw
f 2168/13 2162/14 2170/15 2176/16
g gem_claw
f 2170/13 2169/14 2177/15 2178/16
g gem_claw
f 2169/13 2171/14 2179/15 2177/16
g gem_claw
f 2171/13 2172/14 2180/15 2179/16
g gem_claw
f 2172/13 2173/14 2181/15 2180/16
g gem_claw
f 2173/13 2174/14 2182/15 2181/16
g gem_claw
f 2174/13 2175/14 2183/15 2182/16
g gem_claw
f 2175/13 2176/14 2184/15 2183/16
g gem_claw
f 2176/13 2170/14 2178/15 2184/16
g gem_claw
f 2178/13 2177/14 2185/15 2186/16
g gem_claw
f 2177/13 2179/14 2187/15 2185/16
g gem_claw
f 2179/13 2180/14 2188/15 2187/16
g gem_claw
f 2180/13 2181/14 2189/15 2188/16
g gem_claw
f 2181/13 2182/14 2190/15 2189/16
g gem_claw
f 2182/13 2183/14 2191/15 2190/16
g gem_claw
f 2183/13 2184/14 2192/15 2191/16
g gem_claw
f 2184/13 2178/14 2186/15 2192/16
g gem_claw
f 2186/13 2185/14 2193/15 2194/16
g gem_claw
f 2185/13 2187/14 2195/15 2193/16
g gem_claw
f 2187/13 2188/14 2196/15 2195/16
g gem_claw
f 2188/13 2189/14 2197/15 2196/16
g gem_claw
f 2189/13 2190/14 2198/15 2197/16
g gem_claw
f 2190/13 2191/14 2199/15 2198/16
g gem_claw
f 2191/13 2192/14 2200/15 2199/16
g gem_claw
f 2192/13 2186/14 2194/15 2200/16
g gem_claw
f 2194/13 2193/14 2201/15 2202/16
g gem_claw
f 2193/13 2195/14 2203/15 2201/16
g gem_claw
f 2195/13 2196/14 2204/15 2203/16
g gem_claw
f 2196/13 2197/14 2205/15 2204/16
g gem_claw
f 2197/13 2198/14 2206/15 2205/16
g gem_claw
f 2198/13 2199/14 2207/15 2206/16
g gem_claw
f 2199/13 2200/14 2208/15 2207/16
g gem_claw
f 2200/13 2194/14 2202/15 2208/16
g gem_claw
f 2202/13 2201/14 2209/15 2210/16
g gem_claw
f 2201/13 2203/14 2211/15 2209/16
g gem_claw
f 2203/13 2204/14 2212/15 2211/16
g gem_claw
f 2204/13 2205/14 2213/15 2212/16
g gem_claw
f 2205/13 2206/14 2214/15 2213/16
g gem_claw
f 2206/13 2207/14 2215/15 2214/16
g gem_claw
f 2207/13 2208/14 2216/15 2215/16
g gem_claw
f 2208/13 2202/14 2210/15 2216/16
g gem_claw
f 2210/13 2209/14 2217/15 2218/16
g gem_claw
f 2209/13 2211/14 2219/15 2217/16
g gem_claw
f 2211/13 2212/14 2220/15 2219/16
g gem_claw
f 2212/13 2213/14 2221/15 2220/16
g gem_claw
f 2213/13 2214/14 2222/15 2221/16
g gem_claw
f 2214/13 2215/14 2223/15 2222/16
g gem_claw
f 2215/13 2216/14 2224/15 2223/16
g gem_claw
f 2216/13 2210/14 2218/15 2224/16
g gem_claw
f 2218/13 2217/14 2225/15 2226/16
g gem_claw
f 2217/13 2219/14 2227/15 2225/16
g gem_claw
f 2219/13 2220/14 2228/15 2227/16
g gem_claw
f 2220/13 2221/14 2229/15 2228/16
g gem_claw
f 2221/13 2222/14 2230/15 2229/16
g gem_claw
f 2222/13 2223/14 2231/15 2230/16
g gem_claw
f 2223/13 2224/14 2232/15 2231/16
g gem_claw
f 2224/13 2218/14 2226/15 2232/16
g gem_claw
f 2226/13 2225/14 2233/15 2234/16
g gem_claw
f 2225/13 2227/14 2235/15 2233/16
g gem_claw
f 2227/13 2228/14 2236/15 2235/16
g gem_claw
f 2228/13 2229/14 2237/15 2236/16
g gem_claw
f 2229/13 2230/14 2238/15 2237/16
g gem_claw
f 2230/13 2231/14 2239/15 2238/16
g gem_claw
f 2231/13 2232/14 2240/15 2239/16
g gem_claw
f 2232/13 2226/14 2234/15 2240/16
g gem_claw
f 2234/13 2233/14 2241/15 2242/16
g gem_claw
f 2233/13 2235/14 2243/15 2241/16
g gem_claw
f 2235/13 2236/14 2244/15 2243/16
g gem_claw
f 2236/13 2237/14 2245/15 2244/16
g gem_claw
f 2237/13 2238/14 2246/15 2245/16
g gem_claw
f 2238/13 2239/14 2247/15 2246/16
g gem_claw
f 2239/13 2240/14 2248/15 2247/16
g gem_claw
f 2240/13 2234/14 2242/15 2248/16
g gem_claw
f 2242/13 2241/14 2249/15 2250/16
g gem_claw
f 2241/13 2243/14 2251/15 2249/16
g gem_claw
f 2243/13 2244/14 2252/15 2251/16
g gem_claw
f 2244/13 2245/14 2253/15 2252/16
g gem_claw
f 2245/13 2246/14 2254/15 2253/16
g gem_claw
f 2246/13 2247/14 2255/15 2254/16
g gem_claw
f 2247/13 2248/14 2256/15 2255/16
g gem_claw
f 2248/13 2242/14 2250/15 2256/16
g gem_claw
f 2250/13 2249/14 2257/15 2258/16
g gem_claw
f 2249/13 2251/14 2259/15 2257/16
g gem_claw
f 2251/13 2252/14 2260/15 2259/16
g gem_claw
f 2252/13 2253/14 2261/15 2260/16
g gem_claw
f 2253/13 2254/14 2262/15 2261/16
g gem_claw
f 2254/13 2255/14 2263/15 2262/16
g gem_claw
f 2255/13 2256/14 2264/15 2263/16
g gem_claw
f 2256/13 2250/14 2258/15 2264/16
g gem_claw
f 2258/13 2257/14 2265/15 2266/16
g gem_claw
f 2257/13 2259/14 2267/15 2265/16
g gem_claw
f 2259/13 2260/14 2268/15 2267/16
g gem_claw
f 2260/13 2261/14 2269/15 2268/16
g gem_claw
f 2261/13 2262/14 2270/15 2269/16
g gem_claw
f 2262/13 2263/14 2271/15 2270/16
g gem_claw
f 2263/13 2264/14 2272/15 2271/16
g gem_claw
f 2264/13 2258/14 2266/15 2272/16
g gem_claw
f 2266/13 2265/14 2273/15 2274/16
g gem_claw
f 2265/13 2267/14 2275/15 2273/16
g gem_claw
f 2267/13 2268/14 2276/15 2275/16
g gem_claw
f 2268/13 2269/14 2277/15 2276/16
g gem_claw
f 2269/13 2270/14 2278/15 2277/16
g gem_claw
f 2270/13 2271/14 2279/15 2278/16
g gem_claw
f 2271/13 2272/14 2280/15 2279/16
g gem_claw
f 2272/13 2266/14 2274/15 2280/16
g gem_claw
f 2281/13 2146/14 2145/15 2145/16
g gem_claw
f 2281/13 2149/14 2146/15 2146/16
g gem_claw
f 2281/13 2151/14 2149/15 2149/16
g gem_claw
f 2281/13 2153/14 2151/15 2151/16
g gem_claw
f 2281/13 2155/14 2153/15 2153/16
g gem_claw
f 2281/13 2157/14 2155/15 2155/16
g gem_claw
f 2281/13 2159/14 2157/15 2157/16
g gem_claw
f 2281/13 2145/14 2159/15 2159/16
g gem_claw
f 2282/13 2274/14 2273/15 2273/16
g gem_claw
f 2282/13 2273/14 2275/15 2275/16
g gem_claw
f 2282/13 2275/14 2276/15 2276/16
g gem_claw
f 2282/13 2276/14 2277/15 2277/16
g gem_claw
f 2282/13 2277/14 2278/15 2278/16
g gem_claw
f 2282/13 2278/14 2279/15 2279/16
g gem_claw
f 2282/13 2279/14 2280/15 2280/16
g gem_claw
f 2282/13 2280/14 2274/15 2274/16
g gem_claw
f 2283/13 2284/14 2285/15 2286/16
g gem_claw
f 2284/13 2287/14 2288/15 2285/16
g gem_claw
f 2287/13 2289/14 2290/15 2288/16
g gem_claw
f 2289/13 2291/14 2292/15 2290/16
g gem_claw
f 2291/13 2293/14 2294/15 2292/16
g gem_claw
f 2293/13 2295/14 2296/15 2294/16
g gem_claw
f 2295/13 2297/14 2298/15 2296/16
g gem_claw
f 2297/13 2283/14 2286/15 2298/16
g gem_claw
f 2286/13 2285/14 2299/15 2300/16
g gem_claw
f 2285/13 2288/14 2301/15 2299/16
g gem_claw
f 2288/13 2290/14 2302/15 2301/16
g gem_claw
f 2290/13 2292/14 2303/15 2302/16
g gem_claw
f 2292/13 2294/14 2304/15 2303/16
g gem_claw
f 2294/13 2296/14 2305/15 2304/16
g gem_claw
f 2296/13 2298/14 2306/15 2305/16
g gem_claw
f 2298/13 2286/14 2300/15 2306/16
g gem_claw
f 2300/13 2299/14 2307/15 2308/16
g gem_claw
f 2299/13 2301/14 2309/15 2307/16
g gem_claw
f 2301/13 2302/14 2310/15 2309/16
g gem_claw
f 2302/13 2303/14 2311/15 2310/16
g gem_claw
f 2303/13 2304/14 2312/15 2311/16
g gem_claw
f 2304/13 2305/14 2313/15 2312/16
g gem_claw
f 2305/13 2306/14 2314/15 2313/16
g gem_claw
f 2306/13 2300/14 2308/15 2314/16
g gem_claw
f 2308/13 2307/14 2315/15 2316/16
g gem_claw
f 2307/13 2309/14 2317/15 2315/16
g gem_claw
f 2309/13 2310/14 2318/15 2317/16
g gem_claw
f 2310/13 2311/14 2319/15 2318/16
g gem_claw
f 2311/13 2312/14 2320/15 2319/16
g gem_claw
f 2312/13 2313/14 2321/15 2320/16
g gem_claw
f 2313/13 2314/14 2322/15 2321/16
g gem_claw
f 2314/13 2308/14 2316/15 2322/16
g gem_claw
f 2316/13 2315/14 2323/15 2324/16
g gem_claw
f 2315/13 2317/14 2325/15 2323/16
g gem_claw
f 2317/13 2318/14 2326/15 2325/16
g gem_claw
f 2318/13 2319/14 2327/15 2326/16
g gem_claw
f 2319/13 2320/14 2328/15 2327/16
g gem_claw
f 2320/13 2321/14 2329/15 2328/16
g gem_claw
f 2321/13 2322/14 2330/15 2329/16
g gem_claw
f 2322/13 2316/14 2324/15 2330/16
g gem_claw
f 2324/13 2323/14 2331/15 2332/16
g gem_claw
f 2323/13 2325/14 2333/15 2331/16
g gem_claw
f 2325/13 2326/14 2334/15 2333/16
g gem_claw
f 2326/13 2327/14 2335/15 2334/16
g gem_claw
f 2327/13 2328/14 2336/15 2335/16
g gem_claw
f 2328/13 2329/14 2337/15 2336/16
g gem_claw
f 2329/13 2330/14 2338/15 2337/16
g gem_claw
f 2330/13 2324/14 2332/15 2338/16
g gem_claw
f 2332/13 2331/14 2339/15 2340/16
g gem_claw
f 2331/13 2333/14 2341/15 2339/16
g gem_claw
f 2333/13 2334/14 2342/15 2341/16
g gem_claw
f 2334/13 2335/14 2343/15 2342/16
g gem_claw
f 2335/13 2336/14 2344/15 2343/16
g gem_claw
f 2336/13 2337/14 2345/15 2344/16
g gem_claw
f 2337/13 2338/14 2346/15 2345/16
g gem_claw
f 2338/13 2332/14 2340/15 2346/16
g gem_claw
f 2340/13 2339/14 2347/15 2348/16
g gem_claw
f 2339/13 2341/14 2349/15 2347/16
g gem_claw
f 2341/13 2342/14 2350/15 2349/16
g gem_claw
f 2342/13 2343/14 2351/15 2350/16
g gem_claw
f 2343/13 2344/14 2352/15 2351/16
g gem_claw
f 2344/13 2345/14 2353/15 2352/16
g gem_claw
f 2345/13 2346/14 2354/15 2353/16
g gem_claw
f 2346/13 2340/14 2348/15 2354/16
g gem_claw
f 2348/13 2347/14 2355/15 2356/16
g gem_claw
f 2347/13 2349/14 2357/15 2355/16
g gem_claw
f 2349/13 2350/14 2358/15 2357/16
g gem_claw
f 2350/13 2351/14 2359/15 2358/16
g gem_claw
f 2351/13 2352/14 2360/15 2359/16
g gem_claw
f 2352/13 2353/14 2361/15 2360/16
g gem_claw
f 2353/13 2354/14 2362/15 2361/16
g gem_claw
f 2354/13 2348/14 2356/15 2362/16
g gem_claw
f 2356/13 2355/14 2363/15 2364/16
g gem_claw
f 2355/13 2357/14 2365/15 2363/16
g gem_claw
f 2357/13 2358/14 2366/15 2365/16
g gem_claw
f 2358/13 2359/14 2367/15 2366/16
g gem_claw
f 2359/13 2360/14 2368/15 2367/16
g gem_claw
f 2360/13 2361/14 2369/15 2368/16
g gem_claw
f 2361/13 2362/14 2370/15 2369/16
g gem_claw
f 2362/13 2356/14 2364/15 2370/16
g gem_claw
f 2364/13 2363/14 2371/15 2372/16
g gem_claw
f 2363/13 2365/14 2373/15 2371/16
g gem_claw
f 2365/13 2366/14 2374/15 2373/16
g gem_claw
f 2366/13 2367/14 2375/15 2374/16
g gem_claw
f 2367/13 2368/14 2376/15 2375/16
g gem_claw
f 2368/13 2369/14 2377/15 2376/16
g gem_claw
f 2369/13 2370/14 2378/15 2377/16
g gem_claw
f 2370/13 2364/14 2372/15 2378/16
g gem_claw
f 2372/13 2371/14 2379/15 2380/16
g gem_claw
f 2371/13 2373/14 2381/15 2379/16
g gem_claw
f 2373/13 2374/14 2382/15 2381/16
g gem_claw
f 2374/13 2375/14 2383/15 2382/16
g gem_claw
f 2375/13 2376/14 2384/15 2383/16
g gem_claw
f 2376/13 2377/14 2385/15 2384/16
g gem_claw
f 2377/13 2378/14 2386/15 2385/16
g gem_claw
f 2378/13 2372/14 2380/15 2386/16
g gem_claw
f 2380/13 2379/14 2387/15 2388/16
g gem_claw
f 2379/13 2381/14 2389/15 2387/16
g gem_claw
f 2381/13 2382/14 2390/15 2389/16
g gem_claw
f 2382/13 2383/14 2391/15 2390/16
g gem_claw
f 2383/13 2384/14 2392/15 2391/16
g gem_claw
f 2384/13 2385/14 2393/15 2392/16
g gem_claw
f 2385/13 2386/14 2394/15 2393/16
g gem_claw
f 2386/13 2380/14 2388/15 2394/16
g gem_claw
f 2388/13 2387/14 2395/15 2396/16
g gem_claw
f 2387/13 2389/14 2397/15 2395/16
g gem_claw
f 2389/13 2390/14 2398/15 2397/16
g gem_claw
f 2390/13 2391/14 2399/15 2398/16
g gem_claw
f 2391/13 2392/14 2400/15 2399/16
g gem_claw
f 2392/13 2393/14 2401/15 2400/16
g gem_claw
f 2393/13 2394/14 2402/15 2401/16
g gem_claw
f 2394/13 2388/14 2396/15 2402/16
g gem_claw
f 2396/13 2395/14 2403/15 2404/16
g gem_claw
f 2395/13 2397/14 2405/15 2403/16
g gem_claw
f 2397/13 2398/14 2406/15 2405/16
g gem_claw
f 2398/13 2399/14 2407/15 2406/16
g gem_claw
f 2399/13 2400/14 2408/15 2407/16
g gem_claw
f 2400/13 2401/14 2409/15 2408/16
g gem_claw
f 2401/13 2402/14 2410/15 2409/16
g gem_claw
f 2402/13 2396/14 2404/15 2410/16
g gem_claw
f 2404/13 2403/14 2411/15 2412/16
g gem_claw
f 2403/13 2405/14 2413/15 2411/16
g gem_claw
f 2405/13 2406/14 2414/15 2413/16
g gem_claw
f 2406/13 2407/14 2415/15 2414/16
g gem_claw
f 2407/13 2408/14 2416/15 2415/16
g gem_claw
f 2408/13 2409/14 2417/15 2416/16
g gem_claw
f 2409/13 2410/14 2418/15 2417/16
g gem_claw
f 2410/13 2404/14 2412/15 2418/16
g gem_claw
f 2419/13 2284/14 2283/15 2283/16
g gem_claw
f 2419/13 2287/14 2284/15 2284/16
g gem_claw
f 2419/13 2289/14 2287/15 2287/16
g gem_claw
f 2419/13 2291/14 2289/15 2289/16
g gem_claw
f 2419/13 2293/14 2291/15 2291/16
g gem_claw
f 2419/13 2295/14 2293/15 2293/16
g gem_claw
f 2419/13 2297/14 2295/15 2295/16
g gem_claw
f 2419/13 2283/14 2297/15 2297/16
g gem_claw
f 2420/13 2412/14 2411/15 2411/16
g gem_claw
f 2420/13 2411/14 2413/15 2413/16
g gem_claw
f 2420/13 2413/14 2414/15 2414/16
g gem_claw
f 2420/13 2414/14 2415/15 2415/16
g gem_claw
f 2420/13 2415/14 2416/15 2416/16
g gem_claw
f 2420/13 2416/14 2417/15 2417/16
g gem_claw
f 2420/13 2417/14 2418/15 2418/16
g gem_claw
f 2420/13 2418/14 2412/15 2412/16
g gold_shoulder_0
f 2421/5 2422/6 2423/7 2424/8
g gold_shoulder_0
f 2424/1 2423/2 2425/3 2426/4
g gold_shoulder_0
f 2426/1 2425/2 2427/3 2428/4
g gold_shoulder_0
f 2428/1 2427/2 2429/3 2430/4
g gold_shoulder_0
f 2430/1 2429/2 2431/3 2432/4
g gold_shoulder_0
f 2432/5 2431/6 2422/7 2421/8
g gold_shoulder_0
f 2422/5 2433/6 2434/7 2423/8
g gold_shoulder_0
f 2423/1 2434/2 2435/3 2425/4
g gold_shoulder_0
f 2425/1 2435/2 2436/3 2427/4
g gold_shoulder_0
f 2427/1 2436/2 2437/3 2429/4
g gold_shoulder_0
f 2429/1 2437/2 2438/3 2431/4
g gold_shoulder_0
f 2431/5 2438/6 2433/7 2422/8
g gold_shoulder_0
f 2433/5 2439/6 2440/7 2434/8
g gold_shoulder_0
f 2434/1 2440/2 2441/3 2435/4
g gold_shoulder_0
f 2435/1 2441/2 2442/3 2436/4
g gold_shoulder_0
f 2436/1 2442/2 2443/3 2437/4
g gold_shoulder_0
f 2437/1 2443/2 2444/3 2438/4
g gold_shoulder_0
f 2438/5 2444/6 2439/7 2433/8
g gold_shoulder_0
f 2439/5 2445/6 2446/7 2440/8
g gold_shoulder_0
f 2440/1 2446/2 2447/3 2441/4
g gold_shoulder_0
f 2441/1 2447/2 2448/3 2442/4
g gold_shoulder_0
f 2442/1 2448/2 2449/3 2443/4
g gold_shoulder_0
f 2443/1 2449/2 2450/3 2444/4
g gold_shoulder_0
f 2444/5 2450/6 2445/7 2439/8
g gold_shoulder_0
f 2445/5 2451/6 2452/7 2446/8
g gold_shoulder_0
f 2446/1 2452/2 2453/3 2447/4
g gold_shoulder_0
f 2447/1 2453/2 2454/3 2448/4
g gold_shoulder_0
f 2448/1 2454/2 2455/3 2449/4
g gold_shoulder_0
f 2449/1 2455/2 2456/3 2450/4
g gold_shoulder_0
f 2450/5 2456/6 2451/7 2445/8
g gold_shoulder_0
f 2451/5 2457/6 2458/7 2452/8
g gold_shoulder_0
f 2452/1 2458/2 2459/3 2453/4
g gold_shoulder_0
f 2453/1 2459/2 2460/3 2454/4
g gold_shoulder_0
f 2454/1 2460/2 2461/3 2455/4
g gold_shoulder_0
f 2455/1 2461/2 2462/3 2456/4
g gold_shoulder_0
f 2456/5 2462/6 2457/7 2451/8
g gold_shoulder_0
f 2457/5 2463/6 2464/7 2458/8
g gold_shoulder_0
f 2458/1 2464/2 2465/3 2459/4
g gold_shoulder_0
f 2459/1 2465/2 2466/3 2460/4
g gold_shoulder_0
f 2460/1 2466/2 2467/3 2461/4
g gold_shoulder_0
f 2461/1 2467/2 2468/3 2462/4
g gold_shoulder_0
f 2462/5 2468/6 2463/7 2457/8
g gold_shoulder_0
f 2463/5 2469/6 2470/7 2464/8
g gold_shoulder_0
f 2464/1 2470/2 2471/3 2465/4
g gold_shoulder_0
f 2465/1 2471/2 2472/3 2466/4
g gold_shoulder_0
f 2466/1 2472/2 2473/3 2467/4
g gold_shoulder_0
f 2467/1 2473/2 2474/3 2468/4
g gold_shoulder_0
f 2468/5 2474/6 2469/7 2463/8
g gold_shoulder_0
f 2469/5 2475/6 2476/7 2470/8
g gold_shoulder_0
f 2470/1 2476/2 2477/3 2471/4
g gold_shoulder_0
f 2471/1 2477/2 2478/3 2472/4
g gold_shoulder_0
f 2472/1 2478/2 2479/3 2473/4
g gold_shoulder_0
f 2473/1 2479/2 2480/3 2474/4
g gold_shoulder_0
f 2474/5 2480/6 2475/7 2469/8
g gold_shoulder_0
f 2475/5 2481/6 2482/7 2476/8
g gold_shoulder_0
f 2476/1 2482/2 2483/3 2477/4
g gold_shoulder_0
f 2477/1 2483/2 2484/3 2478/4
g gold_shoulder_0
f 2478/1 2484/2 2485/3 2479/4
g gold_shoulder_0
f 2479/1 2485/2 2486/3 2480/4
g gold_shoulder_0
f 2480/5 2486/6 2481/7 2475/8
g gold_shoulder_0
f 2421/1 2424/2 2426/3 2426/4
g gold_shoulder_0
f 2421/1 2426/2 2428/3 2428/4
g gold_shoulder_0
f 2421/1 2428/2 2430/3 2430/4
g gold_shoulder_0
f 2421/1 2430/2 2432/3 2432/4
g gold_shoulder_0
f 2481/1 2482/2 2483/3 2483/4
g gold_shoulder_0
f 2481/1 2483/2 2484/3 2484/4
g gold_shoulder_0
f 2481/1 2484/2 2485/3 2485/4
g gold_shoulder_0
f 2481/1 2485/2 2486/3 2486/4
g gold_shoulder_1
f 2487/5 2488/6 2489/7 2490/8
g gold_shoulder_1
f 2490/1 2489/2 2491/3 2492/4
g gold_shoulder_1
f 2492/1 2491/2 2493/3 2494/4
g gold_shoulder_1
f 2494/1 2493/2 2495/3 2496/4
g gold_shoulder_1
f 2496/1 2495/2 2497/3 2498/4
g gold_shoulder_1
f 2498/5 2497/6 2488/7 2487/8
g gold_shoulder_1
f 2488/5 2499/6 2500/7 2489/8
g gold_shoulder_1
f 2489/1 2500/2 2501/3 2491/4
g gold_shoulder_1
f 2491/1 2501/2 2502/3 2493/4
g gold_shoulder_1
f 2493/1 2502/2 2503/3 2495/4
g gold_shoulder_1
f 2495/1 2503/2 2504/3 2497/4
g gold_shoulder_1
f 2497/5 2504/6 2499/7 2488/8
g gold_shoulder_1
f 2499/5 2505/6 2506/7 2500/8
g gold_shoulder_1
f 2500/1 2506/2 2507/3 2501/4
g gold_shoulder_1
f 2501/1 2507/2 2508/3 2502/4
g gold_shoulder_1
f 2502/1 2508/2 2509/3 2503/4
g gold_shoulder_1
f 2503/1 2509/2 2510/3 2504/4
g gold_shoulder_1
f 2504/5 2510/6 2505/7 2499/8
g gold_shoulder_1
f 2505/5 2511/6 2512/7 2506/8
g gold_shoulder_1
f 2506/1 2512/2 2513/3 2507/4
g gold_shoulder_1
f 2507/1 2513/2 2514/3 2508/4
g gold_shoulder_1
f 2508/1 2514/2 2515/3 2509/4
g gold_shoulder_1
f 2509/1 2515/2 2516/3 2510/4
g gold_shoulder_1
f 2510/5 2516/6 2511/7 2505/8
g gold_shoulder_1
f 2511/5 2517/6 2518/7 2512/8
g gold_shoulder_1
f 2512/1 2518/2 2519/3 2513/4
g gold_shoulder_1
f 2513/1 2519/2 2520/3 2514/4
g gold_shoulder_1
f 2514/1 2520/2 2521/3 2515/4
g gold_shoulder_1
f 2515/1 2521/2 2522/3 2516/4
g gold_shoulder_1
f 2516/5 2522/6 2517/7 2511/8
g gold_shoulder_1
f 2517/5 2523/6 2524/7 2518/8
g gold_shoulder_1
f 2518/1 2524/2 2525/3 2519/4
g gold_shoulder_1
f 2519/1 2525/2 2526/3 2520/4
g gold_shoulder_1
f 2520/1 2526/2 2527/3 2521/4
g gold_shoulder_1
f 2521/1 2527/2 2528/3 2522/4
g gold_shoulder_1
f 2522/5 2528/6 2523/7 2517/8
g gold_shoulder_1
f 2523/5 2529/6 2530/7 2524/8
g gold_shoulder_1
f 2524/1 2530/2 2531/3 2525/4
g gold_shoulder_1
f 2525/1 2531/2 2532/3 2526/4
g gold_shoulder_1
f 2526/1 2532/2 2533/3 2527/4
g gold_shoulder_1
f 2527/1 2533/2 2534/3 2528/4
g gold_shoulder_1
f 2528/5 2534/6 2529/7 2523/8
g gold_shoulder_1
f 2529/5 2535/6 2536/7 2530/8
g gold_shoulder_1
f 2530/1 2536/2 2537/3 2531/4
g gold_shoulder_1
f 2531/1 2537/2 2538/3 2532/4
g gold_shoulder_1
f 2532/1 2538/2 2539/3 2533/4
g gold_shoulder_1
f 2533/1 2539/2 2540/3 2534/4
g gold_shoulder_1
f 2534/5 2540/6 2535/7 2529/8
g gold_shoulder_1
f 2535/5 2541/6 2542/7 2536/8
g gold_shoulder_1
f 2536/1 2542/2 2543/3 2537/4
g gold_shoulder_1
f 2537/1 2543/2 2544/3 2538/4
g gold_shoulder_1
f 2538/1 2544/2 2545/3 2539/4
g gold_shoulder_1
f 2539/1 2545/2 2546/3 2540/4
g gold_shoulder_1
f 2540/5 2546/6 2541/7 2535/8
g gold_shoulder_1
f 2541/5 2547/6 2548/7 2542/8
g gold_shoulder_1
f 2542/1 2548/2 2549/3 2543/4
g gold_shoulder_1
f 2543/1 2549/2 2550/3 2544/4
g gold_shoulder_1
f 2544/1 2550/2 2551/3 2545/4
g gold_shoulder_1
f 2545/1 2551/2 2552/3 2546/4
g gold_shoulder_1
f 2546/5 2552/6 2547/7 2541/8
g gold_shoulder_1
f 2487/1 2490/2 2492/3 2492/4
g gold_shoulder_1
f 2487/1 2492/2 2494/3 2494/4
g gold_shoulder_1
f 2487/1 2494/2 2496/3 2496/4
g gold_shoulder_1
f 2487/1 2496/2 2498/3 2498/4
g gold_shoulder_1
f 2547/1 2548/2 2549/3 2549/4
g gold_shoulder_1
f 2547/1 2549/2 2550/3 2550/4
g gold_shoulder_1
f 2547/1 2550/2 2551/3 2551/4
g gold_shoulder_1
f 2547/1 2551/2 2552/3 2552/4
g gold_shoulder_2
f 2553/5 2554/6 2555/7 2556/8
g gold_shoulder_2
f 2556/1 2555/2 2557/3 2558/4
g gold_shoulder_2
f 2558/1 2557/2 2559/3 2560/4
g gold_shoulder_2
f 2560/1 2559/2 2561/3 2562/4
g gold_shoulder_2
f 2562/1 2561/2 2563/3 2564/4
g gold_shoulder_2
f 2564/5 2563/6 2554/7 2553/8
g gold_shoulder_2
f 2554/5 2565/6 2566/7 2555/8
g gold_shoulder_2
f 2555/1 2566/2 2567/3 2557/4
g gold_shoulder_2
f 2557/1 2567/2 2568/3 2559/4
g gold_shoulder_2
f 2559/1 2568/2 2569/3 2561/4
g gold_shoulder_2
f 2561/1 2569/2 2570/3 2563/4
g gold_shoulder_2
f 2563/5 2570/6 2565/7 2554/8
g gold_shoulder_2
f 2565/5 2571/6 2572/7 2566/8
g gold_shoulder_2
f 2566/1 2572/2 2573/3 2567/4
g gold_shoulder_2
f 2567/1 2573/2 2574/3 2568/4
g gold_shoulder_2
f 2568/1 2574/2 2575/3 2569/4
g gold_shoulder_2
f 2569/1 2575/2 2576/3 2570/4
g gold_shoulder_2
f 2570/5 2576/6 2571/7 2565/8
g gold_shoulder_2
f 2571/5 2577/6 2578/7 2572/8
g gold_shoulder_2
f 2572/1 2578/2 2579/3 2573/4
g gold_shoulder_2
f 2573/1 2579/2 2580/3 2574/4
g gold_shoulder_2
f 2574/1 2580/2 2581/3 2575/4
g gold_shoulder_2
f 2575/1 2581/2 2582/3 2576/4
g gold_shoulder_2
f 2576/5 2582/6 2577/7 2571/8
g gold_shoulder_2
f 2577/5 2583/6 2584/7 2578/8
g gold_shoulder_2
f 2578/1 2584/2 2585/3 2579/4
g gold_shoulder_2
f 2579/1 2585/2 2586/3 2580/4
g gold_shoulder_2
f 2580/1 2586/2 2587/3 2581/4
g gold_shoulder_2
f 2581/1 2587/2 2588/3 2582/4
g gold_shoulder_2
f 2582/5 2588/6 2583/7 2577/8
g gold_shoulder_2
f 2583/5 2589/6 2590/7 2584/8
g gold_shoulder_2
f 2584/1 2590/2 2591/3 2585/4
g gold_shoulder_2
f 2585/1 2591/2 2592/3 2586/4
g gold_shoulder_2
f 2586/1 2592/2 2593/3 2587/4
g gold_shoulder_2
f 2587/1 2593/2 2594/3 2588/4
g gold_shoulder_2
f 2588/5 2594/6 2589/7 2583/8
g gold_shoulder_2
f 2589/5 2595/6 2596/7 2590/8
g gold_shoulder_2
f 2590/1 2596/2 2597/3 2591/4
g gold_shoulder_2
f 2591/1 2597/2 2598/3 2592/4
g gold_shoulder_2
f 2592/1 2598/2 2599/3 2593/4
g gold_shoulder_2
f 2593/1 2599/2 2600/3 2594/4
g gold_shoulder_2
f 2594/5 2600/6 2595/7 2589/8
g gold_shoulder_2
f 2595/5 2601/6 2602/7 2596/8
g gold_shoulder_2
f 2596/1 2602/2 2603/3 2597/4
g gold_shoulder_2
f 2597/1 2603/2 2604/3 2598/4
g gold_shoulder_2
f 2598/1 2604/2 2605/3 2599/4
g gold_shoulder_2
f 2599/1 2605/2 2606/3 2600/4
g gold_shoulder_2
f 2600/5 2606/6 2601/7 2595/8
g gold_shoulder_2
f 2601/5 2607/6 2608/7 2602/8
g gold_shoulder_2
f 2602/1 2608/2 2609/3 2603/4
g gold_shoulder_2
f 2603/1 2609/2 2610/3 2604/4
g gold_shoulder_2
f 2604/1 2610/2 2611/3 2605/4
g gold_shoulder_2
f 2605/1 2611/2 2612/3 2606/4
g gold_shoulder_2
f 2606/5 2612/6 2607/7 2601/8
g gold_shoulder_2
f 2607/5 2613/6 2614/7 2608/8
g gold_shoulder_2
f 2608/1 2614/2 2615/3 2609/4
g gold_shoulder_2
f 2609/1 2615/2 2616/3 2610/4
g gold_shoulder_2
f 2610/1 2616/2 2617/3 2611/4
g gold_shoulder_2
f 2611/1 2617/2 2618/3 2612/4
g gold_shoulder_2
f 2612/5 2618/6 2613/7 2607/8
g gold_shoulder_2
f 2553/1 2556/2 2558/3 2558/4
g gold_shoulder_2
f 2553/1 2558/2 2560/3 2560/4
g gold_shoulder_2
f 2553/1 2560/2 2562/3 2562/4
g gold_shoulder_2
f 2553/1 2562/2 2564/3 2564/4
g gold_shoulder_2
f 2613/1 2614/2 2615/3 2615/4
g gold_shoulder_2
f 2613/1 2615/2 2616/3 2616/4
g gold_shoulder_2
f 2613/1 2616/2 2617/3 2617/4
g gold_shoulder_2
f 2613/1 2617/2 2618/3 2618/4
